--------------------------------------------------------
--  파일이 생성됨 - 월요일-10월-30-2023   
--------------------------------------------------------
--------------------------------------------------------
--  DDL for Sequence CART_SEQ
--------------------------------------------------------

   CREATE SEQUENCE  "CART_SEQ"  MINVALUE 1 MAXVALUE 9999999 INCREMENT BY 1 START WITH 246 NOCACHE  ORDER  NOCYCLE ;
--------------------------------------------------------
--  DDL for Sequence CATEGORY_SEQ
--------------------------------------------------------

   CREATE SEQUENCE  "CATEGORY_SEQ"  MINVALUE 1 MAXVALUE 9999999 INCREMENT BY 1 START WITH 68 NOCACHE  ORDER  NOCYCLE ;
--------------------------------------------------------
--  DDL for Sequence COUPON_SEQ
--------------------------------------------------------

   CREATE SEQUENCE  "COUPON_SEQ"  MINVALUE 1 MAXVALUE 9999999 INCREMENT BY 1 START WITH 64 NOCACHE  ORDER  NOCYCLE ;
--------------------------------------------------------
--  DDL for Sequence CUSTOMER_COUPON_SEQ
--------------------------------------------------------

   CREATE SEQUENCE  "CUSTOMER_COUPON_SEQ"  MINVALUE 1 MAXVALUE 9999999 INCREMENT BY 1 START WITH 191 NOCACHE  ORDER  NOCYCLE ;
--------------------------------------------------------
--  DDL for Sequence CUSTOMER_SEQ
--------------------------------------------------------

   CREATE SEQUENCE  "CUSTOMER_SEQ"  MINVALUE 1 MAXVALUE 999999 INCREMENT BY 1 START WITH 43 NOCACHE  ORDER  NOCYCLE ;
--------------------------------------------------------
--  DDL for Sequence INQUIRY_SEQ
--------------------------------------------------------

   CREATE SEQUENCE  "INQUIRY_SEQ"  MINVALUE 1 MAXVALUE 9999999 INCREMENT BY 1 START WITH 156 NOCACHE  ORDER  NOCYCLE ;
--------------------------------------------------------
--  DDL for Sequence POINT_SEQ
--------------------------------------------------------

   CREATE SEQUENCE  "POINT_SEQ"  MINVALUE 1 MAXVALUE 9999999 INCREMENT BY 1 START WITH 1 NOCACHE  ORDER  NOCYCLE ;
--------------------------------------------------------
--  DDL for Sequence PRODUCT_GROUP_SEQ
--------------------------------------------------------

   CREATE SEQUENCE  "PRODUCT_GROUP_SEQ"  MINVALUE 1 MAXVALUE 9999999 INCREMENT BY 1 START WITH 93 NOCACHE  ORDER  NOCYCLE ;
--------------------------------------------------------
--  DDL for Sequence PRODUCT_SEQ
--------------------------------------------------------

   CREATE SEQUENCE  "PRODUCT_SEQ"  MINVALUE 1 MAXVALUE 9999999 INCREMENT BY 1 START WITH 541 NOCACHE  ORDER  NOCYCLE ;
--------------------------------------------------------
--  DDL for Sequence PURCHASE_SEQ
--------------------------------------------------------

   CREATE SEQUENCE  "PURCHASE_SEQ"  MINVALUE 1 MAXVALUE 9999999 INCREMENT BY 1 START WITH 222 NOCACHE  ORDER  NOCYCLE ;
--------------------------------------------------------
--  DDL for Sequence REVIEW_HEART_SEQ
--------------------------------------------------------

   CREATE SEQUENCE  "REVIEW_HEART_SEQ"  MINVALUE 1 MAXVALUE 9999999 INCREMENT BY 1 START WITH 8 NOCACHE  ORDER  NOCYCLE ;
--------------------------------------------------------
--  DDL for Sequence REVIEW_SEQ
--------------------------------------------------------

   CREATE SEQUENCE  "REVIEW_SEQ"  MINVALUE 1 MAXVALUE 9999999 INCREMENT BY 1 START WITH 104 NOCACHE  ORDER  NOCYCLE ;
--------------------------------------------------------
--  DDL for Sequence SHIPPING_SEQ
--------------------------------------------------------

   CREATE SEQUENCE  "SHIPPING_SEQ"  MINVALUE 1 MAXVALUE 9999999 INCREMENT BY 1 START WITH 101 NOCACHE  ORDER  NOCYCLE ;
--------------------------------------------------------
--  DDL for Sequence SPECIAL_PRODUCT_SEQ
--------------------------------------------------------

   CREATE SEQUENCE  "SPECIAL_PRODUCT_SEQ"  MINVALUE 1 MAXVALUE 9999999 INCREMENT BY 1 START WITH 18 NOCACHE  ORDER  NOCYCLE ;
--------------------------------------------------------
--  DDL for Table CART
--------------------------------------------------------

  CREATE TABLE "CART" 
   (	"CART_ID" NUMBER(10,0), 
	"PRODUCT_ID" NUMBER(10,0), 
	"CUSTOMER_ID" NUMBER(8,0), 
	"CART_COUNT" NUMBER(7,0), 
	"PURCHASE_NUM" VARCHAR2(50 BYTE), 
	"STATUS" CHAR(1 BYTE) DEFAULT 'Y', 
	"CREATE_DT" TIMESTAMP (6) DEFAULT systimestamp, 
	"CREATOR" VARCHAR2(50 BYTE) DEFAULT 'admin', 
	"MODIFY_DT" TIMESTAMP (6), 
	"MODIFIER" VARCHAR2(50 BYTE), 
	"CHECKED" VARCHAR2(10 BYTE) DEFAULT 'true'
   ) ;
--------------------------------------------------------
--  DDL for Table CATEGORY
--------------------------------------------------------

  CREATE TABLE "CATEGORY" 
   (	"CATEGORY_ID" NUMBER(5,0), 
	"CATEGORY_NM" VARCHAR2(50 BYTE), 
	"CATEGORY_CONTENT" VARCHAR2(100 BYTE), 
	"CATEGORY_PR_ID" NUMBER(5,0), 
	"STATUS" CHAR(1 BYTE) DEFAULT 'Y', 
	"CREATE_DT" TIMESTAMP (6) DEFAULT systimestamp, 
	"CREATOR" VARCHAR2(50 BYTE) DEFAULT 'admin', 
	"MODIFY_DT" TIMESTAMP (6), 
	"MODIFIER" VARCHAR2(50 BYTE), 
	"CATEGORY_IMAGE" VARCHAR2(200 BYTE) DEFAULT 'categoryImage'
   ) ;
--------------------------------------------------------
--  DDL for Table COMMON_CODE
--------------------------------------------------------

  CREATE TABLE "COMMON_CODE" 
   (	"COMMON_CODE_ID" NUMBER(10,0), 
	"COMMON_CODE_NM" VARCHAR2(50 BYTE), 
	"COMMON_CODE_PR" NUMBER(10,0), 
	"SORT_ORDER" NUMBER(10,0), 
	"STATUS" CHAR(1 BYTE) DEFAULT 'Y', 
	"CREATE_DT" TIMESTAMP (6) DEFAULT systimestamp, 
	"CREATOR" VARCHAR2(50 BYTE) DEFAULT 'admin', 
	"MODIFY_DT" TIMESTAMP (6), 
	"MODIFIER" VARCHAR2(50 BYTE)
   ) ;
--------------------------------------------------------
--  DDL for Table COUPON
--------------------------------------------------------

  CREATE TABLE "COUPON" 
   (	"COUPON_ID" NUMBER(5,0), 
	"CATEGORY_ID" NUMBER(5,0), 
	"COUPON_SN" VARCHAR2(50 BYTE), 
	"COUPON_NM" VARCHAR2(100 BYTE), 
	"COUPON_DSCNT_RATE" NUMBER(4,2), 
	"COUPON_PBL_DT" DATE, 
	"COUPON_EPR_DT" DATE, 
	"STATUS" CHAR(1 BYTE) DEFAULT 'Y', 
	"CREATE_DT" TIMESTAMP (6) DEFAULT systimestamp, 
	"CREATOR" VARCHAR2(50 BYTE) DEFAULT 'admin', 
	"MODIFY_DT" TIMESTAMP (6), 
	"MODIFIER" VARCHAR2(50 BYTE), 
	"COUPON_DV" NUMBER(10,0) DEFAULT 601
   ) ;
--------------------------------------------------------
--  DDL for Table CUSTOMER
--------------------------------------------------------

  CREATE TABLE "CUSTOMER" 
   (	"CUSTOMER_ID" NUMBER(8,0), 
	"CUSTOMER_EMAIL" VARCHAR2(100 BYTE), 
	"CUSTOMER_PW" VARCHAR2(500 BYTE), 
	"CUSTOMER_NM" VARCHAR2(50 BYTE), 
	"CUSTOMER_TELNO" VARCHAR2(50 BYTE), 
	"CUSTOMER_DV" NUMBER(10,0), 
	"STATUS" CHAR(1 BYTE) DEFAULT 'Y', 
	"CREATE_DT" TIMESTAMP (6) DEFAULT systimestamp, 
	"CREATOR" VARCHAR2(50 BYTE) DEFAULT 'admin', 
	"MODIFY_DT" TIMESTAMP (6), 
	"MODIFIER" VARCHAR2(50 BYTE), 
	"LOGIN_METHOD" VARCHAR2(25 BYTE) DEFAULT 'inside'
   ) ;
--------------------------------------------------------
--  DDL for Table CUSTOMER_COUPON
--------------------------------------------------------

  CREATE TABLE "CUSTOMER_COUPON" 
   (	"CUSTOMER_COUPON_ID" NUMBER(10,0), 
	"CUSTOMER_ID" NUMBER(8,0), 
	"COUPON_ID" NUMBER(5,0), 
	"COUPON_USE_DV" NUMBER(10,0), 
	"COUPON_USE_DT" DATE, 
	"STATUS" CHAR(1 BYTE) DEFAULT 'Y', 
	"CREATE_DT" TIMESTAMP (6) DEFAULT systimestamp, 
	"CREATOR" VARCHAR2(50 BYTE) DEFAULT 'admin', 
	"MODIFY_DT" TIMESTAMP (6), 
	"MODIFIER" VARCHAR2(50 BYTE)
   ) ;
--------------------------------------------------------
--  DDL for Table INQUIRY
--------------------------------------------------------

  CREATE TABLE "INQUIRY" 
   (	"INQUIRY_ID" NUMBER(10,0), 
	"PRODUCT_ID" NUMBER(10,0), 
	"CUSTOMER_ID" NUMBER(8,0), 
	"INQUIRY_PR_ID" NUMBER(10,0), 
	"INQUIRY_CONTENT" VARCHAR2(300 BYTE), 
	"INQUIRY_ANS_DV" CHAR(1 BYTE) DEFAULT 'W', 
	"STATUS" CHAR(1 BYTE) DEFAULT 'Y', 
	"CREATE_DT" TIMESTAMP (6) DEFAULT systimestamp, 
	"CREATOR" VARCHAR2(50 BYTE) DEFAULT 'admin', 
	"MODIFY_DT" TIMESTAMP (6), 
	"MODIFIER" VARCHAR2(50 BYTE)
   ) ;
--------------------------------------------------------
--  DDL for Table POINT
--------------------------------------------------------

  CREATE TABLE "POINT" 
   (	"POINT_ID" NUMBER(10,0), 
	"CUSTOMER_ID" NUMBER(8,0), 
	"POINT_BEFORE" NUMBER(9,0) DEFAULT 0, 
	"POINT_AFTER" NUMBER(9,0), 
	"POINT_UPDATED_CONTENT" VARCHAR2(100 BYTE), 
	"POINT_USE_DV" NUMBER(10,0), 
	"STATUS" CHAR(1 BYTE) DEFAULT 'Y', 
	"CREATE_DT" TIMESTAMP (6) DEFAULT systimestamp, 
	"CREATOR" VARCHAR2(50 BYTE) DEFAULT 'admin', 
	"MODIFY_DT" TIMESTAMP (6), 
	"MODIFIER" VARCHAR2(50 BYTE)
   ) ;
--------------------------------------------------------
--  DDL for Table PRODUCT
--------------------------------------------------------

  CREATE TABLE "PRODUCT" 
   (	"PRODUCT_ID" NUMBER(10,0), 
	"CATEGORY_ID" NUMBER(5,0), 
	"PRODUCT_NM" VARCHAR2(100 BYTE), 
	"PRODUCT_CONTENT" VARCHAR2(300 BYTE), 
	"PRODUCT_PRICE" NUMBER(9,0), 
	"PRODUCT_STOCK" NUMBER(7,0), 
	"PRODUCT_OPTION_FIRST" VARCHAR2(30 BYTE) DEFAULT '-', 
	"PRODUCT_OPTION_SECOND" VARCHAR2(30 BYTE) DEFAULT '-', 
	"PRODUCT_OPTION_THIRD" VARCHAR2(30 BYTE) DEFAULT '-', 
	"PRODUCT_IMAGE_FIRST" VARCHAR2(400 BYTE), 
	"PRODUCT_IMAGE_SECOND" VARCHAR2(400 BYTE), 
	"PRODUCT_IMAGE_THIRD" VARCHAR2(400 BYTE), 
	"STATUS" CHAR(1 BYTE) DEFAULT 'Y', 
	"CREATE_DT" TIMESTAMP (6) DEFAULT systimestamp, 
	"CREATOR" VARCHAR2(50 BYTE) DEFAULT 'admin', 
	"MODIFY_DT" TIMESTAMP (6), 
	"MODIFIER" VARCHAR2(50 BYTE), 
	"PRODUCT_CODE" VARCHAR2(50 BYTE), 
	"PRODUCT_GROUP_ID" NUMBER(10,0) DEFAULT 0, 
	"PRODUCT_MAX_GET" NUMBER(4,0) DEFAULT 10, 
	"DISCOUNT_RATE" NUMBER(3,0) DEFAULT 0
   ) ;
--------------------------------------------------------
--  DDL for Table PURCHASE
--------------------------------------------------------

  CREATE TABLE "PURCHASE" 
   (	"PURCHASE_ID" NUMBER(10,0), 
	"PRODUCT_ID" NUMBER(10,0), 
	"CUSTOMER_ID" NUMBER(8,0), 
	"SHIPPING_ID" NUMBER(10,0), 
	"PURCHASE_NUM" VARCHAR2(50 BYTE), 
	"PURCHASE_COUNT" NUMBER(7,0), 
	"PURCHASE_PRICE" NUMBER(9,0), 
	"TOTAL_COST" NUMBER(9,0), 
	"ORDER_REQUEST" VARCHAR2(100 BYTE) DEFAULT '문 앞', 
	"PURCHASE_DV" NUMBER(10,0), 
	"STATUS" CHAR(1 BYTE) DEFAULT 'Y', 
	"CREATE_DT" TIMESTAMP (6) DEFAULT systimestamp, 
	"MODIFY_DT" TIMESTAMP (6), 
	"MODIFIER" VARCHAR2(50 BYTE), 
	"CREATOR" VARCHAR2(50 BYTE) DEFAULT 0
   ) ;
--------------------------------------------------------
--  DDL for Table REVIEW
--------------------------------------------------------

  CREATE TABLE "REVIEW" 
   (	"REVIEW_ID" NUMBER(10,0), 
	"PRODUCT_ID" NUMBER(10,0), 
	"CUSTOMER_ID" NUMBER(8,0), 
	"REVIEW_CONTENT" VARCHAR2(300 BYTE), 
	"REVIEW_STAR_POINT" NUMBER(3,0) DEFAULT 0, 
	"REVIEW_IMAGE_FIRST" VARCHAR2(200 BYTE), 
	"REVIEW_IMAGE_SECOND" VARCHAR2(200 BYTE), 
	"REVIEW_IMAGE_THIRD" VARCHAR2(200 BYTE), 
	"STATUS" CHAR(1 BYTE) DEFAULT 'Y', 
	"CREATE_DT" TIMESTAMP (6) DEFAULT systimestamp, 
	"CREATOR" VARCHAR2(50 BYTE) DEFAULT 'admin', 
	"MODIFY_DT" TIMESTAMP (6), 
	"MODIFIER" VARCHAR2(50 BYTE), 
	"REVIEW_TITLE" VARCHAR2(100 BYTE), 
	"PURCHASE_ID" NUMBER(10,0) DEFAULT 0
   ) ;
--------------------------------------------------------
--  DDL for Table REVIEW_HEART
--------------------------------------------------------

  CREATE TABLE "REVIEW_HEART" 
   (	"REVIEW_ID" NUMBER(10,0), 
	"HEART_CLICK_CUSTOMER_ID" NUMBER(8,0), 
	"CREATE_DT" TIMESTAMP (6) DEFAULT sysdate, 
	"CREATOR" NUMBER(8,0) DEFAULT 0, 
	"MODIFY_DT" TIMESTAMP (6), 
	"MODIFIER" NUMBER(8,0)
   ) ;
--------------------------------------------------------
--  DDL for Table SHIPPING
--------------------------------------------------------

  CREATE TABLE "SHIPPING" 
   (	"SHIPPING_ID" NUMBER(10,0), 
	"CUSTOMER_ID" NUMBER(8,0), 
	"SHIPPING_RECEIVER_NM" VARCHAR2(50 BYTE), 
	"SHIPPING_RECEIVER_TELNO" VARCHAR2(50 BYTE), 
	"SHIPPING_DMND" VARCHAR2(100 BYTE), 
	"SHIPPING_ROAD_NM_ADDR" VARCHAR2(100 BYTE), 
	"SHIPPING_DADDR" VARCHAR2(100 BYTE), 
	"SHIPPING_DV" NUMBER(10,0), 
	"STATUS" CHAR(1 BYTE) DEFAULT 'Y', 
	"CREATE_DT" TIMESTAMP (6) DEFAULT systimestamp, 
	"CREATOR" VARCHAR2(50 BYTE) DEFAULT 'admin', 
	"MODIFY_DT" TIMESTAMP (6), 
	"MODIFIER" VARCHAR2(50 BYTE)
   ) ;
--------------------------------------------------------
--  DDL for Table SPECIAL_PRODUCT
--------------------------------------------------------

  CREATE TABLE "SPECIAL_PRODUCT" 
   (	"SPECIAL_PRODUCT_ID" NUMBER(20,0), 
	"STATUS" CHAR(1 BYTE) DEFAULT 'Y', 
	"CREATE_DT" TIMESTAMP (6) DEFAULT systimestamp, 
	"CREATOR" VARCHAR2(50 BYTE) DEFAULT 'admin', 
	"MODIFY_DT" TIMESTAMP (6), 
	"MODIFIER" VARCHAR2(50 BYTE), 
	"PRODUCT_ID" NUMBER(10,0)
   ) ;
--------------------------------------------------------
--  DDL for Table 부서
--------------------------------------------------------

  CREATE TABLE "부서" 
   (	"부서코드" NUMBER, 
	"부서명" VARCHAR2(10 BYTE)
   ) ;
--------------------------------------------------------
--  DDL for Table 직원
--------------------------------------------------------

  CREATE TABLE "직원" 
   (	"부서코드" NUMBER, 
	"직원코드" NUMBER, 
	"직원명" VARCHAR2(20 BYTE)
   ) ;
--------------------------------------------------------
--  DDL for View EMP_DETAILS_VIEW
--------------------------------------------------------

  CREATE OR REPLACE FORCE VIEW "EMP_DETAILS_VIEW" ("EMPLOYEE_ID", "JOB_ID", "MANAGER_ID", "DEPARTMENT_ID", "LOCATION_ID", "COUNTRY_ID", "FIRST_NAME", "LAST_NAME", "SALARY", "COMMISSION_PCT", "DEPARTMENT_NAME", "JOB_TITLE", "CITY", "STATE_PROVINCE", "COUNTRY_NAME", "REGION_NAME") AS 
  SELECT
  e.employee_id,
  e.job_id,
  e.manager_id,
  e.department_id,
  d.location_id,
  l.country_id,
  e.first_name,
  e.last_name,
  e.salary,
  e.commission_pct,
  d.department_name,
  j.job_title,
  l.city,
  l.state_province,
  c.country_name,
  r.region_name
FROM
  employees e,
  departments d,
  jobs j,
  locations l,
  countries c,
  regions r
WHERE e.department_id = d.department_id
  AND d.location_id = l.location_id
  AND l.country_id = c.country_id
  AND c.region_id = r.region_id
  AND j.job_id = e.job_id
WITH READ ONLY
;
REM INSERTING into CART
SET DEFINE OFF;
Insert into CART (CART_ID,PRODUCT_ID,CUSTOMER_ID,CART_COUNT,PURCHASE_NUM,STATUS,CREATE_DT,CREATOR,MODIFY_DT,MODIFIER,CHECKED) values (25,369,16,4,null,'N',to_timestamp('23/09/19 15:05:40.000000000','RR/MM/DD HH24:MI:SSXFF'),'16',to_timestamp('23/09/21 14:48:30.603000000','RR/MM/DD HH24:MI:SSXFF'),'16','true');
Insert into CART (CART_ID,PRODUCT_ID,CUSTOMER_ID,CART_COUNT,PURCHASE_NUM,STATUS,CREATE_DT,CREATOR,MODIFY_DT,MODIFIER,CHECKED) values (23,25,16,1,null,'N',to_timestamp('23/09/15 19:05:43.000000000','RR/MM/DD HH24:MI:SSXFF'),'16',to_timestamp('23/10/30 10:21:48.793000000','RR/MM/DD HH24:MI:SSXFF'),'16','true');
Insert into CART (CART_ID,PRODUCT_ID,CUSTOMER_ID,CART_COUNT,PURCHASE_NUM,STATUS,CREATE_DT,CREATOR,MODIFY_DT,MODIFIER,CHECKED) values (37,369,16,4,null,'N',to_timestamp('23/09/19 18:07:32.000000000','RR/MM/DD HH24:MI:SSXFF'),'16',to_timestamp('23/09/27 11:32:22.000000000','RR/MM/DD HH24:MI:SSXFF'),'16','true');
Insert into CART (CART_ID,PRODUCT_ID,CUSTOMER_ID,CART_COUNT,PURCHASE_NUM,STATUS,CREATE_DT,CREATOR,MODIFY_DT,MODIFIER,CHECKED) values (46,367,16,1,null,'N',to_timestamp('23/09/19 20:42:26.000000000','RR/MM/DD HH24:MI:SSXFF'),'16',to_timestamp('23/09/19 20:43:45.000000000','RR/MM/DD HH24:MI:SSXFF'),'16','true');
Insert into CART (CART_ID,PRODUCT_ID,CUSTOMER_ID,CART_COUNT,PURCHASE_NUM,STATUS,CREATE_DT,CREATOR,MODIFY_DT,MODIFIER,CHECKED) values (47,4,16,1,null,'N',to_timestamp('23/09/20 09:10:31.000000000','RR/MM/DD HH24:MI:SSXFF'),'16',to_timestamp('23/09/20 18:12:36.000000000','RR/MM/DD HH24:MI:SSXFF'),'16','true');
Insert into CART (CART_ID,PRODUCT_ID,CUSTOMER_ID,CART_COUNT,PURCHASE_NUM,STATUS,CREATE_DT,CREATOR,MODIFY_DT,MODIFIER,CHECKED) values (48,23,16,1,null,'N',to_timestamp('23/09/21 10:46:30.000000000','RR/MM/DD HH24:MI:SSXFF'),'16',to_timestamp('23/09/21 10:50:20.000000000','RR/MM/DD HH24:MI:SSXFF'),'16','true');
Insert into CART (CART_ID,PRODUCT_ID,CUSTOMER_ID,CART_COUNT,PURCHASE_NUM,STATUS,CREATE_DT,CREATOR,MODIFY_DT,MODIFIER,CHECKED) values (74,140,16,1,null,'N',to_timestamp('23/10/04 09:41:41.000000000','RR/MM/DD HH24:MI:SSXFF'),'16',to_timestamp('23/10/04 09:59:14.000000000','RR/MM/DD HH24:MI:SSXFF'),'16','true');
Insert into CART (CART_ID,PRODUCT_ID,CUSTOMER_ID,CART_COUNT,PURCHASE_NUM,STATUS,CREATE_DT,CREATOR,MODIFY_DT,MODIFIER,CHECKED) values (65,212,16,1,null,'N',to_timestamp('23/09/27 15:16:09.000000000','RR/MM/DD HH24:MI:SSXFF'),'16',to_timestamp('23/10/04 15:47:42.751000000','RR/MM/DD HH24:MI:SSXFF'),'16','true');
Insert into CART (CART_ID,PRODUCT_ID,CUSTOMER_ID,CART_COUNT,PURCHASE_NUM,STATUS,CREATE_DT,CREATOR,MODIFY_DT,MODIFIER,CHECKED) values (67,409,16,1,null,'N',to_timestamp('23/09/27 15:24:03.000000000','RR/MM/DD HH24:MI:SSXFF'),'16',to_timestamp('23/09/27 15:25:18.000000000','RR/MM/DD HH24:MI:SSXFF'),'16','true');
Insert into CART (CART_ID,PRODUCT_ID,CUSTOMER_ID,CART_COUNT,PURCHASE_NUM,STATUS,CREATE_DT,CREATOR,MODIFY_DT,MODIFIER,CHECKED) values (70,11,29,1,null,'N',to_timestamp('23/09/27 15:57:17.000000000','RR/MM/DD HH24:MI:SSXFF'),'29',to_timestamp('23/10/11 11:32:13.700000000','RR/MM/DD HH24:MI:SSXFF'),'29','true');
Insert into CART (CART_ID,PRODUCT_ID,CUSTOMER_ID,CART_COUNT,PURCHASE_NUM,STATUS,CREATE_DT,CREATOR,MODIFY_DT,MODIFIER,CHECKED) values (80,135,16,1,null,'N',to_timestamp('23/10/04 15:55:35.000000000','RR/MM/DD HH24:MI:SSXFF'),'16',to_timestamp('23/10/04 15:59:28.000000000','RR/MM/DD HH24:MI:SSXFF'),'16','true');
Insert into CART (CART_ID,PRODUCT_ID,CUSTOMER_ID,CART_COUNT,PURCHASE_NUM,STATUS,CREATE_DT,CREATOR,MODIFY_DT,MODIFIER,CHECKED) values (105,457,27,1,null,'N',to_timestamp('23/10/10 10:02:58.000000000','RR/MM/DD HH24:MI:SSXFF'),'27',to_timestamp('23/10/10 11:15:45.927000000','RR/MM/DD HH24:MI:SSXFF'),'27','true');
Insert into CART (CART_ID,PRODUCT_ID,CUSTOMER_ID,CART_COUNT,PURCHASE_NUM,STATUS,CREATE_DT,CREATOR,MODIFY_DT,MODIFIER,CHECKED) values (115,9,17,2,null,'N',to_timestamp('23/10/11 11:08:33.000000000','RR/MM/DD HH24:MI:SSXFF'),'17',to_timestamp('23/10/11 11:08:54.210000000','RR/MM/DD HH24:MI:SSXFF'),'17','true');
Insert into CART (CART_ID,PRODUCT_ID,CUSTOMER_ID,CART_COUNT,PURCHASE_NUM,STATUS,CREATE_DT,CREATOR,MODIFY_DT,MODIFIER,CHECKED) values (116,474,17,6,null,'N',to_timestamp('23/10/11 11:12:56.000000000','RR/MM/DD HH24:MI:SSXFF'),'17',to_timestamp('23/10/11 11:13:17.296000000','RR/MM/DD HH24:MI:SSXFF'),'17','true');
Insert into CART (CART_ID,PRODUCT_ID,CUSTOMER_ID,CART_COUNT,PURCHASE_NUM,STATUS,CREATE_DT,CREATOR,MODIFY_DT,MODIFIER,CHECKED) values (119,471,17,3,null,'N',to_timestamp('23/10/11 11:14:57.000000000','RR/MM/DD HH24:MI:SSXFF'),'17',to_timestamp('23/10/11 11:15:18.617000000','RR/MM/DD HH24:MI:SSXFF'),'17','true');
Insert into CART (CART_ID,PRODUCT_ID,CUSTOMER_ID,CART_COUNT,PURCHASE_NUM,STATUS,CREATE_DT,CREATOR,MODIFY_DT,MODIFIER,CHECKED) values (120,17,17,1,null,'N',to_timestamp('23/10/11 11:15:25.000000000','RR/MM/DD HH24:MI:SSXFF'),'17',to_timestamp('23/10/13 00:28:11.576000000','RR/MM/DD HH24:MI:SSXFF'),'17','true');
Insert into CART (CART_ID,PRODUCT_ID,CUSTOMER_ID,CART_COUNT,PURCHASE_NUM,STATUS,CREATE_DT,CREATOR,MODIFY_DT,MODIFIER,CHECKED) values (123,28,17,3,null,'N',to_timestamp('23/10/11 11:37:20.000000000','RR/MM/DD HH24:MI:SSXFF'),'17',to_timestamp('23/10/11 11:37:45.111000000','RR/MM/DD HH24:MI:SSXFF'),'17','true');
Insert into CART (CART_ID,PRODUCT_ID,CUSTOMER_ID,CART_COUNT,PURCHASE_NUM,STATUS,CREATE_DT,CREATOR,MODIFY_DT,MODIFIER,CHECKED) values (128,475,29,1,null,'N',to_timestamp('23/10/11 12:17:35.000000000','RR/MM/DD HH24:MI:SSXFF'),'29',to_timestamp('23/10/11 12:18:02.697000000','RR/MM/DD HH24:MI:SSXFF'),'29','true');
Insert into CART (CART_ID,PRODUCT_ID,CUSTOMER_ID,CART_COUNT,PURCHASE_NUM,STATUS,CREATE_DT,CREATOR,MODIFY_DT,MODIFIER,CHECKED) values (129,458,17,1,null,'N',to_timestamp('23/10/11 13:44:55.000000000','RR/MM/DD HH24:MI:SSXFF'),'17',to_timestamp('23/10/25 16:03:03.000000000','RR/MM/DD HH24:MI:SSXFF'),'17','true');
Insert into CART (CART_ID,PRODUCT_ID,CUSTOMER_ID,CART_COUNT,PURCHASE_NUM,STATUS,CREATE_DT,CREATOR,MODIFY_DT,MODIFIER,CHECKED) values (135,372,27,1,null,'N',to_timestamp('23/10/12 14:16:28.000000000','RR/MM/DD HH24:MI:SSXFF'),'27',to_timestamp('23/10/13 09:32:38.236000000','RR/MM/DD HH24:MI:SSXFF'),'27','true');
Insert into CART (CART_ID,PRODUCT_ID,CUSTOMER_ID,CART_COUNT,PURCHASE_NUM,STATUS,CREATE_DT,CREATOR,MODIFY_DT,MODIFIER,CHECKED) values (144,18,29,1,null,'Y',to_timestamp('23/10/13 10:54:47.000000000','RR/MM/DD HH24:MI:SSXFF'),'29',null,null,'true');
Insert into CART (CART_ID,PRODUCT_ID,CUSTOMER_ID,CART_COUNT,PURCHASE_NUM,STATUS,CREATE_DT,CREATOR,MODIFY_DT,MODIFIER,CHECKED) values (148,488,17,1,null,'N',to_timestamp('23/10/13 13:51:22.000000000','RR/MM/DD HH24:MI:SSXFF'),'17',to_timestamp('23/10/13 13:53:30.684000000','RR/MM/DD HH24:MI:SSXFF'),'17','true');
Insert into CART (CART_ID,PRODUCT_ID,CUSTOMER_ID,CART_COUNT,PURCHASE_NUM,STATUS,CREATE_DT,CREATOR,MODIFY_DT,MODIFIER,CHECKED) values (153,455,0,2,null,'N',to_timestamp('23/10/15 20:46:51.000000000','RR/MM/DD HH24:MI:SSXFF'),'0',to_timestamp('23/10/30 10:35:36.000000000','RR/MM/DD HH24:MI:SSXFF'),'0','true');
Insert into CART (CART_ID,PRODUCT_ID,CUSTOMER_ID,CART_COUNT,PURCHASE_NUM,STATUS,CREATE_DT,CREATOR,MODIFY_DT,MODIFIER,CHECKED) values (210,508,0,1,null,'N',to_timestamp('23/10/20 09:27:41.000000000','RR/MM/DD HH24:MI:SSXFF'),'0',to_timestamp('23/10/30 10:35:36.000000000','RR/MM/DD HH24:MI:SSXFF'),'0','true');
Insert into CART (CART_ID,PRODUCT_ID,CUSTOMER_ID,CART_COUNT,PURCHASE_NUM,STATUS,CREATE_DT,CREATOR,MODIFY_DT,MODIFIER,CHECKED) values (212,18,28,2,null,'N',to_timestamp('23/10/20 11:25:26.000000000','RR/MM/DD HH24:MI:SSXFF'),'28',to_timestamp('23/10/20 15:32:28.135000000','RR/MM/DD HH24:MI:SSXFF'),'28','true');
Insert into CART (CART_ID,PRODUCT_ID,CUSTOMER_ID,CART_COUNT,PURCHASE_NUM,STATUS,CREATE_DT,CREATOR,MODIFY_DT,MODIFIER,CHECKED) values (221,411,16,1,null,'N',to_timestamp('23/10/24 14:56:51.000000000','RR/MM/DD HH24:MI:SSXFF'),'16',to_timestamp('23/10/24 14:59:14.000000000','RR/MM/DD HH24:MI:SSXFF'),'16','true');
Insert into CART (CART_ID,PRODUCT_ID,CUSTOMER_ID,CART_COUNT,PURCHASE_NUM,STATUS,CREATE_DT,CREATOR,MODIFY_DT,MODIFIER,CHECKED) values (223,25,16,1,null,'N',to_timestamp('23/10/24 14:59:26.000000000','RR/MM/DD HH24:MI:SSXFF'),'16',to_timestamp('23/10/30 10:21:48.793000000','RR/MM/DD HH24:MI:SSXFF'),'16','true');
Insert into CART (CART_ID,PRODUCT_ID,CUSTOMER_ID,CART_COUNT,PURCHASE_NUM,STATUS,CREATE_DT,CREATOR,MODIFY_DT,MODIFIER,CHECKED) values (226,509,17,1,null,'N',to_timestamp('23/10/25 16:03:25.000000000','RR/MM/DD HH24:MI:SSXFF'),'17',to_timestamp('23/10/25 16:04:22.535000000','RR/MM/DD HH24:MI:SSXFF'),'17','true');
Insert into CART (CART_ID,PRODUCT_ID,CUSTOMER_ID,CART_COUNT,PURCHASE_NUM,STATUS,CREATE_DT,CREATOR,MODIFY_DT,MODIFIER,CHECKED) values (227,21,17,1,null,'N',to_timestamp('23/10/25 16:03:43.000000000','RR/MM/DD HH24:MI:SSXFF'),'17',to_timestamp('23/10/25 16:04:22.535000000','RR/MM/DD HH24:MI:SSXFF'),'17','true');
Insert into CART (CART_ID,PRODUCT_ID,CUSTOMER_ID,CART_COUNT,PURCHASE_NUM,STATUS,CREATE_DT,CREATOR,MODIFY_DT,MODIFIER,CHECKED) values (241,13,18,1,null,'Y',to_timestamp('23/10/28 18:01:37.000000000','RR/MM/DD HH24:MI:SSXFF'),'18',null,null,'true');
Insert into CART (CART_ID,PRODUCT_ID,CUSTOMER_ID,CART_COUNT,PURCHASE_NUM,STATUS,CREATE_DT,CREATOR,MODIFY_DT,MODIFIER,CHECKED) values (24,7,17,1,null,'N',to_timestamp('23/09/18 11:13:44.000000000','RR/MM/DD HH24:MI:SSXFF'),'17',to_timestamp('23/10/06 17:16:55.000000000','RR/MM/DD HH24:MI:SSXFF'),'17','true');
Insert into CART (CART_ID,PRODUCT_ID,CUSTOMER_ID,CART_COUNT,PURCHASE_NUM,STATUS,CREATE_DT,CREATOR,MODIFY_DT,MODIFIER,CHECKED) values (17,10,17,4,null,'N',to_timestamp('23/09/14 21:52:55.000000000','RR/MM/DD HH24:MI:SSXFF'),'17',to_timestamp('23/10/06 17:16:55.000000000','RR/MM/DD HH24:MI:SSXFF'),'17','true');
Insert into CART (CART_ID,PRODUCT_ID,CUSTOMER_ID,CART_COUNT,PURCHASE_NUM,STATUS,CREATE_DT,CREATOR,MODIFY_DT,MODIFIER,CHECKED) values (18,20,16,1,null,'N',to_timestamp('23/09/15 14:29:24.000000000','RR/MM/DD HH24:MI:SSXFF'),'16',to_timestamp('23/09/15 19:06:52.000000000','RR/MM/DD HH24:MI:SSXFF'),'16','true');
Insert into CART (CART_ID,PRODUCT_ID,CUSTOMER_ID,CART_COUNT,PURCHASE_NUM,STATUS,CREATE_DT,CREATOR,MODIFY_DT,MODIFIER,CHECKED) values (22,20,16,4,null,'N',to_timestamp('23/09/15 15:16:56.000000000','RR/MM/DD HH24:MI:SSXFF'),'16',to_timestamp('23/09/15 19:07:00.000000000','RR/MM/DD HH24:MI:SSXFF'),'16','true');
Insert into CART (CART_ID,PRODUCT_ID,CUSTOMER_ID,CART_COUNT,PURCHASE_NUM,STATUS,CREATE_DT,CREATOR,MODIFY_DT,MODIFIER,CHECKED) values (26,369,16,4,null,'N',to_timestamp('23/09/19 15:14:49.000000000','RR/MM/DD HH24:MI:SSXFF'),'16',to_timestamp('23/09/21 14:48:30.603000000','RR/MM/DD HH24:MI:SSXFF'),'16','true');
Insert into CART (CART_ID,PRODUCT_ID,CUSTOMER_ID,CART_COUNT,PURCHASE_NUM,STATUS,CREATE_DT,CREATOR,MODIFY_DT,MODIFIER,CHECKED) values (29,137,16,1,null,'N',to_timestamp('23/09/19 16:54:55.000000000','RR/MM/DD HH24:MI:SSXFF'),'16',to_timestamp('23/09/19 19:25:42.211000000','RR/MM/DD HH24:MI:SSXFF'),'16','true');
Insert into CART (CART_ID,PRODUCT_ID,CUSTOMER_ID,CART_COUNT,PURCHASE_NUM,STATUS,CREATE_DT,CREATOR,MODIFY_DT,MODIFIER,CHECKED) values (35,369,16,4,null,'N',to_timestamp('23/09/19 17:06:30.000000000','RR/MM/DD HH24:MI:SSXFF'),'16',to_timestamp('23/09/21 14:48:30.603000000','RR/MM/DD HH24:MI:SSXFF'),'16','true');
Insert into CART (CART_ID,PRODUCT_ID,CUSTOMER_ID,CART_COUNT,PURCHASE_NUM,STATUS,CREATE_DT,CREATOR,MODIFY_DT,MODIFIER,CHECKED) values (36,35,16,1,null,'N',to_timestamp('23/09/19 17:13:41.000000000','RR/MM/DD HH24:MI:SSXFF'),'16',to_timestamp('23/09/21 10:51:00.000000000','RR/MM/DD HH24:MI:SSXFF'),'16','true');
Insert into CART (CART_ID,PRODUCT_ID,CUSTOMER_ID,CART_COUNT,PURCHASE_NUM,STATUS,CREATE_DT,CREATOR,MODIFY_DT,MODIFIER,CHECKED) values (51,41,16,1,null,'N',to_timestamp('23/09/21 11:11:31.000000000','RR/MM/DD HH24:MI:SSXFF'),'16',to_timestamp('23/09/21 14:34:47.307000000','RR/MM/DD HH24:MI:SSXFF'),'16','true');
Insert into CART (CART_ID,PRODUCT_ID,CUSTOMER_ID,CART_COUNT,PURCHASE_NUM,STATUS,CREATE_DT,CREATOR,MODIFY_DT,MODIFIER,CHECKED) values (54,18,16,1,null,'N',to_timestamp('23/09/21 14:44:03.000000000','RR/MM/DD HH24:MI:SSXFF'),'16',to_timestamp('23/09/21 14:44:16.000000000','RR/MM/DD HH24:MI:SSXFF'),'16','true');
Insert into CART (CART_ID,PRODUCT_ID,CUSTOMER_ID,CART_COUNT,PURCHASE_NUM,STATUS,CREATE_DT,CREATOR,MODIFY_DT,MODIFIER,CHECKED) values (56,32,16,1,null,'N',to_timestamp('23/09/22 17:00:09.000000000','RR/MM/DD HH24:MI:SSXFF'),'16',to_timestamp('23/09/27 11:32:22.000000000','RR/MM/DD HH24:MI:SSXFF'),'16','true');
Insert into CART (CART_ID,PRODUCT_ID,CUSTOMER_ID,CART_COUNT,PURCHASE_NUM,STATUS,CREATE_DT,CREATOR,MODIFY_DT,MODIFIER,CHECKED) values (57,41,23,6,null,'Y',to_timestamp('23/09/26 16:10:35.000000000','RR/MM/DD HH24:MI:SSXFF'),'23',to_timestamp('23/09/26 16:12:08.511000000','RR/MM/DD HH24:MI:SSXFF'),'23','true');
Insert into CART (CART_ID,PRODUCT_ID,CUSTOMER_ID,CART_COUNT,PURCHASE_NUM,STATUS,CREATE_DT,CREATOR,MODIFY_DT,MODIFIER,CHECKED) values (62,9,16,4,null,'N',to_timestamp('23/09/27 11:32:27.000000000','RR/MM/DD HH24:MI:SSXFF'),'16',to_timestamp('23/09/27 15:37:48.101000000','RR/MM/DD HH24:MI:SSXFF'),'16','true');
Insert into CART (CART_ID,PRODUCT_ID,CUSTOMER_ID,CART_COUNT,PURCHASE_NUM,STATUS,CREATE_DT,CREATOR,MODIFY_DT,MODIFIER,CHECKED) values (64,23,32,1,null,'Y',to_timestamp('23/09/27 13:53:50.000000000','RR/MM/DD HH24:MI:SSXFF'),'32',to_timestamp('23/09/27 13:54:37.000000000','RR/MM/DD HH24:MI:SSXFF'),'32','true');
Insert into CART (CART_ID,PRODUCT_ID,CUSTOMER_ID,CART_COUNT,PURCHASE_NUM,STATUS,CREATE_DT,CREATOR,MODIFY_DT,MODIFIER,CHECKED) values (69,16,29,3,null,'N',to_timestamp('23/09/27 15:57:08.000000000','RR/MM/DD HH24:MI:SSXFF'),'29',to_timestamp('23/10/11 11:32:13.700000000','RR/MM/DD HH24:MI:SSXFF'),'29','true');
Insert into CART (CART_ID,PRODUCT_ID,CUSTOMER_ID,CART_COUNT,PURCHASE_NUM,STATUS,CREATE_DT,CREATOR,MODIFY_DT,MODIFIER,CHECKED) values (73,18,27,1,null,'N',to_timestamp('23/10/04 09:40:49.000000000','RR/MM/DD HH24:MI:SSXFF'),'27',to_timestamp('23/10/05 16:13:55.000000000','RR/MM/DD HH24:MI:SSXFF'),'27','true');
Insert into CART (CART_ID,PRODUCT_ID,CUSTOMER_ID,CART_COUNT,PURCHASE_NUM,STATUS,CREATE_DT,CREATOR,MODIFY_DT,MODIFIER,CHECKED) values (75,140,16,4,null,'N',to_timestamp('23/10/04 14:06:35.000000000','RR/MM/DD HH24:MI:SSXFF'),'16',to_timestamp('23/10/04 15:41:36.000000000','RR/MM/DD HH24:MI:SSXFF'),'16','true');
Insert into CART (CART_ID,PRODUCT_ID,CUSTOMER_ID,CART_COUNT,PURCHASE_NUM,STATUS,CREATE_DT,CREATOR,MODIFY_DT,MODIFIER,CHECKED) values (76,429,17,1,null,'N',to_timestamp('23/10/04 14:17:45.000000000','RR/MM/DD HH24:MI:SSXFF'),'17',to_timestamp('23/10/06 17:16:55.000000000','RR/MM/DD HH24:MI:SSXFF'),'17','true');
Insert into CART (CART_ID,PRODUCT_ID,CUSTOMER_ID,CART_COUNT,PURCHASE_NUM,STATUS,CREATE_DT,CREATOR,MODIFY_DT,MODIFIER,CHECKED) values (78,212,16,1,null,'N',to_timestamp('23/10/04 15:47:33.000000000','RR/MM/DD HH24:MI:SSXFF'),'16',to_timestamp('23/10/04 15:59:28.000000000','RR/MM/DD HH24:MI:SSXFF'),'16','true');
Insert into CART (CART_ID,PRODUCT_ID,CUSTOMER_ID,CART_COUNT,PURCHASE_NUM,STATUS,CREATE_DT,CREATOR,MODIFY_DT,MODIFIER,CHECKED) values (79,9,16,1,null,'N',to_timestamp('23/10/04 15:52:58.000000000','RR/MM/DD HH24:MI:SSXFF'),'16',to_timestamp('23/10/04 15:59:28.000000000','RR/MM/DD HH24:MI:SSXFF'),'16','true');
Insert into CART (CART_ID,PRODUCT_ID,CUSTOMER_ID,CART_COUNT,PURCHASE_NUM,STATUS,CREATE_DT,CREATOR,MODIFY_DT,MODIFIER,CHECKED) values (88,23,27,1,null,'N',to_timestamp('23/10/05 11:17:06.000000000','RR/MM/DD HH24:MI:SSXFF'),'27',to_timestamp('23/10/05 16:13:55.000000000','RR/MM/DD HH24:MI:SSXFF'),'27','true');
Insert into CART (CART_ID,PRODUCT_ID,CUSTOMER_ID,CART_COUNT,PURCHASE_NUM,STATUS,CREATE_DT,CREATOR,MODIFY_DT,MODIFIER,CHECKED) values (89,7,27,1,null,'N',to_timestamp('23/10/05 11:22:31.000000000','RR/MM/DD HH24:MI:SSXFF'),'27',to_timestamp('23/10/05 16:13:55.000000000','RR/MM/DD HH24:MI:SSXFF'),'27','true');
Insert into CART (CART_ID,PRODUCT_ID,CUSTOMER_ID,CART_COUNT,PURCHASE_NUM,STATUS,CREATE_DT,CREATOR,MODIFY_DT,MODIFIER,CHECKED) values (93,13,27,3,null,'N',to_timestamp('23/10/05 16:14:06.000000000','RR/MM/DD HH24:MI:SSXFF'),'27',to_timestamp('23/10/10 09:59:38.000000000','RR/MM/DD HH24:MI:SSXFF'),'27','true');
Insert into CART (CART_ID,PRODUCT_ID,CUSTOMER_ID,CART_COUNT,PURCHASE_NUM,STATUS,CREATE_DT,CREATOR,MODIFY_DT,MODIFIER,CHECKED) values (97,3,17,3,null,'N',to_timestamp('23/10/06 17:17:07.000000000','RR/MM/DD HH24:MI:SSXFF'),'17',to_timestamp('23/10/11 15:12:06.254000000','RR/MM/DD HH24:MI:SSXFF'),'17','true');
Insert into CART (CART_ID,PRODUCT_ID,CUSTOMER_ID,CART_COUNT,PURCHASE_NUM,STATUS,CREATE_DT,CREATOR,MODIFY_DT,MODIFIER,CHECKED) values (98,19,0,10,null,'N',to_timestamp('23/10/06 17:32:14.000000000','RR/MM/DD HH24:MI:SSXFF'),'0',to_timestamp('23/10/30 10:35:36.000000000','RR/MM/DD HH24:MI:SSXFF'),'0','true');
Insert into CART (CART_ID,PRODUCT_ID,CUSTOMER_ID,CART_COUNT,PURCHASE_NUM,STATUS,CREATE_DT,CREATOR,MODIFY_DT,MODIFIER,CHECKED) values (108,476,22,1,null,'Y',to_timestamp('23/10/10 11:11:54.000000000','RR/MM/DD HH24:MI:SSXFF'),'22',to_timestamp('23/10/11 11:23:52.000000000','RR/MM/DD HH24:MI:SSXFF'),'22','false');
Insert into CART (CART_ID,PRODUCT_ID,CUSTOMER_ID,CART_COUNT,PURCHASE_NUM,STATUS,CREATE_DT,CREATOR,MODIFY_DT,MODIFIER,CHECKED) values (114,150,17,2,null,'N',to_timestamp('23/10/11 11:04:12.000000000','RR/MM/DD HH24:MI:SSXFF'),'17',to_timestamp('23/10/11 11:07:29.705000000','RR/MM/DD HH24:MI:SSXFF'),'17','true');
Insert into CART (CART_ID,PRODUCT_ID,CUSTOMER_ID,CART_COUNT,PURCHASE_NUM,STATUS,CREATE_DT,CREATOR,MODIFY_DT,MODIFIER,CHECKED) values (121,41,17,1,null,'N',to_timestamp('23/10/11 11:16:15.000000000','RR/MM/DD HH24:MI:SSXFF'),'17',to_timestamp('23/10/13 00:28:11.576000000','RR/MM/DD HH24:MI:SSXFF'),'17','true');
Insert into CART (CART_ID,PRODUCT_ID,CUSTOMER_ID,CART_COUNT,PURCHASE_NUM,STATUS,CREATE_DT,CREATOR,MODIFY_DT,MODIFIER,CHECKED) values (122,470,17,1,null,'N',to_timestamp('23/10/11 11:16:46.000000000','RR/MM/DD HH24:MI:SSXFF'),'17',to_timestamp('23/10/11 11:18:05.397000000','RR/MM/DD HH24:MI:SSXFF'),'17','true');
Insert into CART (CART_ID,PRODUCT_ID,CUSTOMER_ID,CART_COUNT,PURCHASE_NUM,STATUS,CREATE_DT,CREATOR,MODIFY_DT,MODIFIER,CHECKED) values (126,19,29,1,null,'N',to_timestamp('23/10/11 11:55:08.000000000','RR/MM/DD HH24:MI:SSXFF'),'29',to_timestamp('23/10/11 11:55:34.544000000','RR/MM/DD HH24:MI:SSXFF'),'29','true');
Insert into CART (CART_ID,PRODUCT_ID,CUSTOMER_ID,CART_COUNT,PURCHASE_NUM,STATUS,CREATE_DT,CREATOR,MODIFY_DT,MODIFIER,CHECKED) values (141,16,29,-31,null,'N',to_timestamp('23/10/12 20:09:53.000000000','RR/MM/DD HH24:MI:SSXFF'),'29',to_timestamp('23/10/12 20:10:22.000000000','RR/MM/DD HH24:MI:SSXFF'),'29','true');
Insert into CART (CART_ID,PRODUCT_ID,CUSTOMER_ID,CART_COUNT,PURCHASE_NUM,STATUS,CREATE_DT,CREATOR,MODIFY_DT,MODIFIER,CHECKED) values (186,474,0,10,null,'N',to_timestamp('23/10/18 23:13:03.000000000','RR/MM/DD HH24:MI:SSXFF'),'0',to_timestamp('23/10/30 10:35:36.000000000','RR/MM/DD HH24:MI:SSXFF'),'0','true');
Insert into CART (CART_ID,PRODUCT_ID,CUSTOMER_ID,CART_COUNT,PURCHASE_NUM,STATUS,CREATE_DT,CREATOR,MODIFY_DT,MODIFIER,CHECKED) values (216,3,28,5,null,'N',to_timestamp('23/10/20 13:50:09.000000000','RR/MM/DD HH24:MI:SSXFF'),'28',to_timestamp('23/10/20 15:32:28.135000000','RR/MM/DD HH24:MI:SSXFF'),'28','true');
Insert into CART (CART_ID,PRODUCT_ID,CUSTOMER_ID,CART_COUNT,PURCHASE_NUM,STATUS,CREATE_DT,CREATOR,MODIFY_DT,MODIFIER,CHECKED) values (220,488,16,1,null,'N',to_timestamp('23/10/24 14:44:39.000000000','RR/MM/DD HH24:MI:SSXFF'),'16',to_timestamp('23/10/24 14:57:33.000000000','RR/MM/DD HH24:MI:SSXFF'),'16','true');
Insert into CART (CART_ID,PRODUCT_ID,CUSTOMER_ID,CART_COUNT,PURCHASE_NUM,STATUS,CREATE_DT,CREATOR,MODIFY_DT,MODIFIER,CHECKED) values (236,508,16,1,null,'Y',to_timestamp('23/10/26 09:44:40.000000000','RR/MM/DD HH24:MI:SSXFF'),'16',to_timestamp('23/10/26 11:44:30.000000000','RR/MM/DD HH24:MI:SSXFF'),'16','true');
Insert into CART (CART_ID,PRODUCT_ID,CUSTOMER_ID,CART_COUNT,PURCHASE_NUM,STATUS,CREATE_DT,CREATOR,MODIFY_DT,MODIFIER,CHECKED) values (237,508,18,1,null,'Y',to_timestamp('23/10/26 10:32:21.000000000','RR/MM/DD HH24:MI:SSXFF'),'18',null,null,'true');
Insert into CART (CART_ID,PRODUCT_ID,CUSTOMER_ID,CART_COUNT,PURCHASE_NUM,STATUS,CREATE_DT,CREATOR,MODIFY_DT,MODIFIER,CHECKED) values (239,9,16,1,null,'Y',to_timestamp('23/10/26 11:44:27.000000000','RR/MM/DD HH24:MI:SSXFF'),'16',null,null,'true');
Insert into CART (CART_ID,PRODUCT_ID,CUSTOMER_ID,CART_COUNT,PURCHASE_NUM,STATUS,CREATE_DT,CREATOR,MODIFY_DT,MODIFIER,CHECKED) values (240,503,16,1,null,'Y',to_timestamp('23/10/26 11:46:09.000000000','RR/MM/DD HH24:MI:SSXFF'),'16',null,null,'true');
Insert into CART (CART_ID,PRODUCT_ID,CUSTOMER_ID,CART_COUNT,PURCHASE_NUM,STATUS,CREATE_DT,CREATOR,MODIFY_DT,MODIFIER,CHECKED) values (245,25,16,1,null,'Y',to_timestamp('23/10/30 10:21:40.000000000','RR/MM/DD HH24:MI:SSXFF'),'16',to_timestamp('23/10/30 10:21:48.793000000','RR/MM/DD HH24:MI:SSXFF'),'16','true');
Insert into CART (CART_ID,PRODUCT_ID,CUSTOMER_ID,CART_COUNT,PURCHASE_NUM,STATUS,CREATE_DT,CREATOR,MODIFY_DT,MODIFIER,CHECKED) values (32,369,16,4,null,'N',to_timestamp('23/09/19 17:00:35.000000000','RR/MM/DD HH24:MI:SSXFF'),'16',to_timestamp('23/09/21 14:48:30.603000000','RR/MM/DD HH24:MI:SSXFF'),'16','true');
Insert into CART (CART_ID,PRODUCT_ID,CUSTOMER_ID,CART_COUNT,PURCHASE_NUM,STATUS,CREATE_DT,CREATOR,MODIFY_DT,MODIFIER,CHECKED) values (34,369,16,4,null,'N',to_timestamp('23/09/19 17:06:01.000000000','RR/MM/DD HH24:MI:SSXFF'),'16',to_timestamp('23/09/21 14:48:30.603000000','RR/MM/DD HH24:MI:SSXFF'),'16','true');
Insert into CART (CART_ID,PRODUCT_ID,CUSTOMER_ID,CART_COUNT,PURCHASE_NUM,STATUS,CREATE_DT,CREATOR,MODIFY_DT,MODIFIER,CHECKED) values (81,7,16,3,null,'N',to_timestamp('23/10/04 15:57:30.000000000','RR/MM/DD HH24:MI:SSXFF'),'16',to_timestamp('23/10/04 15:59:28.000000000','RR/MM/DD HH24:MI:SSXFF'),'16','true');
Insert into CART (CART_ID,PRODUCT_ID,CUSTOMER_ID,CART_COUNT,PURCHASE_NUM,STATUS,CREATE_DT,CREATOR,MODIFY_DT,MODIFIER,CHECKED) values (91,457,0,5,null,'N',to_timestamp('23/10/05 15:39:06.000000000','RR/MM/DD HH24:MI:SSXFF'),'0',to_timestamp('23/10/05 16:13:37.000000000','RR/MM/DD HH24:MI:SSXFF'),'0','true');
Insert into CART (CART_ID,PRODUCT_ID,CUSTOMER_ID,CART_COUNT,PURCHASE_NUM,STATUS,CREATE_DT,CREATOR,MODIFY_DT,MODIFIER,CHECKED) values (44,19,21,2,null,'N',to_timestamp('23/09/19 19:48:26.000000000','RR/MM/DD HH24:MI:SSXFF'),'21',to_timestamp('23/09/19 19:51:15.400000000','RR/MM/DD HH24:MI:SSXFF'),'21','true');
Insert into CART (CART_ID,PRODUCT_ID,CUSTOMER_ID,CART_COUNT,PURCHASE_NUM,STATUS,CREATE_DT,CREATOR,MODIFY_DT,MODIFIER,CHECKED) values (53,140,16,2,null,'N',to_timestamp('23/09/21 14:39:51.000000000','RR/MM/DD HH24:MI:SSXFF'),'16',to_timestamp('23/09/27 11:32:22.000000000','RR/MM/DD HH24:MI:SSXFF'),'16','true');
Insert into CART (CART_ID,PRODUCT_ID,CUSTOMER_ID,CART_COUNT,PURCHASE_NUM,STATUS,CREATE_DT,CREATOR,MODIFY_DT,MODIFIER,CHECKED) values (60,4,31,1,null,'Y',to_timestamp('23/09/26 19:38:47.000000000','RR/MM/DD HH24:MI:SSXFF'),'31',null,null,'true');
Insert into CART (CART_ID,PRODUCT_ID,CUSTOMER_ID,CART_COUNT,PURCHASE_NUM,STATUS,CREATE_DT,CREATOR,MODIFY_DT,MODIFIER,CHECKED) values (63,17,16,1,null,'N',to_timestamp('23/09/27 11:34:25.000000000','RR/MM/DD HH24:MI:SSXFF'),'16',to_timestamp('23/09/27 15:37:48.093000000','RR/MM/DD HH24:MI:SSXFF'),'16','true');
Insert into CART (CART_ID,PRODUCT_ID,CUSTOMER_ID,CART_COUNT,PURCHASE_NUM,STATUS,CREATE_DT,CREATOR,MODIFY_DT,MODIFIER,CHECKED) values (66,11,16,1,null,'N',to_timestamp('23/09/27 15:17:51.000000000','RR/MM/DD HH24:MI:SSXFF'),'16',to_timestamp('23/09/27 15:25:52.000000000','RR/MM/DD HH24:MI:SSXFF'),'16','true');
Insert into CART (CART_ID,PRODUCT_ID,CUSTOMER_ID,CART_COUNT,PURCHASE_NUM,STATUS,CREATE_DT,CREATOR,MODIFY_DT,MODIFIER,CHECKED) values (71,424,16,1,null,'N',to_timestamp('23/10/02 13:50:08.000000000','RR/MM/DD HH24:MI:SSXFF'),'16',to_timestamp('23/10/02 13:50:18.000000000','RR/MM/DD HH24:MI:SSXFF'),'16','true');
Insert into CART (CART_ID,PRODUCT_ID,CUSTOMER_ID,CART_COUNT,PURCHASE_NUM,STATUS,CREATE_DT,CREATOR,MODIFY_DT,MODIFIER,CHECKED) values (101,411,17,1,null,'N',to_timestamp('23/10/06 19:49:38.000000000','RR/MM/DD HH24:MI:SSXFF'),'17',to_timestamp('23/10/25 16:03:03.000000000','RR/MM/DD HH24:MI:SSXFF'),'17','true');
Insert into CART (CART_ID,PRODUCT_ID,CUSTOMER_ID,CART_COUNT,PURCHASE_NUM,STATUS,CREATE_DT,CREATOR,MODIFY_DT,MODIFIER,CHECKED) values (107,23,22,1,null,'N',to_timestamp('23/10/10 10:55:09.000000000','RR/MM/DD HH24:MI:SSXFF'),'22',to_timestamp('23/10/11 11:27:45.997000000','RR/MM/DD HH24:MI:SSXFF'),'22','true');
Insert into CART (CART_ID,PRODUCT_ID,CUSTOMER_ID,CART_COUNT,PURCHASE_NUM,STATUS,CREATE_DT,CREATOR,MODIFY_DT,MODIFIER,CHECKED) values (110,476,27,3,null,'N',to_timestamp('23/10/10 13:40:31.000000000','RR/MM/DD HH24:MI:SSXFF'),'27',to_timestamp('23/10/12 11:49:24.000000000','RR/MM/DD HH24:MI:SSXFF'),'27','true');
Insert into CART (CART_ID,PRODUCT_ID,CUSTOMER_ID,CART_COUNT,PURCHASE_NUM,STATUS,CREATE_DT,CREATOR,MODIFY_DT,MODIFIER,CHECKED) values (118,429,17,1,null,'N',to_timestamp('23/10/11 11:14:32.000000000','RR/MM/DD HH24:MI:SSXFF'),'17',to_timestamp('23/10/25 16:03:03.000000000','RR/MM/DD HH24:MI:SSXFF'),'17','true');
Insert into CART (CART_ID,PRODUCT_ID,CUSTOMER_ID,CART_COUNT,PURCHASE_NUM,STATUS,CREATE_DT,CREATOR,MODIFY_DT,MODIFIER,CHECKED) values (124,22,17,5,null,'N',to_timestamp('23/10/11 11:37:53.000000000','RR/MM/DD HH24:MI:SSXFF'),'17',to_timestamp('23/10/11 11:38:20.498000000','RR/MM/DD HH24:MI:SSXFF'),'17','true');
Insert into CART (CART_ID,PRODUCT_ID,CUSTOMER_ID,CART_COUNT,PURCHASE_NUM,STATUS,CREATE_DT,CREATOR,MODIFY_DT,MODIFIER,CHECKED) values (125,415,17,3,null,'N',to_timestamp('23/10/11 11:38:42.000000000','RR/MM/DD HH24:MI:SSXFF'),'17',to_timestamp('23/10/25 16:03:03.000000000','RR/MM/DD HH24:MI:SSXFF'),'17','true');
Insert into CART (CART_ID,PRODUCT_ID,CUSTOMER_ID,CART_COUNT,PURCHASE_NUM,STATUS,CREATE_DT,CREATOR,MODIFY_DT,MODIFIER,CHECKED) values (127,11,29,1,null,'N',to_timestamp('23/10/11 12:16:13.000000000','RR/MM/DD HH24:MI:SSXFF'),'29',to_timestamp('23/10/11 12:16:37.840000000','RR/MM/DD HH24:MI:SSXFF'),'29','true');
Insert into CART (CART_ID,PRODUCT_ID,CUSTOMER_ID,CART_COUNT,PURCHASE_NUM,STATUS,CREATE_DT,CREATOR,MODIFY_DT,MODIFIER,CHECKED) values (133,19,17,1,null,'N',to_timestamp('23/10/11 16:15:12.000000000','RR/MM/DD HH24:MI:SSXFF'),'17',to_timestamp('23/10/11 16:15:42.256000000','RR/MM/DD HH24:MI:SSXFF'),'17','true');
Insert into CART (CART_ID,PRODUCT_ID,CUSTOMER_ID,CART_COUNT,PURCHASE_NUM,STATUS,CREATE_DT,CREATOR,MODIFY_DT,MODIFIER,CHECKED) values (134,16,27,1,null,'N',to_timestamp('23/10/12 10:58:25.000000000','RR/MM/DD HH24:MI:SSXFF'),'27',to_timestamp('23/10/12 11:50:39.000000000','RR/MM/DD HH24:MI:SSXFF'),'27','true');
Insert into CART (CART_ID,PRODUCT_ID,CUSTOMER_ID,CART_COUNT,PURCHASE_NUM,STATUS,CREATE_DT,CREATOR,MODIFY_DT,MODIFIER,CHECKED) values (142,23,29,-12,null,'N',to_timestamp('23/10/12 20:10:48.000000000','RR/MM/DD HH24:MI:SSXFF'),'29',null,null,'true');
Insert into CART (CART_ID,PRODUCT_ID,CUSTOMER_ID,CART_COUNT,PURCHASE_NUM,STATUS,CREATE_DT,CREATOR,MODIFY_DT,MODIFIER,CHECKED) values (152,7,0,6,null,'N',to_timestamp('23/10/14 18:48:49.000000000','RR/MM/DD HH24:MI:SSXFF'),'0',to_timestamp('23/10/30 10:35:36.000000000','RR/MM/DD HH24:MI:SSXFF'),'0','true');
Insert into CART (CART_ID,PRODUCT_ID,CUSTOMER_ID,CART_COUNT,PURCHASE_NUM,STATUS,CREATE_DT,CREATOR,MODIFY_DT,MODIFIER,CHECKED) values (214,3,27,2,null,'Y',to_timestamp('23/10/20 13:48:41.000000000','RR/MM/DD HH24:MI:SSXFF'),'27',to_timestamp('23/10/20 13:50:09.389000000','RR/MM/DD HH24:MI:SSXFF'),'27','true');
Insert into CART (CART_ID,PRODUCT_ID,CUSTOMER_ID,CART_COUNT,PURCHASE_NUM,STATUS,CREATE_DT,CREATOR,MODIFY_DT,MODIFIER,CHECKED) values (217,488,0,3,null,'N',to_timestamp('23/10/20 15:44:55.000000000','RR/MM/DD HH24:MI:SSXFF'),'0',to_timestamp('23/10/30 10:35:36.000000000','RR/MM/DD HH24:MI:SSXFF'),'0','true');
Insert into CART (CART_ID,PRODUCT_ID,CUSTOMER_ID,CART_COUNT,PURCHASE_NUM,STATUS,CREATE_DT,CREATOR,MODIFY_DT,MODIFIER,CHECKED) values (225,34,17,3,null,'N',to_timestamp('23/10/25 16:03:16.000000000','RR/MM/DD HH24:MI:SSXFF'),'17',to_timestamp('23/10/25 16:04:22.534000000','RR/MM/DD HH24:MI:SSXFF'),'17','true');
Insert into CART (CART_ID,PRODUCT_ID,CUSTOMER_ID,CART_COUNT,PURCHASE_NUM,STATUS,CREATE_DT,CREATOR,MODIFY_DT,MODIFIER,CHECKED) values (230,30,14,1,null,'N',to_timestamp('23/10/25 16:06:19.000000000','RR/MM/DD HH24:MI:SSXFF'),'14',to_timestamp('23/10/25 16:08:57.086000000','RR/MM/DD HH24:MI:SSXFF'),'14','true');
Insert into CART (CART_ID,PRODUCT_ID,CUSTOMER_ID,CART_COUNT,PURCHASE_NUM,STATUS,CREATE_DT,CREATOR,MODIFY_DT,MODIFIER,CHECKED) values (233,32,42,1,null,'N',to_timestamp('23/10/26 09:22:59.000000000','RR/MM/DD HH24:MI:SSXFF'),'42',to_timestamp('23/10/26 09:25:24.574000000','RR/MM/DD HH24:MI:SSXFF'),'42','true');
Insert into CART (CART_ID,PRODUCT_ID,CUSTOMER_ID,CART_COUNT,PURCHASE_NUM,STATUS,CREATE_DT,CREATOR,MODIFY_DT,MODIFIER,CHECKED) values (234,17,42,9,null,'N',to_timestamp('23/10/26 09:23:14.000000000','RR/MM/DD HH24:MI:SSXFF'),'42',to_timestamp('23/10/26 09:25:24.573000000','RR/MM/DD HH24:MI:SSXFF'),'42','true');
Insert into CART (CART_ID,PRODUCT_ID,CUSTOMER_ID,CART_COUNT,PURCHASE_NUM,STATUS,CREATE_DT,CREATOR,MODIFY_DT,MODIFIER,CHECKED) values (235,3,42,1,null,'N',to_timestamp('23/10/26 09:23:24.000000000','RR/MM/DD HH24:MI:SSXFF'),'42',to_timestamp('23/10/26 09:25:24.573000000','RR/MM/DD HH24:MI:SSXFF'),'42','true');
Insert into CART (CART_ID,PRODUCT_ID,CUSTOMER_ID,CART_COUNT,PURCHASE_NUM,STATUS,CREATE_DT,CREATOR,MODIFY_DT,MODIFIER,CHECKED) values (243,3,17,1,null,'N',to_timestamp('23/10/28 19:36:14.000000000','RR/MM/DD HH24:MI:SSXFF'),'17',to_timestamp('23/10/28 19:36:39.926000000','RR/MM/DD HH24:MI:SSXFF'),'17','true');
Insert into CART (CART_ID,PRODUCT_ID,CUSTOMER_ID,CART_COUNT,PURCHASE_NUM,STATUS,CREATE_DT,CREATOR,MODIFY_DT,MODIFIER,CHECKED) values (244,475,34,1,null,'N',to_timestamp('23/10/29 17:06:22.000000000','RR/MM/DD HH24:MI:SSXFF'),'34',to_timestamp('23/10/29 17:06:43.205000000','RR/MM/DD HH24:MI:SSXFF'),'34','true');
Insert into CART (CART_ID,PRODUCT_ID,CUSTOMER_ID,CART_COUNT,PURCHASE_NUM,STATUS,CREATE_DT,CREATOR,MODIFY_DT,MODIFIER,CHECKED) values (9,5,17,1,null,'N',to_timestamp('23/09/05 18:13:07.000000000','RR/MM/DD HH24:MI:SSXFF'),'17',to_timestamp('23/10/06 17:16:55.000000000','RR/MM/DD HH24:MI:SSXFF'),'17','true');
commit;
Insert into CART (CART_ID,PRODUCT_ID,CUSTOMER_ID,CART_COUNT,PURCHASE_NUM,STATUS,CREATE_DT,CREATOR,MODIFY_DT,MODIFIER,CHECKED) values (11,34,17,4,null,'N',to_timestamp('23/09/06 09:08:55.000000000','RR/MM/DD HH24:MI:SSXFF'),'17',to_timestamp('23/10/25 16:03:21.166000000','RR/MM/DD HH24:MI:SSXFF'),'17','true');
Insert into CART (CART_ID,PRODUCT_ID,CUSTOMER_ID,CART_COUNT,PURCHASE_NUM,STATUS,CREATE_DT,CREATOR,MODIFY_DT,MODIFIER,CHECKED) values (13,22,17,1,null,'N',to_timestamp('23/09/07 14:56:55.000000000','RR/MM/DD HH24:MI:SSXFF'),'17',to_timestamp('23/10/06 17:16:55.000000000','RR/MM/DD HH24:MI:SSXFF'),'17','true');
Insert into CART (CART_ID,PRODUCT_ID,CUSTOMER_ID,CART_COUNT,PURCHASE_NUM,STATUS,CREATE_DT,CREATOR,MODIFY_DT,MODIFIER,CHECKED) values (15,192,17,10,null,'N',to_timestamp('23/09/07 16:14:12.000000000','RR/MM/DD HH24:MI:SSXFF'),'17',to_timestamp('23/10/06 17:16:46.000000000','RR/MM/DD HH24:MI:SSXFF'),'17','true');
Insert into CART (CART_ID,PRODUCT_ID,CUSTOMER_ID,CART_COUNT,PURCHASE_NUM,STATUS,CREATE_DT,CREATOR,MODIFY_DT,MODIFIER,CHECKED) values (16,19,17,1,null,'N',to_timestamp('23/09/08 15:10:29.000000000','RR/MM/DD HH24:MI:SSXFF'),'17',to_timestamp('23/10/06 17:16:55.000000000','RR/MM/DD HH24:MI:SSXFF'),'17','true');
Insert into CART (CART_ID,PRODUCT_ID,CUSTOMER_ID,CART_COUNT,PURCHASE_NUM,STATUS,CREATE_DT,CREATOR,MODIFY_DT,MODIFIER,CHECKED) values (27,11,16,10,null,'N',to_timestamp('23/09/19 15:26:15.000000000','RR/MM/DD HH24:MI:SSXFF'),'16',to_timestamp('23/09/27 11:30:31.001000000','RR/MM/DD HH24:MI:SSXFF'),'16','true');
Insert into CART (CART_ID,PRODUCT_ID,CUSTOMER_ID,CART_COUNT,PURCHASE_NUM,STATUS,CREATE_DT,CREATOR,MODIFY_DT,MODIFIER,CHECKED) values (28,35,16,3,null,'N',to_timestamp('23/09/19 16:31:42.000000000','RR/MM/DD HH24:MI:SSXFF'),'16',to_timestamp('23/09/19 20:44:15.087000000','RR/MM/DD HH24:MI:SSXFF'),'16','true');
Insert into CART (CART_ID,PRODUCT_ID,CUSTOMER_ID,CART_COUNT,PURCHASE_NUM,STATUS,CREATE_DT,CREATOR,MODIFY_DT,MODIFIER,CHECKED) values (30,369,16,4,null,'N',to_timestamp('23/09/19 16:58:47.000000000','RR/MM/DD HH24:MI:SSXFF'),'16',to_timestamp('23/09/21 14:48:30.603000000','RR/MM/DD HH24:MI:SSXFF'),'16','true');
Insert into CART (CART_ID,PRODUCT_ID,CUSTOMER_ID,CART_COUNT,PURCHASE_NUM,STATUS,CREATE_DT,CREATOR,MODIFY_DT,MODIFIER,CHECKED) values (31,369,16,4,null,'N',to_timestamp('23/09/19 16:59:31.000000000','RR/MM/DD HH24:MI:SSXFF'),'16',to_timestamp('23/09/21 14:48:30.603000000','RR/MM/DD HH24:MI:SSXFF'),'16','true');
Insert into CART (CART_ID,PRODUCT_ID,CUSTOMER_ID,CART_COUNT,PURCHASE_NUM,STATUS,CREATE_DT,CREATOR,MODIFY_DT,MODIFIER,CHECKED) values (33,369,16,4,null,'N',to_timestamp('23/09/19 17:03:28.000000000','RR/MM/DD HH24:MI:SSXFF'),'16',to_timestamp('23/09/21 14:48:30.603000000','RR/MM/DD HH24:MI:SSXFF'),'16','true');
Insert into CART (CART_ID,PRODUCT_ID,CUSTOMER_ID,CART_COUNT,PURCHASE_NUM,STATUS,CREATE_DT,CREATOR,MODIFY_DT,MODIFIER,CHECKED) values (45,30,16,1,null,'N',to_timestamp('23/09/19 20:35:57.000000000','RR/MM/DD HH24:MI:SSXFF'),'16',to_timestamp('23/09/19 20:43:45.000000000','RR/MM/DD HH24:MI:SSXFF'),'16','true');
Insert into CART (CART_ID,PRODUCT_ID,CUSTOMER_ID,CART_COUNT,PURCHASE_NUM,STATUS,CREATE_DT,CREATOR,MODIFY_DT,MODIFIER,CHECKED) values (49,13,16,1,null,'N',to_timestamp('23/09/21 11:09:41.000000000','RR/MM/DD HH24:MI:SSXFF'),'16',to_timestamp('23/09/21 11:10:08.000000000','RR/MM/DD HH24:MI:SSXFF'),'16','true');
Insert into CART (CART_ID,PRODUCT_ID,CUSTOMER_ID,CART_COUNT,PURCHASE_NUM,STATUS,CREATE_DT,CREATOR,MODIFY_DT,MODIFIER,CHECKED) values (50,16,16,1,null,'N',to_timestamp('23/09/21 11:09:57.000000000','RR/MM/DD HH24:MI:SSXFF'),'16',to_timestamp('23/09/21 14:21:54.278000000','RR/MM/DD HH24:MI:SSXFF'),'16','true');
Insert into CART (CART_ID,PRODUCT_ID,CUSTOMER_ID,CART_COUNT,PURCHASE_NUM,STATUS,CREATE_DT,CREATOR,MODIFY_DT,MODIFIER,CHECKED) values (58,34,16,1,null,'N',to_timestamp('23/09/26 16:25:59.000000000','RR/MM/DD HH24:MI:SSXFF'),'16',to_timestamp('23/10/04 16:29:46.486000000','RR/MM/DD HH24:MI:SSXFF'),'16','true');
Insert into CART (CART_ID,PRODUCT_ID,CUSTOMER_ID,CART_COUNT,PURCHASE_NUM,STATUS,CREATE_DT,CREATOR,MODIFY_DT,MODIFIER,CHECKED) values (59,11,29,1,null,'N',to_timestamp('23/09/26 18:50:08.000000000','RR/MM/DD HH24:MI:SSXFF'),'29',to_timestamp('23/10/02 16:34:32.416000000','RR/MM/DD HH24:MI:SSXFF'),'29','true');
Insert into CART (CART_ID,PRODUCT_ID,CUSTOMER_ID,CART_COUNT,PURCHASE_NUM,STATUS,CREATE_DT,CREATOR,MODIFY_DT,MODIFIER,CHECKED) values (61,11,16,10,null,'N',to_timestamp('23/09/27 11:30:23.000000000','RR/MM/DD HH24:MI:SSXFF'),'16',to_timestamp('23/09/27 11:32:22.000000000','RR/MM/DD HH24:MI:SSXFF'),'16','true');
Insert into CART (CART_ID,PRODUCT_ID,CUSTOMER_ID,CART_COUNT,PURCHASE_NUM,STATUS,CREATE_DT,CREATOR,MODIFY_DT,MODIFIER,CHECKED) values (72,13,32,1,null,'Y',to_timestamp('23/10/02 13:59:46.000000000','RR/MM/DD HH24:MI:SSXFF'),'32',null,null,'true');
Insert into CART (CART_ID,PRODUCT_ID,CUSTOMER_ID,CART_COUNT,PURCHASE_NUM,STATUS,CREATE_DT,CREATOR,MODIFY_DT,MODIFIER,CHECKED) values (77,424,16,1,null,'N',to_timestamp('23/10/04 15:41:44.000000000','RR/MM/DD HH24:MI:SSXFF'),'16',to_timestamp('23/10/05 16:25:02.000000000','RR/MM/DD HH24:MI:SSXFF'),'16','true');
Insert into CART (CART_ID,PRODUCT_ID,CUSTOMER_ID,CART_COUNT,PURCHASE_NUM,STATUS,CREATE_DT,CREATOR,MODIFY_DT,MODIFIER,CHECKED) values (82,19,16,1,null,'N',to_timestamp('23/10/04 15:58:55.000000000','RR/MM/DD HH24:MI:SSXFF'),'16',to_timestamp('23/10/04 15:59:28.000000000','RR/MM/DD HH24:MI:SSXFF'),'16','true');
Insert into CART (CART_ID,PRODUCT_ID,CUSTOMER_ID,CART_COUNT,PURCHASE_NUM,STATUS,CREATE_DT,CREATOR,MODIFY_DT,MODIFIER,CHECKED) values (94,5,27,4,null,'N',to_timestamp('23/10/05 16:14:40.000000000','RR/MM/DD HH24:MI:SSXFF'),'27',to_timestamp('23/10/10 09:59:38.000000000','RR/MM/DD HH24:MI:SSXFF'),'27','true');
Insert into CART (CART_ID,PRODUCT_ID,CUSTOMER_ID,CART_COUNT,PURCHASE_NUM,STATUS,CREATE_DT,CREATOR,MODIFY_DT,MODIFIER,CHECKED) values (95,457,27,3,null,'N',to_timestamp('23/10/06 09:12:36.000000000','RR/MM/DD HH24:MI:SSXFF'),'27',to_timestamp('23/10/10 09:59:38.000000000','RR/MM/DD HH24:MI:SSXFF'),'27','true');
Insert into CART (CART_ID,PRODUCT_ID,CUSTOMER_ID,CART_COUNT,PURCHASE_NUM,STATUS,CREATE_DT,CREATOR,MODIFY_DT,MODIFIER,CHECKED) values (96,457,17,2,null,'N',to_timestamp('23/10/06 17:16:09.000000000','RR/MM/DD HH24:MI:SSXFF'),'17',to_timestamp('23/10/06 17:16:55.000000000','RR/MM/DD HH24:MI:SSXFF'),'17','true');
Insert into CART (CART_ID,PRODUCT_ID,CUSTOMER_ID,CART_COUNT,PURCHASE_NUM,STATUS,CREATE_DT,CREATOR,MODIFY_DT,MODIFIER,CHECKED) values (103,476,17,1,null,'N',to_timestamp('23/10/08 17:30:59.000000000','RR/MM/DD HH24:MI:SSXFF'),'17',to_timestamp('23/10/25 16:03:03.000000000','RR/MM/DD HH24:MI:SSXFF'),'17','true');
Insert into CART (CART_ID,PRODUCT_ID,CUSTOMER_ID,CART_COUNT,PURCHASE_NUM,STATUS,CREATE_DT,CREATOR,MODIFY_DT,MODIFIER,CHECKED) values (104,11,0,10,null,'N',to_timestamp('23/10/08 18:48:17.000000000','RR/MM/DD HH24:MI:SSXFF'),'0',to_timestamp('23/10/30 10:35:36.000000000','RR/MM/DD HH24:MI:SSXFF'),'0','true');
Insert into CART (CART_ID,PRODUCT_ID,CUSTOMER_ID,CART_COUNT,PURCHASE_NUM,STATUS,CREATE_DT,CREATOR,MODIFY_DT,MODIFIER,CHECKED) values (111,459,27,6,null,'N',to_timestamp('23/10/10 13:40:50.000000000','RR/MM/DD HH24:MI:SSXFF'),'27',to_timestamp('23/10/12 11:49:24.000000000','RR/MM/DD HH24:MI:SSXFF'),'27','true');
Insert into CART (CART_ID,PRODUCT_ID,CUSTOMER_ID,CART_COUNT,PURCHASE_NUM,STATUS,CREATE_DT,CREATOR,MODIFY_DT,MODIFIER,CHECKED) values (112,19,27,5,null,'N',to_timestamp('23/10/10 15:19:09.000000000','RR/MM/DD HH24:MI:SSXFF'),'27',to_timestamp('23/10/12 11:49:24.000000000','RR/MM/DD HH24:MI:SSXFF'),'27','true');
Insert into CART (CART_ID,PRODUCT_ID,CUSTOMER_ID,CART_COUNT,PURCHASE_NUM,STATUS,CREATE_DT,CREATOR,MODIFY_DT,MODIFIER,CHECKED) values (117,23,17,1,null,'N',to_timestamp('23/10/11 11:14:04.000000000','RR/MM/DD HH24:MI:SSXFF'),'17',to_timestamp('23/10/11 11:14:26.133000000','RR/MM/DD HH24:MI:SSXFF'),'17','true');
Insert into CART (CART_ID,PRODUCT_ID,CUSTOMER_ID,CART_COUNT,PURCHASE_NUM,STATUS,CREATE_DT,CREATOR,MODIFY_DT,MODIFIER,CHECKED) values (150,429,0,7,null,'N',to_timestamp('23/10/13 16:11:34.000000000','RR/MM/DD HH24:MI:SSXFF'),'0',to_timestamp('23/10/30 10:35:36.000000000','RR/MM/DD HH24:MI:SSXFF'),'0','true');
Insert into CART (CART_ID,PRODUCT_ID,CUSTOMER_ID,CART_COUNT,PURCHASE_NUM,STATUS,CREATE_DT,CREATOR,MODIFY_DT,MODIFIER,CHECKED) values (169,23,0,10,null,'N',to_timestamp('23/10/17 02:08:40.000000000','RR/MM/DD HH24:MI:SSXFF'),'0',to_timestamp('23/10/30 10:35:36.000000000','RR/MM/DD HH24:MI:SSXFF'),'0','true');
Insert into CART (CART_ID,PRODUCT_ID,CUSTOMER_ID,CART_COUNT,PURCHASE_NUM,STATUS,CREATE_DT,CREATOR,MODIFY_DT,MODIFIER,CHECKED) values (170,41,17,1,null,'N',to_timestamp('23/10/17 02:11:40.000000000','RR/MM/DD HH24:MI:SSXFF'),'17',to_timestamp('23/10/25 16:03:03.000000000','RR/MM/DD HH24:MI:SSXFF'),'17','true');
Insert into CART (CART_ID,PRODUCT_ID,CUSTOMER_ID,CART_COUNT,PURCHASE_NUM,STATUS,CREATE_DT,CREATOR,MODIFY_DT,MODIFIER,CHECKED) values (173,372,0,10,null,'N',to_timestamp('23/10/18 11:56:28.000000000','RR/MM/DD HH24:MI:SSXFF'),'0',to_timestamp('23/10/30 10:35:36.000000000','RR/MM/DD HH24:MI:SSXFF'),'0','true');
Insert into CART (CART_ID,PRODUCT_ID,CUSTOMER_ID,CART_COUNT,PURCHASE_NUM,STATUS,CREATE_DT,CREATOR,MODIFY_DT,MODIFIER,CHECKED) values (185,488,28,1,null,'N',to_timestamp('23/10/18 17:54:21.000000000','RR/MM/DD HH24:MI:SSXFF'),'28',to_timestamp('23/10/18 17:55:23.958000000','RR/MM/DD HH24:MI:SSXFF'),'28','true');
Insert into CART (CART_ID,PRODUCT_ID,CUSTOMER_ID,CART_COUNT,PURCHASE_NUM,STATUS,CREATE_DT,CREATOR,MODIFY_DT,MODIFIER,CHECKED) values (211,509,28,1,null,'N',to_timestamp('23/10/20 11:23:17.000000000','RR/MM/DD HH24:MI:SSXFF'),'28',to_timestamp('23/10/20 11:24:40.791000000','RR/MM/DD HH24:MI:SSXFF'),'28','true');
Insert into CART (CART_ID,PRODUCT_ID,CUSTOMER_ID,CART_COUNT,PURCHASE_NUM,STATUS,CREATE_DT,CREATOR,MODIFY_DT,MODIFIER,CHECKED) values (219,488,17,5,null,'N',to_timestamp('23/10/24 11:51:11.000000000','RR/MM/DD HH24:MI:SSXFF'),'17',to_timestamp('23/10/25 16:03:03.000000000','RR/MM/DD HH24:MI:SSXFF'),'17','true');
Insert into CART (CART_ID,PRODUCT_ID,CUSTOMER_ID,CART_COUNT,PURCHASE_NUM,STATUS,CREATE_DT,CREATOR,MODIFY_DT,MODIFIER,CHECKED) values (224,28,17,1,null,'N',to_timestamp('23/10/25 16:03:11.000000000','RR/MM/DD HH24:MI:SSXFF'),'17',to_timestamp('23/10/25 16:04:22.525000000','RR/MM/DD HH24:MI:SSXFF'),'17','true');
Insert into CART (CART_ID,PRODUCT_ID,CUSTOMER_ID,CART_COUNT,PURCHASE_NUM,STATUS,CREATE_DT,CREATOR,MODIFY_DT,MODIFIER,CHECKED) values (228,34,14,4,null,'N',to_timestamp('23/10/25 16:06:01.000000000','RR/MM/DD HH24:MI:SSXFF'),'14',to_timestamp('23/10/25 16:08:57.087000000','RR/MM/DD HH24:MI:SSXFF'),'14','true');
Insert into CART (CART_ID,PRODUCT_ID,CUSTOMER_ID,CART_COUNT,PURCHASE_NUM,STATUS,CREATE_DT,CREATOR,MODIFY_DT,MODIFIER,CHECKED) values (229,511,14,5,null,'N',to_timestamp('23/10/25 16:06:10.000000000','RR/MM/DD HH24:MI:SSXFF'),'14',to_timestamp('23/10/25 16:08:57.086000000','RR/MM/DD HH24:MI:SSXFF'),'14','true');
Insert into CART (CART_ID,PRODUCT_ID,CUSTOMER_ID,CART_COUNT,PURCHASE_NUM,STATUS,CREATE_DT,CREATOR,MODIFY_DT,MODIFIER,CHECKED) values (231,454,42,1,null,'N',to_timestamp('23/10/26 09:22:36.000000000','RR/MM/DD HH24:MI:SSXFF'),'42',to_timestamp('23/10/26 09:25:24.574000000','RR/MM/DD HH24:MI:SSXFF'),'42','true');
Insert into CART (CART_ID,PRODUCT_ID,CUSTOMER_ID,CART_COUNT,PURCHASE_NUM,STATUS,CREATE_DT,CREATOR,MODIFY_DT,MODIFIER,CHECKED) values (232,523,42,2,null,'N',to_timestamp('23/10/26 09:22:55.000000000','RR/MM/DD HH24:MI:SSXFF'),'42',to_timestamp('23/10/26 09:25:24.576000000','RR/MM/DD HH24:MI:SSXFF'),'42','true');
Insert into CART (CART_ID,PRODUCT_ID,CUSTOMER_ID,CART_COUNT,PURCHASE_NUM,STATUS,CREATE_DT,CREATOR,MODIFY_DT,MODIFIER,CHECKED) values (1,27,16,1,null,'N',to_timestamp('23/09/04 19:47:53.168000000','RR/MM/DD HH24:MI:SSXFF'),'16',to_timestamp('23/09/19 14:10:35.953000000','RR/MM/DD HH24:MI:SSXFF'),'16','true');
Insert into CART (CART_ID,PRODUCT_ID,CUSTOMER_ID,CART_COUNT,PURCHASE_NUM,STATUS,CREATE_DT,CREATOR,MODIFY_DT,MODIFIER,CHECKED) values (2,11,16,10,null,'N',to_timestamp('23/09/04 19:48:39.882000000','RR/MM/DD HH24:MI:SSXFF'),'16',to_timestamp('23/10/12 11:43:58.603000000','RR/MM/DD HH24:MI:SSXFF'),'16','true');
Insert into CART (CART_ID,PRODUCT_ID,CUSTOMER_ID,CART_COUNT,PURCHASE_NUM,STATUS,CREATE_DT,CREATOR,MODIFY_DT,MODIFIER,CHECKED) values (8,224,18,5,null,'Y',to_timestamp('23/09/05 10:51:18.000000000','RR/MM/DD HH24:MI:SSXFF'),'18',null,null,'true');
Insert into CART (CART_ID,PRODUCT_ID,CUSTOMER_ID,CART_COUNT,PURCHASE_NUM,STATUS,CREATE_DT,CREATOR,MODIFY_DT,MODIFIER,CHECKED) values (10,13,17,1,null,'N',to_timestamp('23/09/06 09:07:10.000000000','RR/MM/DD HH24:MI:SSXFF'),'17',to_timestamp('23/10/06 17:16:55.000000000','RR/MM/DD HH24:MI:SSXFF'),'17','true');
Insert into CART (CART_ID,PRODUCT_ID,CUSTOMER_ID,CART_COUNT,PURCHASE_NUM,STATUS,CREATE_DT,CREATOR,MODIFY_DT,MODIFIER,CHECKED) values (12,135,17,1,null,'N',to_timestamp('23/09/07 14:10:31.000000000','RR/MM/DD HH24:MI:SSXFF'),'17',to_timestamp('23/09/07 14:53:20.000000000','RR/MM/DD HH24:MI:SSXFF'),'17','true');
Insert into CART (CART_ID,PRODUCT_ID,CUSTOMER_ID,CART_COUNT,PURCHASE_NUM,STATUS,CREATE_DT,CREATOR,MODIFY_DT,MODIFIER,CHECKED) values (20,32,16,1,null,'N',to_timestamp('23/09/15 14:38:11.000000000','RR/MM/DD HH24:MI:SSXFF'),'16',to_timestamp('23/09/19 14:53:11.358000000','RR/MM/DD HH24:MI:SSXFF'),'16','true');
Insert into CART (CART_ID,PRODUCT_ID,CUSTOMER_ID,CART_COUNT,PURCHASE_NUM,STATUS,CREATE_DT,CREATOR,MODIFY_DT,MODIFIER,CHECKED) values (41,11,16,10,null,'N',to_timestamp('23/09/19 19:27:28.000000000','RR/MM/DD HH24:MI:SSXFF'),'16',to_timestamp('23/09/27 11:30:31.001000000','RR/MM/DD HH24:MI:SSXFF'),'16','true');
Insert into CART (CART_ID,PRODUCT_ID,CUSTOMER_ID,CART_COUNT,PURCHASE_NUM,STATUS,CREATE_DT,CREATOR,MODIFY_DT,MODIFIER,CHECKED) values (42,25,16,1,null,'N',to_timestamp('23/09/19 19:31:37.000000000','RR/MM/DD HH24:MI:SSXFF'),'16',to_timestamp('23/10/30 10:21:48.793000000','RR/MM/DD HH24:MI:SSXFF'),'16','true');
Insert into CART (CART_ID,PRODUCT_ID,CUSTOMER_ID,CART_COUNT,PURCHASE_NUM,STATUS,CREATE_DT,CREATOR,MODIFY_DT,MODIFIER,CHECKED) values (43,35,20,1,null,'N',to_timestamp('23/09/19 19:43:09.000000000','RR/MM/DD HH24:MI:SSXFF'),'20',to_timestamp('23/09/19 19:44:47.238000000','RR/MM/DD HH24:MI:SSXFF'),'20','true');
Insert into CART (CART_ID,PRODUCT_ID,CUSTOMER_ID,CART_COUNT,PURCHASE_NUM,STATUS,CREATE_DT,CREATOR,MODIFY_DT,MODIFIER,CHECKED) values (52,20,16,1,null,'N',to_timestamp('23/09/21 13:32:49.000000000','RR/MM/DD HH24:MI:SSXFF'),'16',to_timestamp('23/09/27 11:32:22.000000000','RR/MM/DD HH24:MI:SSXFF'),'16','true');
Insert into CART (CART_ID,PRODUCT_ID,CUSTOMER_ID,CART_COUNT,PURCHASE_NUM,STATUS,CREATE_DT,CREATOR,MODIFY_DT,MODIFIER,CHECKED) values (68,18,16,2,null,'N',to_timestamp('23/09/27 15:39:13.000000000','RR/MM/DD HH24:MI:SSXFF'),'16',to_timestamp('23/10/04 09:59:14.000000000','RR/MM/DD HH24:MI:SSXFF'),'16','true');
Insert into CART (CART_ID,PRODUCT_ID,CUSTOMER_ID,CART_COUNT,PURCHASE_NUM,STATUS,CREATE_DT,CREATOR,MODIFY_DT,MODIFIER,CHECKED) values (83,34,16,1,null,'N',to_timestamp('23/10/04 16:29:34.000000000','RR/MM/DD HH24:MI:SSXFF'),'16',to_timestamp('23/10/24 14:59:14.000000000','RR/MM/DD HH24:MI:SSXFF'),'16','true');
Insert into CART (CART_ID,PRODUCT_ID,CUSTOMER_ID,CART_COUNT,PURCHASE_NUM,STATUS,CREATE_DT,CREATOR,MODIFY_DT,MODIFIER,CHECKED) values (84,28,16,4,null,'N',to_timestamp('23/10/04 16:30:58.000000000','RR/MM/DD HH24:MI:SSXFF'),'16',to_timestamp('23/10/24 14:59:14.000000000','RR/MM/DD HH24:MI:SSXFF'),'16','true');
Insert into CART (CART_ID,PRODUCT_ID,CUSTOMER_ID,CART_COUNT,PURCHASE_NUM,STATUS,CREATE_DT,CREATOR,MODIFY_DT,MODIFIER,CHECKED) values (92,458,0,1,null,'N',to_timestamp('23/10/05 15:48:30.000000000','RR/MM/DD HH24:MI:SSXFF'),'0',to_timestamp('23/10/05 16:13:37.000000000','RR/MM/DD HH24:MI:SSXFF'),'0','true');
Insert into CART (CART_ID,PRODUCT_ID,CUSTOMER_ID,CART_COUNT,PURCHASE_NUM,STATUS,CREATE_DT,CREATOR,MODIFY_DT,MODIFIER,CHECKED) values (99,372,17,1,null,'N',to_timestamp('23/10/06 17:46:55.000000000','RR/MM/DD HH24:MI:SSXFF'),'17',to_timestamp('23/10/25 16:03:03.000000000','RR/MM/DD HH24:MI:SSXFF'),'17','true');
Insert into CART (CART_ID,PRODUCT_ID,CUSTOMER_ID,CART_COUNT,PURCHASE_NUM,STATUS,CREATE_DT,CREATOR,MODIFY_DT,MODIFIER,CHECKED) values (100,18,17,1,null,'N',to_timestamp('23/10/06 19:46:58.000000000','RR/MM/DD HH24:MI:SSXFF'),'17',to_timestamp('23/10/25 16:03:03.000000000','RR/MM/DD HH24:MI:SSXFF'),'17','true');
Insert into CART (CART_ID,PRODUCT_ID,CUSTOMER_ID,CART_COUNT,PURCHASE_NUM,STATUS,CREATE_DT,CREATOR,MODIFY_DT,MODIFIER,CHECKED) values (109,476,16,1,null,'N',to_timestamp('23/10/10 12:06:19.000000000','RR/MM/DD HH24:MI:SSXFF'),'16',to_timestamp('23/10/12 14:13:47.287000000','RR/MM/DD HH24:MI:SSXFF'),'16','true');
Insert into CART (CART_ID,PRODUCT_ID,CUSTOMER_ID,CART_COUNT,PURCHASE_NUM,STATUS,CREATE_DT,CREATOR,MODIFY_DT,MODIFIER,CHECKED) values (113,372,16,1,null,'N',to_timestamp('23/10/11 09:46:02.000000000','RR/MM/DD HH24:MI:SSXFF'),'16',to_timestamp('23/10/24 14:57:33.000000000','RR/MM/DD HH24:MI:SSXFF'),'16','true');
Insert into CART (CART_ID,PRODUCT_ID,CUSTOMER_ID,CART_COUNT,PURCHASE_NUM,STATUS,CREATE_DT,CREATOR,MODIFY_DT,MODIFIER,CHECKED) values (132,456,17,3,null,'N',to_timestamp('23/10/11 15:11:23.000000000','RR/MM/DD HH24:MI:SSXFF'),'17',to_timestamp('23/10/11 15:11:40.400000000','RR/MM/DD HH24:MI:SSXFF'),'17','true');
Insert into CART (CART_ID,PRODUCT_ID,CUSTOMER_ID,CART_COUNT,PURCHASE_NUM,STATUS,CREATE_DT,CREATOR,MODIFY_DT,MODIFIER,CHECKED) values (139,372,29,5,null,'Y',to_timestamp('23/10/12 15:45:15.000000000','RR/MM/DD HH24:MI:SSXFF'),'29',to_timestamp('23/10/12 20:12:21.000000000','RR/MM/DD HH24:MI:SSXFF'),'29','true');
Insert into CART (CART_ID,PRODUCT_ID,CUSTOMER_ID,CART_COUNT,PURCHASE_NUM,STATUS,CREATE_DT,CREATOR,MODIFY_DT,MODIFIER,CHECKED) values (143,468,27,1,null,'N',to_timestamp('23/10/13 09:38:33.000000000','RR/MM/DD HH24:MI:SSXFF'),'27',to_timestamp('23/10/20 13:46:19.735000000','RR/MM/DD HH24:MI:SSXFF'),'27','true');
Insert into CART (CART_ID,PRODUCT_ID,CUSTOMER_ID,CART_COUNT,PURCHASE_NUM,STATUS,CREATE_DT,CREATOR,MODIFY_DT,MODIFIER,CHECKED) values (222,6,16,5,null,'N',to_timestamp('23/10/24 14:58:52.000000000','RR/MM/DD HH24:MI:SSXFF'),'16',to_timestamp('23/10/26 10:26:50.183000000','RR/MM/DD HH24:MI:SSXFF'),'16','true');
commit;
REM INSERTING into CATEGORY
SET DEFINE OFF;
Insert into CATEGORY (CATEGORY_ID,CATEGORY_NM,CATEGORY_CONTENT,CATEGORY_PR_ID,STATUS,CREATE_DT,CREATOR,MODIFY_DT,MODIFIER,CATEGORY_IMAGE) values (59,'유기농세제',null,13,'N',to_timestamp('23/10/26 02:10:24.608000000','RR/MM/DD HH24:MI:SSXFF'),'admin',to_timestamp('23/10/26 02:10:59.863000000','RR/MM/DD HH24:MI:SSXFF'),'admin','https://daitso.s3.ap-northeast-2.amazonaws.com/free-icon-mind-11358226.png');
Insert into CATEGORY (CATEGORY_ID,CATEGORY_NM,CATEGORY_CONTENT,CATEGORY_PR_ID,STATUS,CREATE_DT,CREATOR,MODIFY_DT,MODIFIER,CATEGORY_IMAGE) values (63,'유기농세제',null,13,'N',to_timestamp('23/10/26 02:10:25.023000000','RR/MM/DD HH24:MI:SSXFF'),'admin',to_timestamp('23/10/26 02:10:51.756000000','RR/MM/DD HH24:MI:SSXFF'),'admin','https://daitso.s3.ap-northeast-2.amazonaws.com/free-icon-mind-11358226.png');
Insert into CATEGORY (CATEGORY_ID,CATEGORY_NM,CATEGORY_CONTENT,CATEGORY_PR_ID,STATUS,CREATE_DT,CREATOR,MODIFY_DT,MODIFIER,CATEGORY_IMAGE) values (65,'유기농세제',null,13,'N',to_timestamp('23/10/26 02:10:26.114000000','RR/MM/DD HH24:MI:SSXFF'),'admin',to_timestamp('23/10/26 02:10:57.044000000','RR/MM/DD HH24:MI:SSXFF'),'admin','https://daitso.s3.ap-northeast-2.amazonaws.com/free-icon-mind-11358226.png');
Insert into CATEGORY (CATEGORY_ID,CATEGORY_NM,CATEGORY_CONTENT,CATEGORY_PR_ID,STATUS,CREATE_DT,CREATOR,MODIFY_DT,MODIFIER,CATEGORY_IMAGE) values (67,'색칠도구',null,66,'N',to_timestamp('23/10/26 12:18:27.780000000','RR/MM/DD HH24:MI:SSXFF'),'admin',to_timestamp('23/10/26 12:19:18.668000000','RR/MM/DD HH24:MI:SSXFF'),'admin','https://daitso.s3.ap-northeast-2.amazonaws.com/%EC%83%89%EC%B9%A0%EB%8F%84%EA%B5%AC.JPG');
Insert into CATEGORY (CATEGORY_ID,CATEGORY_NM,CATEGORY_CONTENT,CATEGORY_PR_ID,STATUS,CREATE_DT,CREATOR,MODIFY_DT,MODIFIER,CATEGORY_IMAGE) values (1,'의류','스타일, 편안함 및 다양한 패션 트렌드를 반영한 아이템을 찾아보세요!',0,'Y',to_timestamp('23/08/21 00:00:00.000000000','RR/MM/DD HH24:MI:SSXFF'),'admin',to_timestamp('23/10/26 12:18:46.481000000','RR/MM/DD HH24:MI:SSXFF'),'admin','https://daitso.s3.ap-northeast-2.amazonaws.com/%EC%9D%98%EB%A5%98.jpg');
Insert into CATEGORY (CATEGORY_ID,CATEGORY_NM,CATEGORY_CONTENT,CATEGORY_PR_ID,STATUS,CREATE_DT,CREATOR,MODIFY_DT,MODIFIER,CATEGORY_IMAGE) values (2,'여성패션','여성을 위한 트렌디하고 다양한 스타일의 옷을 찾을 수 있는 곳입니다.',1,'Y',to_timestamp('23/08/21 00:00:00.000000000','RR/MM/DD HH24:MI:SSXFF'),'admin',to_timestamp('23/10/17 09:28:05.479000000','RR/MM/DD HH24:MI:SSXFF'),'admin','https://daitso.s3.ap-northeast-2.amazonaws.com/%EC%97%AC%EC%9E%90+%ED%8C%A8%EC%85%98.jpg');
Insert into CATEGORY (CATEGORY_ID,CATEGORY_NM,CATEGORY_CONTENT,CATEGORY_PR_ID,STATUS,CREATE_DT,CREATOR,MODIFY_DT,MODIFIER,CATEGORY_IMAGE) values (3,'남성패션','남성들을 위한 스타일리시한 의류 및 액세서리를 제공합니다. ',1,'Y',to_timestamp('23/08/21 00:00:00.000000000','RR/MM/DD HH24:MI:SSXFF'),'admin',to_timestamp('23/10/17 09:28:11.160000000','RR/MM/DD HH24:MI:SSXFF'),'admin','https://daitso.s3.ap-northeast-2.amazonaws.com/%EB%82%A8%EC%9E%90+%ED%8C%A8%EC%85%98.jpg');
Insert into CATEGORY (CATEGORY_ID,CATEGORY_NM,CATEGORY_CONTENT,CATEGORY_PR_ID,STATUS,CREATE_DT,CREATOR,MODIFY_DT,MODIFIER,CATEGORY_IMAGE) values (4,'유아동패션','아이들을 위한 귀여운 옷과 신발을 찾을 수 있는 곳입니다. ',1,'Y',to_timestamp('23/08/21 00:00:00.000000000','RR/MM/DD HH24:MI:SSXFF'),'admin',to_timestamp('23/10/17 09:28:17.263000000','RR/MM/DD HH24:MI:SSXFF'),'admin','https://daitso.s3.ap-northeast-2.amazonaws.com/%EC%9C%A0%EC%95%84%EB%8F%99+%ED%8C%A8%EC%85%98.jpg');
Insert into CATEGORY (CATEGORY_ID,CATEGORY_NM,CATEGORY_CONTENT,CATEGORY_PR_ID,STATUS,CREATE_DT,CREATOR,MODIFY_DT,MODIFIER,CATEGORY_IMAGE) values (5,'주방용품','요리 및 식사를 더 즐겁게 만들어줄 다양한 도구와 아이템을 제공합니다.',0,'Y',to_timestamp('23/08/21 00:00:00.000000000','RR/MM/DD HH24:MI:SSXFF'),'admin',to_timestamp('23/10/17 09:35:10.172000000','RR/MM/DD HH24:MI:SSXFF'),'admin','https://daitso.s3.ap-northeast-2.amazonaws.com/%EC%A3%BC%EB%B0%A9%EC%9A%A9%ED%92%88.png');
Insert into CATEGORY (CATEGORY_ID,CATEGORY_NM,CATEGORY_CONTENT,CATEGORY_PR_ID,STATUS,CREATE_DT,CREATOR,MODIFY_DT,MODIFIER,CATEGORY_IMAGE) values (6,'주방가전','주방에서 요리 경험을 향상시키는 가전 제품을 찾을 수 있습니다. ',5,'Y',to_timestamp('23/08/21 00:00:00.000000000','RR/MM/DD HH24:MI:SSXFF'),'admin',to_timestamp('23/10/17 09:28:33.895000000','RR/MM/DD HH24:MI:SSXFF'),'admin','https://daitso.s3.ap-northeast-2.amazonaws.com/%EC%A3%BC%EB%B0%A9%EA%B0%80%EC%A0%84.jpg');
Insert into CATEGORY (CATEGORY_ID,CATEGORY_NM,CATEGORY_CONTENT,CATEGORY_PR_ID,STATUS,CREATE_DT,CREATOR,MODIFY_DT,MODIFIER,CATEGORY_IMAGE) values (7,'주방조리도구','요리 및 조리를 위한 도구와 기기를 찾을 수 있습니다.',5,'Y',to_timestamp('23/08/21 00:00:00.000000000','RR/MM/DD HH24:MI:SSXFF'),'admin',to_timestamp('23/10/17 09:30:18.185000000','RR/MM/DD HH24:MI:SSXFF'),'admin','https://daitso.s3.ap-northeast-2.amazonaws.com/%EC%A3%BC%EB%B0%A9%EC%A1%B0%EB%A6%AC%EB%8F%84%EA%B5%AC.jpg');
Insert into CATEGORY (CATEGORY_ID,CATEGORY_NM,CATEGORY_CONTENT,CATEGORY_PR_ID,STATUS,CREATE_DT,CREATOR,MODIFY_DT,MODIFIER,CATEGORY_IMAGE) values (8,'냄비/프라이팬','요리에 필요한 냄비와 프라이팬을 찾아보세요.',5,'Y',to_timestamp('23/08/21 00:00:00.000000000','RR/MM/DD HH24:MI:SSXFF'),'admin',to_timestamp('23/10/17 09:28:49.702000000','RR/MM/DD HH24:MI:SSXFF'),'admin','https://daitso.s3.ap-northeast-2.amazonaws.com/%EB%83%84%EB%B9%84%2C%ED%94%84%EB%9D%BC%EC%9D%B4%ED%8C%AC.jpg');
Insert into CATEGORY (CATEGORY_ID,CATEGORY_NM,CATEGORY_CONTENT,CATEGORY_PR_ID,STATUS,CREATE_DT,CREATOR,MODIFY_DT,MODIFIER,CATEGORY_IMAGE) values (9,'그릇/홈세트','식사를 위한 그릇 및 홈세트를 찾을 수 있는 곳입니다.',5,'Y',to_timestamp('23/08/21 00:00:00.000000000','RR/MM/DD HH24:MI:SSXFF'),'admin',to_timestamp('23/10/17 09:36:26.766000000','RR/MM/DD HH24:MI:SSXFF'),'admin','https://daitso.s3.ap-northeast-2.amazonaws.com/%EA%B7%B8%EB%A6%87%2C%ED%99%88%EC%84%B8%ED%8A%B8.jpeg');
Insert into CATEGORY (CATEGORY_ID,CATEGORY_NM,CATEGORY_CONTENT,CATEGORY_PR_ID,STATUS,CREATE_DT,CREATOR,MODIFY_DT,MODIFIER,CATEGORY_IMAGE) values (10,'생활용품','일상 생활을 더 편리하게 만들어줄 다양한 생활 용품을 찾아보세요.',0,'Y',to_timestamp('23/08/21 00:00:00.000000000','RR/MM/DD HH24:MI:SSXFF'),'admin',to_timestamp('23/10/17 12:06:30.592000000','RR/MM/DD HH24:MI:SSXFF'),'admin','https://daitso.s3.ap-northeast-2.amazonaws.com/%EC%83%9D%ED%99%9C%EC%9A%A9%ED%92%88.jpg');
Insert into CATEGORY (CATEGORY_ID,CATEGORY_NM,CATEGORY_CONTENT,CATEGORY_PR_ID,STATUS,CREATE_DT,CREATOR,MODIFY_DT,MODIFIER,CATEGORY_IMAGE) values (11,'헤어/바디','피부와 머리를 위한 다양한 제품을 제공합니다.',21,'Y',to_timestamp('23/08/21 00:00:00.000000000','RR/MM/DD HH24:MI:SSXFF'),'admin',to_timestamp('23/10/17 09:36:49.940000000','RR/MM/DD HH24:MI:SSXFF'),'admin','https://daitso.s3.ap-northeast-2.amazonaws.com/%ED%97%A4%EC%96%B4%2C%EB%B0%94%EB%94%94.jpg');
Insert into CATEGORY (CATEGORY_ID,CATEGORY_NM,CATEGORY_CONTENT,CATEGORY_PR_ID,STATUS,CREATE_DT,CREATOR,MODIFY_DT,MODIFIER,CATEGORY_IMAGE) values (12,'세탁용품','세탁기용 세제, 섬유 유연제 및 청소 용품을 찾아보세요.',10,'Y',to_timestamp('23/08/21 00:00:00.000000000','RR/MM/DD HH24:MI:SSXFF'),'admin',to_timestamp('23/10/17 09:37:15.115000000','RR/MM/DD HH24:MI:SSXFF'),'admin','https://daitso.s3.ap-northeast-2.amazonaws.com/%EC%84%B8%ED%83%81%EC%9A%A9%ED%92%88.jpg');
Insert into CATEGORY (CATEGORY_ID,CATEGORY_NM,CATEGORY_CONTENT,CATEGORY_PR_ID,STATUS,CREATE_DT,CREATOR,MODIFY_DT,MODIFIER,CATEGORY_IMAGE) values (13,'청소/주방세제','집안 청소와 주방 위생을 유지하기 위한 세제와 청소용품을 찾아보세요. ',10,'Y',to_timestamp('23/08/21 00:00:00.000000000','RR/MM/DD HH24:MI:SSXFF'),'admin',to_timestamp('23/10/17 09:30:48.923000000','RR/MM/DD HH24:MI:SSXFF'),'admin','https://daitso.s3.ap-northeast-2.amazonaws.com/%EC%B2%AD%EC%86%8C%2C%EC%A3%BC%EB%B0%A9%EC%84%B8%EC%A0%9C.jpg');
Insert into CATEGORY (CATEGORY_ID,CATEGORY_NM,CATEGORY_CONTENT,CATEGORY_PR_ID,STATUS,CREATE_DT,CREATOR,MODIFY_DT,MODIFIER,CATEGORY_IMAGE) values (14,'식품',' 다양한 맛과 요리 스타일을 만들기 위한 식품을 제공합니다.',0,'Y',to_timestamp('23/08/21 00:00:00.000000000','RR/MM/DD HH24:MI:SSXFF'),'admin',to_timestamp('23/10/17 09:37:37.167000000','RR/MM/DD HH24:MI:SSXFF'),'admin','https://daitso.s3.ap-northeast-2.amazonaws.com/%EC%8B%9D%ED%92%88.jpg');
Insert into CATEGORY (CATEGORY_ID,CATEGORY_NM,CATEGORY_CONTENT,CATEGORY_PR_ID,STATUS,CREATE_DT,CREATOR,MODIFY_DT,MODIFIER,CATEGORY_IMAGE) values (15,'과일','신선하고 맛있는 과일을 발견하세요.',14,'Y',to_timestamp('23/08/21 00:00:00.000000000','RR/MM/DD HH24:MI:SSXFF'),'admin',to_timestamp('23/10/22 15:14:11.915000000','RR/MM/DD HH24:MI:SSXFF'),'admin','https://daitso.s3.ap-northeast-2.amazonaws.com/%EA%B3%BC%EC%9D%BC.jpg');
Insert into CATEGORY (CATEGORY_ID,CATEGORY_NM,CATEGORY_CONTENT,CATEGORY_PR_ID,STATUS,CREATE_DT,CREATOR,MODIFY_DT,MODIFIER,CATEGORY_IMAGE) values (16,'채소','신선한 채소로 영양을 공급하세요.',14,'Y',to_timestamp('23/08/21 00:00:00.000000000','RR/MM/DD HH24:MI:SSXFF'),'admin',to_timestamp('23/10/17 09:31:39.281000000','RR/MM/DD HH24:MI:SSXFF'),'admin','https://daitso.s3.ap-northeast-2.amazonaws.com/%EC%B1%84%EC%86%8C.jpg');
Insert into CATEGORY (CATEGORY_ID,CATEGORY_NM,CATEGORY_CONTENT,CATEGORY_PR_ID,STATUS,CREATE_DT,CREATOR,MODIFY_DT,MODIFIER,CATEGORY_IMAGE) values (17,'수산물','신선한 해산물과 수산물을 찾을 수 있습니다. ',14,'Y',to_timestamp('23/08/21 00:00:00.000000000','RR/MM/DD HH24:MI:SSXFF'),'admin',to_timestamp('23/10/17 09:31:48.531000000','RR/MM/DD HH24:MI:SSXFF'),'admin','https://daitso.s3.ap-northeast-2.amazonaws.com/%EC%88%98%EC%82%B0%EB%AC%BC.jpg');
Insert into CATEGORY (CATEGORY_ID,CATEGORY_NM,CATEGORY_CONTENT,CATEGORY_PR_ID,STATUS,CREATE_DT,CREATOR,MODIFY_DT,MODIFIER,CATEGORY_IMAGE) values (18,'과자','간식 시간을 위한 다양한 과자와 간식을 즐겨보세요.',14,'Y',to_timestamp('23/08/21 00:00:00.000000000','RR/MM/DD HH24:MI:SSXFF'),'admin',to_timestamp('23/10/17 09:31:59.923000000','RR/MM/DD HH24:MI:SSXFF'),'admin','https://daitso.s3.ap-northeast-2.amazonaws.com/%EA%B3%BC%EC%9E%90.jpg');
Insert into CATEGORY (CATEGORY_ID,CATEGORY_NM,CATEGORY_CONTENT,CATEGORY_PR_ID,STATUS,CREATE_DT,CREATOR,MODIFY_DT,MODIFIER,CATEGORY_IMAGE) values (19,'음료','각종 음료수와 음료류를 찾아보세요. ',14,'Y',to_timestamp('23/08/21 00:00:00.000000000','RR/MM/DD HH24:MI:SSXFF'),'admin',to_timestamp('23/10/17 09:32:17.650000000','RR/MM/DD HH24:MI:SSXFF'),'admin','https://daitso.s3.ap-northeast-2.amazonaws.com/%EC%9D%8C%EB%A3%8C.png');
Insert into CATEGORY (CATEGORY_ID,CATEGORY_NM,CATEGORY_CONTENT,CATEGORY_PR_ID,STATUS,CREATE_DT,CREATOR,MODIFY_DT,MODIFIER,CATEGORY_IMAGE) values (20,'냉장/냉동/간편요리','냉장고 및 냉동 제품, 간편 조리식품을 탐색하세요. ',14,'Y',to_timestamp('23/08/21 00:00:00.000000000','RR/MM/DD HH24:MI:SSXFF'),'admin',to_timestamp('23/10/17 12:06:35.349000000','RR/MM/DD HH24:MI:SSXFF'),'admin','https://daitso.s3.ap-northeast-2.amazonaws.com/%EB%83%89%EB%8F%99%2C%EB%83%89%EC%9E%A5%2C%EA%B0%84%ED%8E%B8%EC%9A%94%EB%A6%AC.jpg');
Insert into CATEGORY (CATEGORY_ID,CATEGORY_NM,CATEGORY_CONTENT,CATEGORY_PR_ID,STATUS,CREATE_DT,CREATOR,MODIFY_DT,MODIFIER,CATEGORY_IMAGE) values (21,'도서','지식을 확장하고 독서 경험을 풍부하게 해줄 도서를 찾을 수 있습니다.',0,'Y',to_timestamp('23/08/21 00:00:00.000000000','RR/MM/DD HH24:MI:SSXFF'),'admin',to_timestamp('23/10/17 09:38:09.934000000','RR/MM/DD HH24:MI:SSXFF'),'admin','https://daitso.s3.ap-northeast-2.amazonaws.com/%EB%8F%84%EC%84%9C.jpg');
Insert into CATEGORY (CATEGORY_ID,CATEGORY_NM,CATEGORY_CONTENT,CATEGORY_PR_ID,STATUS,CREATE_DT,CREATOR,MODIFY_DT,MODIFIER,CATEGORY_IMAGE) values (22,'유아/어린이','어린이의 상상력과 학습 능력을 발전시킬 책을 제공합니다.',10,'Y',to_timestamp('23/08/21 00:00:00.000000000','RR/MM/DD HH24:MI:SSXFF'),'admin',to_timestamp('23/10/17 09:38:26.748000000','RR/MM/DD HH24:MI:SSXFF'),'admin','https://daitso.s3.ap-northeast-2.amazonaws.com/%EC%9C%A0%EC%95%84%2C%EC%96%B4%EB%A6%B0%EC%9D%B4+%EB%8F%84%EC%84%9C.jpg');
Insert into CATEGORY (CATEGORY_ID,CATEGORY_NM,CATEGORY_CONTENT,CATEGORY_PR_ID,STATUS,CREATE_DT,CREATOR,MODIFY_DT,MODIFIER,CATEGORY_IMAGE) values (23,'소설','로맨스, 스릴러, 고전 소설 등 다양한 소설 장르를 즐길 수 있습니다.',21,'Y',to_timestamp('23/08/21 00:00:00.000000000','RR/MM/DD HH24:MI:SSXFF'),'admin',to_timestamp('23/10/17 09:38:37.078000000','RR/MM/DD HH24:MI:SSXFF'),'admin','https://daitso.s3.ap-northeast-2.amazonaws.com/%EC%86%8C%EC%84%A4.jpg');
Insert into CATEGORY (CATEGORY_ID,CATEGORY_NM,CATEGORY_CONTENT,CATEGORY_PR_ID,STATUS,CREATE_DT,CREATOR,MODIFY_DT,MODIFIER,CATEGORY_IMAGE) values (24,'수험서/자격증','학습 및 자격증 취득을 지원하는 자료를 제공합니다.',21,'Y',to_timestamp('23/08/21 00:00:00.000000000','RR/MM/DD HH24:MI:SSXFF'),'admin',to_timestamp('23/10/17 09:38:47.831000000','RR/MM/DD HH24:MI:SSXFF'),'admin','https://daitso.s3.ap-northeast-2.amazonaws.com/%EC%88%98%ED%97%98%EC%84%9C%2C%EC%9E%90%EA%B2%A9%EC%A6%9D.jpg');
Insert into CATEGORY (CATEGORY_ID,CATEGORY_NM,CATEGORY_CONTENT,CATEGORY_PR_ID,STATUS,CREATE_DT,CREATOR,MODIFY_DT,MODIFIER,CATEGORY_IMAGE) values (0,'카테고리','최상위 카테고리',null,'Y',to_timestamp('23/08/22 00:00:00.000000000','RR/MM/DD HH24:MI:SSXFF'),'admin',null,null,'/images/manCloth.jpg');
Insert into CATEGORY (CATEGORY_ID,CATEGORY_NM,CATEGORY_CONTENT,CATEGORY_PR_ID,STATUS,CREATE_DT,CREATOR,MODIFY_DT,MODIFIER,CATEGORY_IMAGE) values (64,'유기농세제',null,13,'N',to_timestamp('23/10/26 02:10:25.185000000','RR/MM/DD HH24:MI:SSXFF'),'admin',to_timestamp('23/10/26 02:10:54.222000000','RR/MM/DD HH24:MI:SSXFF'),'admin','https://daitso.s3.ap-northeast-2.amazonaws.com/free-icon-mind-11358226.png');
Insert into CATEGORY (CATEGORY_ID,CATEGORY_NM,CATEGORY_CONTENT,CATEGORY_PR_ID,STATUS,CREATE_DT,CREATOR,MODIFY_DT,MODIFIER,CATEGORY_IMAGE) values (66,'문구/완구',null,0,'N',to_timestamp('23/10/26 12:17:13.797000000','RR/MM/DD HH24:MI:SSXFF'),'admin',to_timestamp('23/10/26 12:24:34.771000000','RR/MM/DD HH24:MI:SSXFF'),'admin','https://daitso.s3.ap-northeast-2.amazonaws.com/%EB%AC%B8%EA%B5%AC.JPG');
Insert into CATEGORY (CATEGORY_ID,CATEGORY_NM,CATEGORY_CONTENT,CATEGORY_PR_ID,STATUS,CREATE_DT,CREATOR,MODIFY_DT,MODIFIER,CATEGORY_IMAGE) values (33,'껌','껌 코너입니다.',14,'N',to_timestamp('23/09/25 23:42:48.979000000','RR/MM/DD HH24:MI:SSXFF'),'admin',to_timestamp('23/10/17 16:43:04.874000000','RR/MM/DD HH24:MI:SSXFF'),'admin','https://daitso.s3.ap-northeast-2.amazonaws.com/%EA%BB%8C.jpg');
Insert into CATEGORY (CATEGORY_ID,CATEGORY_NM,CATEGORY_CONTENT,CATEGORY_PR_ID,STATUS,CREATE_DT,CREATOR,MODIFY_DT,MODIFIER,CATEGORY_IMAGE) values (58,'유기농세제',null,13,'N',to_timestamp('23/10/26 02:10:24.606000000','RR/MM/DD HH24:MI:SSXFF'),'admin',to_timestamp('23/10/26 02:11:06.583000000','RR/MM/DD HH24:MI:SSXFF'),'admin','https://daitso.s3.ap-northeast-2.amazonaws.com/free-icon-mind-11358226.png');
Insert into CATEGORY (CATEGORY_ID,CATEGORY_NM,CATEGORY_CONTENT,CATEGORY_PR_ID,STATUS,CREATE_DT,CREATOR,MODIFY_DT,MODIFIER,CATEGORY_IMAGE) values (62,'유기농세제',null,13,'N',to_timestamp('23/10/26 02:10:24.782000000','RR/MM/DD HH24:MI:SSXFF'),'admin',to_timestamp('23/10/26 02:10:48.983000000','RR/MM/DD HH24:MI:SSXFF'),'admin','https://daitso.s3.ap-northeast-2.amazonaws.com/free-icon-mind-11358226.png');
Insert into CATEGORY (CATEGORY_ID,CATEGORY_NM,CATEGORY_CONTENT,CATEGORY_PR_ID,STATUS,CREATE_DT,CREATOR,MODIFY_DT,MODIFIER,CATEGORY_IMAGE) values (57,'국내소설','테스트',23,'N',to_timestamp('23/10/22 23:17:47.523000000','RR/MM/DD HH24:MI:SSXFF'),'admin',to_timestamp('23/10/22 23:18:11.010000000','RR/MM/DD HH24:MI:SSXFF'),'admin','https://daitso.s3.ap-northeast-2.amazonaws.com/img-upload.png');
Insert into CATEGORY (CATEGORY_ID,CATEGORY_NM,CATEGORY_CONTENT,CATEGORY_PR_ID,STATUS,CREATE_DT,CREATOR,MODIFY_DT,MODIFIER,CATEGORY_IMAGE) values (25,'젤리',' 다양한 맛과 모양의 젤리로 간식 시간을 더욱 특별하게 만들어보세요.',18,'Y',to_timestamp('23/08/23 17:30:21.000000000','RR/MM/DD HH24:MI:SSXFF'),'admin',to_timestamp('23/10/22 14:44:48.275000000','RR/MM/DD HH24:MI:SSXFF'),'admin','https://daitso.s3.ap-northeast-2.amazonaws.com/%EC%A0%A4%EB%A6%AC.jpg');
Insert into CATEGORY (CATEGORY_ID,CATEGORY_NM,CATEGORY_CONTENT,CATEGORY_PR_ID,STATUS,CREATE_DT,CREATOR,MODIFY_DT,MODIFIER,CATEGORY_IMAGE) values (26,'초콜릿','달콤한 유혹을 느끼실 수 있는 초콜릿을 제공합니다.',56,'Y',to_timestamp('23/08/23 17:31:52.000000000','RR/MM/DD HH24:MI:SSXFF'),'admin',to_timestamp('23/10/17 09:34:24.530000000','RR/MM/DD HH24:MI:SSXFF'),'admin','https://daitso.s3.ap-northeast-2.amazonaws.com/%EC%B4%88%EC%BD%9C%EB%A6%BF.jpg');
Insert into CATEGORY (CATEGORY_ID,CATEGORY_NM,CATEGORY_CONTENT,CATEGORY_PR_ID,STATUS,CREATE_DT,CREATOR,MODIFY_DT,MODIFIER,CATEGORY_IMAGE) values (60,'유기농세제',null,13,'N',to_timestamp('23/10/26 02:10:24.613000000','RR/MM/DD HH24:MI:SSXFF'),'admin',to_timestamp('23/10/26 02:10:44.128000000','RR/MM/DD HH24:MI:SSXFF'),'admin','https://daitso.s3.ap-northeast-2.amazonaws.com/free-icon-mind-11358226.png');
Insert into CATEGORY (CATEGORY_ID,CATEGORY_NM,CATEGORY_CONTENT,CATEGORY_PR_ID,STATUS,CREATE_DT,CREATOR,MODIFY_DT,MODIFIER,CATEGORY_IMAGE) values (56,'쿠키','다양한 맛과 텍스처의 쿠키를 통해 간식 시간을 만들어보세요!',18,'Y',to_timestamp('23/10/04 22:21:06.457000000','RR/MM/DD HH24:MI:SSXFF'),'admin',to_timestamp('23/10/26 02:08:41.621000000','RR/MM/DD HH24:MI:SSXFF'),'admin','https://daitso.s3.ap-northeast-2.amazonaws.com/%EC%BF%A0%ED%82%A4.jpg');
Insert into CATEGORY (CATEGORY_ID,CATEGORY_NM,CATEGORY_CONTENT,CATEGORY_PR_ID,STATUS,CREATE_DT,CREATOR,MODIFY_DT,MODIFIER,CATEGORY_IMAGE) values (61,'유기농세제',null,13,'N',to_timestamp('23/10/26 02:10:24.773000000','RR/MM/DD HH24:MI:SSXFF'),'admin',to_timestamp('23/10/26 02:10:46.762000000','RR/MM/DD HH24:MI:SSXFF'),'admin','https://daitso.s3.ap-northeast-2.amazonaws.com/free-icon-mind-11358226.png');
commit;
REM INSERTING into COMMON_CODE
SET DEFINE OFF;
Insert into COMMON_CODE (COMMON_CODE_ID,COMMON_CODE_NM,COMMON_CODE_PR,SORT_ORDER,STATUS,CREATE_DT,CREATOR,MODIFY_DT,MODIFIER) values (600,'쿠폰 구분',1,19,'Y',to_timestamp('23/10/18 09:27:24.900000000','RR/MM/DD HH24:MI:SSXFF'),'admin',null,null);
Insert into COMMON_CODE (COMMON_CODE_ID,COMMON_CODE_NM,COMMON_CODE_PR,SORT_ORDER,STATUS,CREATE_DT,CREATOR,MODIFY_DT,MODIFIER) values (601,'용도 미정',600,20,'Y',to_timestamp('23/10/18 10:18:19.788000000','RR/MM/DD HH24:MI:SSXFF'),'admin',null,null);
Insert into COMMON_CODE (COMMON_CODE_ID,COMMON_CODE_NM,COMMON_CODE_PR,SORT_ORDER,STATUS,CREATE_DT,CREATOR,MODIFY_DT,MODIFIER) values (602,'전체 고객 대상',600,21,'Y',to_timestamp('23/10/18 10:19:03.458000000','RR/MM/DD HH24:MI:SSXFF'),'admin',null,null);
Insert into COMMON_CODE (COMMON_CODE_ID,COMMON_CODE_NM,COMMON_CODE_PR,SORT_ORDER,STATUS,CREATE_DT,CREATOR,MODIFY_DT,MODIFIER) values (603,'프로모션',600,22,'Y',to_timestamp('23/10/18 10:19:27.385000000','RR/MM/DD HH24:MI:SSXFF'),'admin',to_timestamp('23/10/18 10:20:00.060000000','RR/MM/DD HH24:MI:SSXFF'),'admin');
Insert into COMMON_CODE (COMMON_CODE_ID,COMMON_CODE_NM,COMMON_CODE_PR,SORT_ORDER,STATUS,CREATE_DT,CREATOR,MODIFY_DT,MODIFIER) values (1,'최상위',null,1,'Y',to_timestamp('23/08/21 00:00:00.000000000','RR/MM/DD HH24:MI:SSXFF'),'admin',null,null);
Insert into COMMON_CODE (COMMON_CODE_ID,COMMON_CODE_NM,COMMON_CODE_PR,SORT_ORDER,STATUS,CREATE_DT,CREATOR,MODIFY_DT,MODIFIER) values (100,'사용자 구분',1,2,'Y',to_timestamp('23/08/21 00:00:00.000000000','RR/MM/DD HH24:MI:SSXFF'),'admin',null,null);
Insert into COMMON_CODE (COMMON_CODE_ID,COMMON_CODE_NM,COMMON_CODE_PR,SORT_ORDER,STATUS,CREATE_DT,CREATOR,MODIFY_DT,MODIFIER) values (101,'사용자',100,3,'Y',to_timestamp('23/08/21 00:00:00.000000000','RR/MM/DD HH24:MI:SSXFF'),'admin',null,null);
Insert into COMMON_CODE (COMMON_CODE_ID,COMMON_CODE_NM,COMMON_CODE_PR,SORT_ORDER,STATUS,CREATE_DT,CREATOR,MODIFY_DT,MODIFIER) values (102,'관리자',100,4,'Y',to_timestamp('23/08/21 00:00:00.000000000','RR/MM/DD HH24:MI:SSXFF'),'admin',to_timestamp('23/10/08 17:35:52.855000000','RR/MM/DD HH24:MI:SSXFF'),'admin');
Insert into COMMON_CODE (COMMON_CODE_ID,COMMON_CODE_NM,COMMON_CODE_PR,SORT_ORDER,STATUS,CREATE_DT,CREATOR,MODIFY_DT,MODIFIER) values (200,'쿠폰 상태 구분',1,5,'Y',to_timestamp('23/08/21 00:00:00.000000000','RR/MM/DD HH24:MI:SSXFF'),'admin',null,null);
Insert into COMMON_CODE (COMMON_CODE_ID,COMMON_CODE_NM,COMMON_CODE_PR,SORT_ORDER,STATUS,CREATE_DT,CREATOR,MODIFY_DT,MODIFIER) values (201,'만료',200,6,'Y',to_timestamp('23/08/21 00:00:00.000000000','RR/MM/DD HH24:MI:SSXFF'),'admin',null,null);
Insert into COMMON_CODE (COMMON_CODE_ID,COMMON_CODE_NM,COMMON_CODE_PR,SORT_ORDER,STATUS,CREATE_DT,CREATOR,MODIFY_DT,MODIFIER) values (202,'사용',200,7,'Y',to_timestamp('23/08/21 00:00:00.000000000','RR/MM/DD HH24:MI:SSXFF'),'admin',null,null);
Insert into COMMON_CODE (COMMON_CODE_ID,COMMON_CODE_NM,COMMON_CODE_PR,SORT_ORDER,STATUS,CREATE_DT,CREATOR,MODIFY_DT,MODIFIER) values (203,'미사용',200,8,'Y',to_timestamp('23/08/21 00:00:00.000000000','RR/MM/DD HH24:MI:SSXFF'),'admin',null,null);
Insert into COMMON_CODE (COMMON_CODE_ID,COMMON_CODE_NM,COMMON_CODE_PR,SORT_ORDER,STATUS,CREATE_DT,CREATOR,MODIFY_DT,MODIFIER) values (300,'배송지 구분',1,9,'Y',to_timestamp('23/08/21 00:00:00.000000000','RR/MM/DD HH24:MI:SSXFF'),'admin',null,null);
Insert into COMMON_CODE (COMMON_CODE_ID,COMMON_CODE_NM,COMMON_CODE_PR,SORT_ORDER,STATUS,CREATE_DT,CREATOR,MODIFY_DT,MODIFIER) values (301,'기본배송지',300,10,'Y',to_timestamp('23/08/21 00:00:00.000000000','RR/MM/DD HH24:MI:SSXFF'),'admin',null,null);
Insert into COMMON_CODE (COMMON_CODE_ID,COMMON_CODE_NM,COMMON_CODE_PR,SORT_ORDER,STATUS,CREATE_DT,CREATOR,MODIFY_DT,MODIFIER) values (302,'일반배송지',300,11,'Y',to_timestamp('23/08/21 00:00:00.000000000','RR/MM/DD HH24:MI:SSXFF'),'admin',null,null);
Insert into COMMON_CODE (COMMON_CODE_ID,COMMON_CODE_NM,COMMON_CODE_PR,SORT_ORDER,STATUS,CREATE_DT,CREATOR,MODIFY_DT,MODIFIER) values (400,'구매 구분',1,12,'Y',to_timestamp('23/08/21 00:00:00.000000000','RR/MM/DD HH24:MI:SSXFF'),'admin',null,null);
Insert into COMMON_CODE (COMMON_CODE_ID,COMMON_CODE_NM,COMMON_CODE_PR,SORT_ORDER,STATUS,CREATE_DT,CREATOR,MODIFY_DT,MODIFIER) values (401,'입금/결제',400,13,'Y',to_timestamp('23/08/21 00:00:00.000000000','RR/MM/DD HH24:MI:SSXFF'),'admin',to_timestamp('23/10/13 10:54:34.588000000','RR/MM/DD HH24:MI:SSXFF'),'admin');
Insert into COMMON_CODE (COMMON_CODE_ID,COMMON_CODE_NM,COMMON_CODE_PR,SORT_ORDER,STATUS,CREATE_DT,CREATOR,MODIFY_DT,MODIFIER) values (402,'배송중',400,14,'Y',to_timestamp('23/08/21 00:00:00.000000000','RR/MM/DD HH24:MI:SSXFF'),'admin',null,null);
Insert into COMMON_CODE (COMMON_CODE_ID,COMMON_CODE_NM,COMMON_CODE_PR,SORT_ORDER,STATUS,CREATE_DT,CREATOR,MODIFY_DT,MODIFIER) values (403,'배송완료',400,15,'Y',to_timestamp('23/08/21 00:00:00.000000000','RR/MM/DD HH24:MI:SSXFF'),'admin',null,null);
Insert into COMMON_CODE (COMMON_CODE_ID,COMMON_CODE_NM,COMMON_CODE_PR,SORT_ORDER,STATUS,CREATE_DT,CREATOR,MODIFY_DT,MODIFIER) values (500,'포인트 사용 구분',1,16,'Y',to_timestamp('23/08/21 00:00:00.000000000','RR/MM/DD HH24:MI:SSXFF'),'admin',null,null);
Insert into COMMON_CODE (COMMON_CODE_ID,COMMON_CODE_NM,COMMON_CODE_PR,SORT_ORDER,STATUS,CREATE_DT,CREATOR,MODIFY_DT,MODIFIER) values (501,'사용',500,17,'Y',to_timestamp('23/08/21 00:00:00.000000000','RR/MM/DD HH24:MI:SSXFF'),'admin',null,null);
Insert into COMMON_CODE (COMMON_CODE_ID,COMMON_CODE_NM,COMMON_CODE_PR,SORT_ORDER,STATUS,CREATE_DT,CREATOR,MODIFY_DT,MODIFIER) values (502,'적립',500,18,'Y',to_timestamp('23/08/21 00:00:00.000000000','RR/MM/DD HH24:MI:SSXFF'),'admin',to_timestamp('23/09/26 16:10:48.151000000','RR/MM/DD HH24:MI:SSXFF'),'admin');
commit;
REM INSERTING into COUPON
SET DEFINE OFF;
Insert into COUPON (COUPON_ID,CATEGORY_ID,COUPON_SN,COUPON_NM,COUPON_DSCNT_RATE,COUPON_PBL_DT,COUPON_EPR_DT,STATUS,CREATE_DT,CREATOR,MODIFY_DT,MODIFIER,COUPON_DV) values (48,17,null,'수산물 카테고리 5%',5,to_date('23/10/19','RR/MM/DD'),to_date('23/10/31','RR/MM/DD'),'Y',to_timestamp('23/10/19 14:28:07.811000000','RR/MM/DD HH24:MI:SSXFF'),'admin',to_timestamp('23/10/19 14:28:24.656000000','RR/MM/DD HH24:MI:SSXFF'),'admin',603);
Insert into COUPON (COUPON_ID,CATEGORY_ID,COUPON_SN,COUPON_NM,COUPON_DSCNT_RATE,COUPON_PBL_DT,COUPON_EPR_DT,STATUS,CREATE_DT,CREATOR,MODIFY_DT,MODIFIER,COUPON_DV) values (55,14,null,'식품 카테고리 전체 5%',5,to_date('23/11/01','RR/MM/DD'),to_date('23/11/11','RR/MM/DD'),'Y',to_timestamp('23/10/26 12:21:59.673000000','RR/MM/DD HH24:MI:SSXFF'),'admin',null,null,601);
Insert into COUPON (COUPON_ID,CATEGORY_ID,COUPON_SN,COUPON_NM,COUPON_DSCNT_RATE,COUPON_PBL_DT,COUPON_EPR_DT,STATUS,CREATE_DT,CREATOR,MODIFY_DT,MODIFIER,COUPON_DV) values (59,14,null,'빼빼로데이 기념 과자 카테고리 11%',11,to_date('23/11/01','RR/MM/DD'),to_date('23/11/11','RR/MM/DD'),'Y',to_timestamp('23/10/26 12:26:12.872000000','RR/MM/DD HH24:MI:SSXFF'),'admin',to_timestamp('23/10/26 14:03:38.179000000','RR/MM/DD HH24:MI:SSXFF'),'admin',601);
Insert into COUPON (COUPON_ID,CATEGORY_ID,COUPON_SN,COUPON_NM,COUPON_DSCNT_RATE,COUPON_PBL_DT,COUPON_EPR_DT,STATUS,CREATE_DT,CREATOR,MODIFY_DT,MODIFIER,COUPON_DV) values (63,12,null,'세탁용품 파격 세일 20%',20,to_date('23/10/27','RR/MM/DD'),to_date('23/10/29','RR/MM/DD'),'Y',to_timestamp('23/10/26 13:55:08.793000000','RR/MM/DD HH24:MI:SSXFF'),'admin',to_timestamp('23/10/26 14:03:56.145000000','RR/MM/DD HH24:MI:SSXFF'),'admin',601);
Insert into COUPON (COUPON_ID,CATEGORY_ID,COUPON_SN,COUPON_NM,COUPON_DSCNT_RATE,COUPON_PBL_DT,COUPON_EPR_DT,STATUS,CREATE_DT,CREATOR,MODIFY_DT,MODIFIER,COUPON_DV) values (42,0,null,'11월 전체 11%',11,to_date('23/10/19','RR/MM/DD'),to_date('23/10/31','RR/MM/DD'),'Y',to_timestamp('23/10/19 02:19:31.986000000','RR/MM/DD HH24:MI:SSXFF'),'admin',to_timestamp('23/10/23 10:55:47.439000000','RR/MM/DD HH24:MI:SSXFF'),'admin',603);
Insert into COUPON (COUPON_ID,CATEGORY_ID,COUPON_SN,COUPON_NM,COUPON_DSCNT_RATE,COUPON_PBL_DT,COUPON_EPR_DT,STATUS,CREATE_DT,CREATOR,MODIFY_DT,MODIFIER,COUPON_DV) values (43,12,null,'세탁용품 10%',10,to_date('23/10/21','RR/MM/DD'),to_date('23/10/31','RR/MM/DD'),'N',to_timestamp('23/10/19 10:13:23.837000000','RR/MM/DD HH24:MI:SSXFF'),'admin',to_timestamp('23/10/26 02:51:02.066000000','RR/MM/DD HH24:MI:SSXFF'),'admin',602);
Insert into COUPON (COUPON_ID,CATEGORY_ID,COUPON_SN,COUPON_NM,COUPON_DSCNT_RATE,COUPON_PBL_DT,COUPON_EPR_DT,STATUS,CREATE_DT,CREATOR,MODIFY_DT,MODIFIER,COUPON_DV) values (44,21,null,'가을은 독서의 계절 10%',10,to_date('23/10/20','RR/MM/DD'),to_date('23/10/31','RR/MM/DD'),'Y',to_timestamp('23/10/19 12:10:33.569000000','RR/MM/DD HH24:MI:SSXFF'),'admin',to_timestamp('23/10/23 10:55:44.892000000','RR/MM/DD HH24:MI:SSXFF'),'admin',603);
Insert into COUPON (COUPON_ID,CATEGORY_ID,COUPON_SN,COUPON_NM,COUPON_DSCNT_RATE,COUPON_PBL_DT,COUPON_EPR_DT,STATUS,CREATE_DT,CREATOR,MODIFY_DT,MODIFIER,COUPON_DV) values (54,1,null,'의류 카테고리 10%',10,to_date('23/11/01','RR/MM/DD'),to_date('23/11/30','RR/MM/DD'),'Y',to_timestamp('23/10/26 12:20:45.154000000','RR/MM/DD HH24:MI:SSXFF'),'admin',to_timestamp('23/10/26 14:04:05.768000000','RR/MM/DD HH24:MI:SSXFF'),'admin',601);
Insert into COUPON (COUPON_ID,CATEGORY_ID,COUPON_SN,COUPON_NM,COUPON_DSCNT_RATE,COUPON_PBL_DT,COUPON_EPR_DT,STATUS,CREATE_DT,CREATOR,MODIFY_DT,MODIFIER,COUPON_DV) values (56,10,null,'생활용품 전체 7%',7,to_date('23/11/06','RR/MM/DD'),to_date('23/11/13','RR/MM/DD'),'Y',to_timestamp('23/10/26 12:22:50.897000000','RR/MM/DD HH24:MI:SSXFF'),'admin',to_timestamp('23/10/26 14:04:13.467000000','RR/MM/DD HH24:MI:SSXFF'),'admin',601);
Insert into COUPON (COUPON_ID,CATEGORY_ID,COUPON_SN,COUPON_NM,COUPON_DSCNT_RATE,COUPON_PBL_DT,COUPON_EPR_DT,STATUS,CREATE_DT,CREATOR,MODIFY_DT,MODIFIER,COUPON_DV) values (57,56,null,'달콤 바삭한 쿠키 9%',9,to_date('23/10/29','RR/MM/DD'),to_date('23/11/19','RR/MM/DD'),'Y',to_timestamp('23/10/26 12:23:29.159000000','RR/MM/DD HH24:MI:SSXFF'),'admin',to_timestamp('23/10/26 14:03:35.767000000','RR/MM/DD HH24:MI:SSXFF'),'admin',601);
Insert into COUPON (COUPON_ID,CATEGORY_ID,COUPON_SN,COUPON_NM,COUPON_DSCNT_RATE,COUPON_PBL_DT,COUPON_EPR_DT,STATUS,CREATE_DT,CREATOR,MODIFY_DT,MODIFIER,COUPON_DV) values (58,5,null,'주방용품 10%',10,to_date('23/10/26','RR/MM/DD'),to_date('23/11/26','RR/MM/DD'),'Y',to_timestamp('23/10/26 12:25:43.008000000','RR/MM/DD HH24:MI:SSXFF'),'admin',to_timestamp('23/10/26 14:03:40.879000000','RR/MM/DD HH24:MI:SSXFF'),'admin',601);
Insert into COUPON (COUPON_ID,CATEGORY_ID,COUPON_SN,COUPON_NM,COUPON_DSCNT_RATE,COUPON_PBL_DT,COUPON_EPR_DT,STATUS,CREATE_DT,CREATOR,MODIFY_DT,MODIFIER,COUPON_DV) values (60,23,null,'소설 카테고리 5%',5,to_date('23/10/26','RR/MM/DD'),to_date('23/11/12','RR/MM/DD'),'Y',to_timestamp('23/10/26 12:28:23.159000000','RR/MM/DD HH24:MI:SSXFF'),'admin',to_timestamp('23/10/26 14:04:08.786000000','RR/MM/DD HH24:MI:SSXFF'),'admin',601);
Insert into COUPON (COUPON_ID,CATEGORY_ID,COUPON_SN,COUPON_NM,COUPON_DSCNT_RATE,COUPON_PBL_DT,COUPON_EPR_DT,STATUS,CREATE_DT,CREATOR,MODIFY_DT,MODIFIER,COUPON_DV) values (61,4,null,'유아동패션 카테고리 10%',10,to_date('23/11/01','RR/MM/DD'),to_date('23/11/30','RR/MM/DD'),'Y',to_timestamp('23/10/26 12:29:03.887000000','RR/MM/DD HH24:MI:SSXFF'),'admin',to_timestamp('23/10/26 14:04:11.257000000','RR/MM/DD HH24:MI:SSXFF'),'admin',601);
Insert into COUPON (COUPON_ID,CATEGORY_ID,COUPON_SN,COUPON_NM,COUPON_DSCNT_RATE,COUPON_PBL_DT,COUPON_EPR_DT,STATUS,CREATE_DT,CREATOR,MODIFY_DT,MODIFIER,COUPON_DV) values (62,17,null,'싱싱한 수산물 10%',10,to_date('23/10/27','RR/MM/DD'),to_date('23/10/29','RR/MM/DD'),'Y',to_timestamp('23/10/26 12:38:00.282000000','RR/MM/DD HH24:MI:SSXFF'),'admin',to_timestamp('23/10/26 14:03:53.706000000','RR/MM/DD HH24:MI:SSXFF'),'admin',601);
Insert into COUPON (COUPON_ID,CATEGORY_ID,COUPON_SN,COUPON_NM,COUPON_DSCNT_RATE,COUPON_PBL_DT,COUPON_EPR_DT,STATUS,CREATE_DT,CREATOR,MODIFY_DT,MODIFIER,COUPON_DV) values (38,24,null,'수험서/자격증 15%',15,to_date('23/10/17','RR/MM/DD'),to_date('23/10/31','RR/MM/DD'),'Y',to_timestamp('23/10/17 23:33:16.925000000','RR/MM/DD HH24:MI:SSXFF'),'admin',to_timestamp('23/10/19 02:36:56.103000000','RR/MM/DD HH24:MI:SSXFF'),'admin',603);
Insert into COUPON (COUPON_ID,CATEGORY_ID,COUPON_SN,COUPON_NM,COUPON_DSCNT_RATE,COUPON_PBL_DT,COUPON_EPR_DT,STATUS,CREATE_DT,CREATOR,MODIFY_DT,MODIFIER,COUPON_DV) values (39,1,null,'겨울맞이 의류 10%',10,to_date('23/10/31','RR/MM/DD'),to_date('23/11/08','RR/MM/DD'),'Y',to_timestamp('23/10/17 23:39:44.126000000','RR/MM/DD HH24:MI:SSXFF'),'admin',to_timestamp('23/10/19 01:54:16.689000000','RR/MM/DD HH24:MI:SSXFF'),'admin',603);
Insert into COUPON (COUPON_ID,CATEGORY_ID,COUPON_SN,COUPON_NM,COUPON_DSCNT_RATE,COUPON_PBL_DT,COUPON_EPR_DT,STATUS,CREATE_DT,CREATOR,MODIFY_DT,MODIFIER,COUPON_DV) values (40,0,null,'10월 전체 5%',5,to_date('23/10/01','RR/MM/DD'),to_date('23/10/31','RR/MM/DD'),'Y',to_timestamp('23/10/18 15:01:57.083000000','RR/MM/DD HH24:MI:SSXFF'),'admin',to_timestamp('23/10/19 09:21:51.758000000','RR/MM/DD HH24:MI:SSXFF'),'admin',602);
Insert into COUPON (COUPON_ID,CATEGORY_ID,COUPON_SN,COUPON_NM,COUPON_DSCNT_RATE,COUPON_PBL_DT,COUPON_EPR_DT,STATUS,CREATE_DT,CREATOR,MODIFY_DT,MODIFIER,COUPON_DV) values (22,10,'nZakT4uMuMAI4VRF','라이프 카테고리 10%',10,to_date('23/10/16','RR/MM/DD'),to_date('23/10/20','RR/MM/DD'),'Y',to_timestamp('23/10/06 14:46:10.729000000','RR/MM/DD HH24:MI:SSXFF'),'admin',to_timestamp('23/10/19 02:52:58.990000000','RR/MM/DD HH24:MI:SSXFF'),'admin',603);
Insert into COUPON (COUPON_ID,CATEGORY_ID,COUPON_SN,COUPON_NM,COUPON_DSCNT_RATE,COUPON_PBL_DT,COUPON_EPR_DT,STATUS,CREATE_DT,CREATOR,MODIFY_DT,MODIFIER,COUPON_DV) values (23,0,'A3dCUV61hDVLJOUn','전상품 대상 10%',10,to_date('23/10/06','RR/MM/DD'),to_date('23/10/31','RR/MM/DD'),'Y',to_timestamp('23/10/06 14:47:01.929000000','RR/MM/DD HH24:MI:SSXFF'),'admin',to_timestamp('23/10/19 02:53:17.561000000','RR/MM/DD HH24:MI:SSXFF'),'admin',602);
Insert into COUPON (COUPON_ID,CATEGORY_ID,COUPON_SN,COUPON_NM,COUPON_DSCNT_RATE,COUPON_PBL_DT,COUPON_EPR_DT,STATUS,CREATE_DT,CREATOR,MODIFY_DT,MODIFIER,COUPON_DV) values (24,14,'hqDV8j8O7gORdoGy','식품 카테고리 10%',10,to_date('23/10/09','RR/MM/DD'),to_date('23/10/15','RR/MM/DD'),'Y',to_timestamp('23/10/06 14:47:25.442000000','RR/MM/DD HH24:MI:SSXFF'),'admin',to_timestamp('23/10/19 02:53:56.811000000','RR/MM/DD HH24:MI:SSXFF'),'admin',603);
Insert into COUPON (COUPON_ID,CATEGORY_ID,COUPON_SN,COUPON_NM,COUPON_DSCNT_RATE,COUPON_PBL_DT,COUPON_EPR_DT,STATUS,CREATE_DT,CREATOR,MODIFY_DT,MODIFIER,COUPON_DV) values (25,1,'WhJUxkOAJ2g7gXFS','가을맞이 의류 카테고리 15%',15,to_date('23/10/16','RR/MM/DD'),to_date('23/10/22','RR/MM/DD'),'Y',to_timestamp('23/10/06 14:49:31.119000000','RR/MM/DD HH24:MI:SSXFF'),'admin',to_timestamp('23/10/19 02:37:33.052000000','RR/MM/DD HH24:MI:SSXFF'),'admin',603);
Insert into COUPON (COUPON_ID,CATEGORY_ID,COUPON_SN,COUPON_NM,COUPON_DSCNT_RATE,COUPON_PBL_DT,COUPON_EPR_DT,STATUS,CREATE_DT,CREATOR,MODIFY_DT,MODIFIER,COUPON_DV) values (26,23,'U7xPq7TUrMaDoLi8','소설 카테고리 5%',5,to_date('23/11/01','RR/MM/DD'),to_date('23/11/08','RR/MM/DD'),'Y',to_timestamp('23/10/06 14:50:56.601000000','RR/MM/DD HH24:MI:SSXFF'),'admin',null,null,603);
Insert into COUPON (COUPON_ID,CATEGORY_ID,COUPON_SN,COUPON_NM,COUPON_DSCNT_RATE,COUPON_PBL_DT,COUPON_EPR_DT,STATUS,CREATE_DT,CREATOR,MODIFY_DT,MODIFIER,COUPON_DV) values (27,15,'yOXXjqNQ0oWM1B5P','과일 카테고리 5%',5,to_date('23/10/23','RR/MM/DD'),to_date('23/10/27','RR/MM/DD'),'Y',to_timestamp('23/10/06 14:51:32.052000000','RR/MM/DD HH24:MI:SSXFF'),'admin',null,null,603);
Insert into COUPON (COUPON_ID,CATEGORY_ID,COUPON_SN,COUPON_NM,COUPON_DSCNT_RATE,COUPON_PBL_DT,COUPON_EPR_DT,STATUS,CREATE_DT,CREATOR,MODIFY_DT,MODIFIER,COUPON_DV) values (28,12,'LWuey2WUfqQ40cWy','세탁용품 카테고리 13%',13,to_date('23/10/23','RR/MM/DD'),to_date('23/10/25','RR/MM/DD'),'Y',to_timestamp('23/10/06 14:52:06.740000000','RR/MM/DD HH24:MI:SSXFF'),'admin',null,null,603);
Insert into COUPON (COUPON_ID,CATEGORY_ID,COUPON_SN,COUPON_NM,COUPON_DSCNT_RATE,COUPON_PBL_DT,COUPON_EPR_DT,STATUS,CREATE_DT,CREATOR,MODIFY_DT,MODIFIER,COUPON_DV) values (29,3,'U9xTsoI7ekHXpkaO','남성패션 카테고리 7%',7,to_date('23/10/07','RR/MM/DD'),to_date('23/10/22','RR/MM/DD'),'Y',to_timestamp('23/10/06 14:52:45.885000000','RR/MM/DD HH24:MI:SSXFF'),'admin',null,null,603);
Insert into COUPON (COUPON_ID,CATEGORY_ID,COUPON_SN,COUPON_NM,COUPON_DSCNT_RATE,COUPON_PBL_DT,COUPON_EPR_DT,STATUS,CREATE_DT,CREATOR,MODIFY_DT,MODIFIER,COUPON_DV) values (30,25,'CQhD90a55vBmZcS5','젤리 카테고리 9%',9,to_date('23/11/01','RR/MM/DD'),to_date('23/11/11','RR/MM/DD'),'Y',to_timestamp('23/10/06 14:53:38.775000000','RR/MM/DD HH24:MI:SSXFF'),'admin',null,null,603);
Insert into COUPON (COUPON_ID,CATEGORY_ID,COUPON_SN,COUPON_NM,COUPON_DSCNT_RATE,COUPON_PBL_DT,COUPON_EPR_DT,STATUS,CREATE_DT,CREATOR,MODIFY_DT,MODIFIER,COUPON_DV) values (31,18,'edXzG04K8eyIHM8k','빼빼로데이 기념 과자 카테고리 11%',11,to_date('23/11/01','RR/MM/DD'),to_date('23/11/12','RR/MM/DD'),'N',to_timestamp('23/10/06 14:54:45.955000000','RR/MM/DD HH24:MI:SSXFF'),'admin',to_timestamp('23/10/26 02:53:24.248000000','RR/MM/DD HH24:MI:SSXFF'),'admin',603);
Insert into COUPON (COUPON_ID,CATEGORY_ID,COUPON_SN,COUPON_NM,COUPON_DSCNT_RATE,COUPON_PBL_DT,COUPON_EPR_DT,STATUS,CREATE_DT,CREATOR,MODIFY_DT,MODIFIER,COUPON_DV) values (49,23,null,'독서의 계절 쿠폰',20,to_date('23/10/23','RR/MM/DD'),to_date('23/11/30','RR/MM/DD'),'Y',to_timestamp('23/10/23 10:55:25.069000000','RR/MM/DD HH24:MI:SSXFF'),'admin',to_timestamp('23/10/26 14:03:47.964000000','RR/MM/DD HH24:MI:SSXFF'),'admin',602);
Insert into COUPON (COUPON_ID,CATEGORY_ID,COUPON_SN,COUPON_NM,COUPON_DSCNT_RATE,COUPON_PBL_DT,COUPON_EPR_DT,STATUS,CREATE_DT,CREATOR,MODIFY_DT,MODIFIER,COUPON_DV) values (51,3,null,'10월 마지막 주말 쿠폰 12%',12,to_date('23/10/28','RR/MM/DD'),to_date('23/10/29','RR/MM/DD'),'N',to_timestamp('23/10/26 02:27:09.283000000','RR/MM/DD HH24:MI:SSXFF'),'admin',to_timestamp('23/10/26 02:27:47.797000000','RR/MM/DD HH24:MI:SSXFF'),'admin',602);
Insert into COUPON (COUPON_ID,CATEGORY_ID,COUPON_SN,COUPON_NM,COUPON_DSCNT_RATE,COUPON_PBL_DT,COUPON_EPR_DT,STATUS,CREATE_DT,CREATOR,MODIFY_DT,MODIFIER,COUPON_DV) values (52,5,null,'주방용품 15%',15,to_date('23/10/26','RR/MM/DD'),to_date('23/10/31','RR/MM/DD'),'N',to_timestamp('23/10/26 02:29:41.314000000','RR/MM/DD HH24:MI:SSXFF'),'admin',to_timestamp('23/10/26 02:29:50.393000000','RR/MM/DD HH24:MI:SSXFF'),'admin',602);
Insert into COUPON (COUPON_ID,CATEGORY_ID,COUPON_SN,COUPON_NM,COUPON_DSCNT_RATE,COUPON_PBL_DT,COUPON_EPR_DT,STATUS,CREATE_DT,CREATOR,MODIFY_DT,MODIFIER,COUPON_DV) values (50,0,null,'날씨는 추워도 마음은 따뜻하게 쿠폰',10,to_date('23/10/23','RR/MM/DD'),to_date('23/12/31','RR/MM/DD'),'Y',to_timestamp('23/10/23 10:56:28.164000000','RR/MM/DD HH24:MI:SSXFF'),'admin',to_timestamp('23/10/23 10:56:30.933000000','RR/MM/DD HH24:MI:SSXFF'),'admin',603);
Insert into COUPON (COUPON_ID,CATEGORY_ID,COUPON_SN,COUPON_NM,COUPON_DSCNT_RATE,COUPON_PBL_DT,COUPON_EPR_DT,STATUS,CREATE_DT,CREATOR,MODIFY_DT,MODIFIER,COUPON_DV) values (53,0,null,'테스트 5%',5,to_date('23/10/27','RR/MM/DD'),to_date('23/10/31','RR/MM/DD'),'N',to_timestamp('23/10/26 02:53:04.027000000','RR/MM/DD HH24:MI:SSXFF'),'admin',to_timestamp('23/10/26 02:53:15.078000000','RR/MM/DD HH24:MI:SSXFF'),'admin',602);
commit;
REM INSERTING into CUSTOMER
SET DEFINE OFF;
Insert into CUSTOMER (CUSTOMER_ID,CUSTOMER_EMAIL,CUSTOMER_PW,CUSTOMER_NM,CUSTOMER_TELNO,CUSTOMER_DV,STATUS,CREATE_DT,CREATOR,MODIFY_DT,MODIFIER,LOGIN_METHOD) values (0,'admin','$2a$10$8nCqigfNUkrguClRb4y9ieyn0xROmjTNVMP1EEJXrIDgDSGpcy6OK','관리자','000-0000-0000',102,'Y',to_timestamp('23/08/29 14:57:34.374000000','RR/MM/DD HH24:MI:SSXFF'),'admin',null,null,'inside');
Insert into CUSTOMER (CUSTOMER_ID,CUSTOMER_EMAIL,CUSTOMER_PW,CUSTOMER_NM,CUSTOMER_TELNO,CUSTOMER_DV,STATUS,CREATE_DT,CREATOR,MODIFY_DT,MODIFIER,LOGIN_METHOD) values (28,'hyunwoong6663@gmail.com','1234','나현웅','010-0000-0000',101,'Y',to_timestamp('23/09/26 15:42:05.565000000','RR/MM/DD HH24:MI:SSXFF'),'admin',null,null,'google');
Insert into CUSTOMER (CUSTOMER_ID,CUSTOMER_EMAIL,CUSTOMER_PW,CUSTOMER_NM,CUSTOMER_TELNO,CUSTOMER_DV,STATUS,CREATE_DT,CREATOR,MODIFY_DT,MODIFIER,LOGIN_METHOD) values (31,'wh467925@naver.com','1234','조한나','010-0000-0000',101,'Y',to_timestamp('23/09/26 19:38:35.070000000','RR/MM/DD HH24:MI:SSXFF'),'admin',null,null,'naver');
Insert into CUSTOMER (CUSTOMER_ID,CUSTOMER_EMAIL,CUSTOMER_PW,CUSTOMER_NM,CUSTOMER_TELNO,CUSTOMER_DV,STATUS,CREATE_DT,CREATOR,MODIFY_DT,MODIFIER,LOGIN_METHOD) values (14,'seeun0426@gmail.com','$2a$10$GaF5M.lpXsplwSRbJmCQhuYVtpB11sZBleqzLMk0py34CwKol.2jq','이세은','010-1234-5678',101,'Y',to_timestamp('23/07/29 13:25:26.722000000','RR/MM/DD HH24:MI:SSXFF'),'admin',null,null,'inside');
Insert into CUSTOMER (CUSTOMER_ID,CUSTOMER_EMAIL,CUSTOMER_PW,CUSTOMER_NM,CUSTOMER_TELNO,CUSTOMER_DV,STATUS,CREATE_DT,CREATOR,MODIFY_DT,MODIFIER,LOGIN_METHOD) values (29,'movie7650@gmail.com','1234','J_J한 일상','010-0000-0000',101,'Y',to_timestamp('23/09/26 16:38:50.134000000','RR/MM/DD HH24:MI:SSXFF'),'admin',null,null,'google');
Insert into CUSTOMER (CUSTOMER_ID,CUSTOMER_EMAIL,CUSTOMER_PW,CUSTOMER_NM,CUSTOMER_TELNO,CUSTOMER_DV,STATUS,CREATE_DT,CREATOR,MODIFY_DT,MODIFIER,LOGIN_METHOD) values (34,'movie7650@naver.com','$2a$10$bcdPH7M11iu3K/TAI0D69.p6INp5HlSEXGoXkLCDU5TUjJl8FMtzG','윤상영','010-1234-5678',101,'Y',to_timestamp('23/10/02 10:37:44.173000000','RR/MM/DD HH24:MI:SSXFF'),'admin',to_timestamp('23/10/19 15:00:38.489000000','RR/MM/DD HH24:MI:SSXFF'),'34','inside');
Insert into CUSTOMER (CUSTOMER_ID,CUSTOMER_EMAIL,CUSTOMER_PW,CUSTOMER_NM,CUSTOMER_TELNO,CUSTOMER_DV,STATUS,CREATE_DT,CREATOR,MODIFY_DT,MODIFIER,LOGIN_METHOD) values (102,'test2@test.com','test2','hong2','010-5555-5555',1,'Y',to_timestamp('23/09/12 10:18:39.732000000','RR/MM/DD HH24:MI:SSXFF'),'admin',null,null,'inside');
Insert into CUSTOMER (CUSTOMER_ID,CUSTOMER_EMAIL,CUSTOMER_PW,CUSTOMER_NM,CUSTOMER_TELNO,CUSTOMER_DV,STATUS,CREATE_DT,CREATOR,MODIFY_DT,MODIFIER,LOGIN_METHOD) values (20,'r0325@naver.com','$2a$10$NNMnzzbmzrOAu/KvgmazX.6gXZFSbMeVoA.35J9GEJNySFr3c/wmG','양정열','010-9957-0673',101,'Y',to_timestamp('23/09/19 19:42:39.928000000','RR/MM/DD HH24:MI:SSXFF'),'admin',null,null,'inside');
Insert into CUSTOMER (CUSTOMER_ID,CUSTOMER_EMAIL,CUSTOMER_PW,CUSTOMER_NM,CUSTOMER_TELNO,CUSTOMER_DV,STATUS,CREATE_DT,CREATOR,MODIFY_DT,MODIFIER,LOGIN_METHOD) values (21,'zoooz0616@gmail.com','$2a$10$wcEC9JEhf7BN0lWu4EF5Y.yw5c5gcoRtedCn5Cpz86SYL/94olDjy','이은지','010-5744-7339',101,'Y',to_timestamp('23/09/19 19:47:43.395000000','RR/MM/DD HH24:MI:SSXFF'),'admin',null,null,'inside');
Insert into CUSTOMER (CUSTOMER_ID,CUSTOMER_EMAIL,CUSTOMER_PW,CUSTOMER_NM,CUSTOMER_TELNO,CUSTOMER_DV,STATUS,CREATE_DT,CREATOR,MODIFY_DT,MODIFIER,LOGIN_METHOD) values (16,'junwon20170339@gmail.com','$2a$10$d/M3gew9k59c3HcY1KE8d.kjZUNEb5UmSJa1W.VaomxQReWV/pn4m','최준원','010-1234-6789',101,'Y',to_timestamp('23/08/29 16:28:14.946000000','RR/MM/DD HH24:MI:SSXFF'),'admin',to_timestamp('23/10/06 10:18:30.918000000','RR/MM/DD HH24:MI:SSXFF'),'16','inside');
Insert into CUSTOMER (CUSTOMER_ID,CUSTOMER_EMAIL,CUSTOMER_PW,CUSTOMER_NM,CUSTOMER_TELNO,CUSTOMER_DV,STATUS,CREATE_DT,CREATOR,MODIFY_DT,MODIFIER,LOGIN_METHOD) values (32,'tommy20230620@gmail.com','1234','토미','010-0000-0000',101,'Y',to_timestamp('23/09/27 11:29:31.172000000','RR/MM/DD HH24:MI:SSXFF'),'admin',null,null,'google');
Insert into CUSTOMER (CUSTOMER_ID,CUSTOMER_EMAIL,CUSTOMER_PW,CUSTOMER_NM,CUSTOMER_TELNO,CUSTOMER_DV,STATUS,CREATE_DT,CREATOR,MODIFY_DT,MODIFIER,LOGIN_METHOD) values (41,'movie7650@naver.com','1234','윤상영','010-0000-0000',101,'Y',to_timestamp('23/10/24 15:38:04.210000000','RR/MM/DD HH24:MI:SSXFF'),'admin',null,null,'naver');
Insert into CUSTOMER (CUSTOMER_ID,CUSTOMER_EMAIL,CUSTOMER_PW,CUSTOMER_NM,CUSTOMER_TELNO,CUSTOMER_DV,STATUS,CREATE_DT,CREATOR,MODIFY_DT,MODIFIER,LOGIN_METHOD) values (42,'leeseinuu@naver.com','$2a$10$VdObbhx4FULhU0U2.1VLvOCPV7YvS.u.ArCIsCn8pWw712t5a1m5y','차은우','010-5678-1234',101,'Y',to_timestamp('23/06/26 09:22:08.105000000','RR/MM/DD HH24:MI:SSXFF'),'admin',null,null,'inside');
Insert into CUSTOMER (CUSTOMER_ID,CUSTOMER_EMAIL,CUSTOMER_PW,CUSTOMER_NM,CUSTOMER_TELNO,CUSTOMER_DV,STATUS,CREATE_DT,CREATOR,MODIFY_DT,MODIFIER,LOGIN_METHOD) values (101,'test@test.com','test','hong','010-1234-1234',1,'Y',to_timestamp('23/08/28 09:14:45.758000000','RR/MM/DD HH24:MI:SSXFF'),'admin',null,null,'inside');
Insert into CUSTOMER (CUSTOMER_ID,CUSTOMER_EMAIL,CUSTOMER_PW,CUSTOMER_NM,CUSTOMER_TELNO,CUSTOMER_DV,STATUS,CREATE_DT,CREATOR,MODIFY_DT,MODIFIER,LOGIN_METHOD) values (18,'ntweety@naver.com','$2a$10$hMbMQPS5WCdJzBhtzn4FO.lDoLP4Gi/BdM637zYL2ZWhcqfzYX5Wi','웅쓰','010-3330-7489',101,'Y',to_timestamp('23/09/04 17:23:02.606000000','RR/MM/DD HH24:MI:SSXFF'),'admin',to_timestamp('23/10/23 11:14:14.758000000','RR/MM/DD HH24:MI:SSXFF'),'18','inside');
Insert into CUSTOMER (CUSTOMER_ID,CUSTOMER_EMAIL,CUSTOMER_PW,CUSTOMER_NM,CUSTOMER_TELNO,CUSTOMER_DV,STATUS,CREATE_DT,CREATOR,MODIFY_DT,MODIFIER,LOGIN_METHOD) values (22,'movie7650@gmail.com','$2a$10$LZQcge4m6OJ7hopRf6S1ReSY9A67ip0HkEy66ztgzmxnVEcx2NpCy','윤상영','010-1212-1212',101,'Y',to_timestamp('23/09/19 21:01:46.864000000','RR/MM/DD HH24:MI:SSXFF'),'admin',null,null,'inside');
Insert into CUSTOMER (CUSTOMER_ID,CUSTOMER_EMAIL,CUSTOMER_PW,CUSTOMER_NM,CUSTOMER_TELNO,CUSTOMER_DV,STATUS,CREATE_DT,CREATOR,MODIFY_DT,MODIFIER,LOGIN_METHOD) values (23,'cjw9977@naver.com','1234','최준원','010-0000-0000',101,'Y',to_timestamp('23/09/26 11:43:05.160000000','RR/MM/DD HH24:MI:SSXFF'),'admin',null,null,'naver');
Insert into CUSTOMER (CUSTOMER_ID,CUSTOMER_EMAIL,CUSTOMER_PW,CUSTOMER_NM,CUSTOMER_TELNO,CUSTOMER_DV,STATUS,CREATE_DT,CREATOR,MODIFY_DT,MODIFIER,LOGIN_METHOD) values (17,'lseinuu@gmail.com','$2a$10$wEcRnX1l5q4NmVQ62b/NCuWOzsl/BjMcb74K5uNB9zmnqpiib4eL6','이세인','010-2082-1234',101,'Y',to_timestamp('23/08/30 11:50:17.129000000','RR/MM/DD HH24:MI:SSXFF'),'admin',null,null,'inside');
Insert into CUSTOMER (CUSTOMER_ID,CUSTOMER_EMAIL,CUSTOMER_PW,CUSTOMER_NM,CUSTOMER_TELNO,CUSTOMER_DV,STATUS,CREATE_DT,CREATOR,MODIFY_DT,MODIFIER,LOGIN_METHOD) values (27,'junwon20170339@gmail.com','1234','최준원','010-0000-0000',101,'Y',to_timestamp('23/09/26 12:12:39.663000000','RR/MM/DD HH24:MI:SSXFF'),'admin',null,null,'google');
Insert into CUSTOMER (CUSTOMER_ID,CUSTOMER_EMAIL,CUSTOMER_PW,CUSTOMER_NM,CUSTOMER_TELNO,CUSTOMER_DV,STATUS,CREATE_DT,CREATOR,MODIFY_DT,MODIFIER,LOGIN_METHOD) values (40,'tommy20230620@gmail.com','$2a$10$/WM5z6aDAXDvz55q6zIt4.No6m5K7OaVAj6XUnnQafePriu2noWny','토미','010-8745-8992',101,'Y',to_timestamp('23/10/12 19:23:15.193000000','RR/MM/DD HH24:MI:SSXFF'),'admin',null,null,'inside');
commit;
REM INSERTING into CUSTOMER_COUPON
SET DEFINE OFF;
Insert into CUSTOMER_COUPON (CUSTOMER_COUPON_ID,CUSTOMER_ID,COUPON_ID,COUPON_USE_DV,COUPON_USE_DT,STATUS,CREATE_DT,CREATOR,MODIFY_DT,MODIFIER) values (55,0,30,203,null,'Y',to_timestamp('23/10/18 11:56:05.000000000','RR/MM/DD HH24:MI:SSXFF'),'0',null,null);
Insert into CUSTOMER_COUPON (CUSTOMER_COUPON_ID,CUSTOMER_ID,COUPON_ID,COUPON_USE_DV,COUPON_USE_DT,STATUS,CREATE_DT,CREATOR,MODIFY_DT,MODIFIER) values (90,18,22,201,null,'Y',to_timestamp('23/10/23 10:24:50.000000000','RR/MM/DD HH24:MI:SSXFF'),'18',null,null);
Insert into CUSTOMER_COUPON (CUSTOMER_COUPON_ID,CUSTOMER_ID,COUPON_ID,COUPON_USE_DV,COUPON_USE_DT,STATUS,CREATE_DT,CREATOR,MODIFY_DT,MODIFIER) values (74,0,38,203,null,'Y',to_timestamp('23/10/20 15:40:31.000000000','RR/MM/DD HH24:MI:SSXFF'),'0',null,null);
Insert into CUSTOMER_COUPON (CUSTOMER_COUPON_ID,CUSTOMER_ID,COUPON_ID,COUPON_USE_DV,COUPON_USE_DT,STATUS,CREATE_DT,CREATOR,MODIFY_DT,MODIFIER) values (100,17,29,201,null,'Y',to_timestamp('23/10/25 18:16:46.000000000','RR/MM/DD HH24:MI:SSXFF'),'17',null,null);
Insert into CUSTOMER_COUPON (CUSTOMER_COUPON_ID,CUSTOMER_ID,COUPON_ID,COUPON_USE_DV,COUPON_USE_DT,STATUS,CREATE_DT,CREATOR,MODIFY_DT,MODIFIER) values (151,0,62,201,null,'Y',to_timestamp('23/10/26 21:56:18.886000000','RR/MM/DD HH24:MI:SSXFF'),'admin',null,null);
Insert into CUSTOMER_COUPON (CUSTOMER_COUPON_ID,CUSTOMER_ID,COUPON_ID,COUPON_USE_DV,COUPON_USE_DT,STATUS,CREATE_DT,CREATOR,MODIFY_DT,MODIFIER) values (152,14,62,201,null,'Y',to_timestamp('23/10/26 21:56:18.886000000','RR/MM/DD HH24:MI:SSXFF'),'admin',null,null);
Insert into CUSTOMER_COUPON (CUSTOMER_COUPON_ID,CUSTOMER_ID,COUPON_ID,COUPON_USE_DV,COUPON_USE_DT,STATUS,CREATE_DT,CREATOR,MODIFY_DT,MODIFIER) values (153,16,62,201,null,'Y',to_timestamp('23/10/26 21:56:18.886000000','RR/MM/DD HH24:MI:SSXFF'),'admin',null,null);
Insert into CUSTOMER_COUPON (CUSTOMER_COUPON_ID,CUSTOMER_ID,COUPON_ID,COUPON_USE_DV,COUPON_USE_DT,STATUS,CREATE_DT,CREATOR,MODIFY_DT,MODIFIER) values (154,17,62,201,null,'Y',to_timestamp('23/10/26 21:56:18.886000000','RR/MM/DD HH24:MI:SSXFF'),'admin',null,null);
Insert into CUSTOMER_COUPON (CUSTOMER_COUPON_ID,CUSTOMER_ID,COUPON_ID,COUPON_USE_DV,COUPON_USE_DT,STATUS,CREATE_DT,CREATOR,MODIFY_DT,MODIFIER) values (155,18,62,201,null,'Y',to_timestamp('23/10/26 21:56:18.886000000','RR/MM/DD HH24:MI:SSXFF'),'admin',null,null);
Insert into CUSTOMER_COUPON (CUSTOMER_COUPON_ID,CUSTOMER_ID,COUPON_ID,COUPON_USE_DV,COUPON_USE_DT,STATUS,CREATE_DT,CREATOR,MODIFY_DT,MODIFIER) values (156,20,62,201,null,'Y',to_timestamp('23/10/26 21:56:18.886000000','RR/MM/DD HH24:MI:SSXFF'),'admin',null,null);
Insert into CUSTOMER_COUPON (CUSTOMER_COUPON_ID,CUSTOMER_ID,COUPON_ID,COUPON_USE_DV,COUPON_USE_DT,STATUS,CREATE_DT,CREATOR,MODIFY_DT,MODIFIER) values (157,21,62,201,null,'Y',to_timestamp('23/10/26 21:56:18.886000000','RR/MM/DD HH24:MI:SSXFF'),'admin',null,null);
Insert into CUSTOMER_COUPON (CUSTOMER_COUPON_ID,CUSTOMER_ID,COUPON_ID,COUPON_USE_DV,COUPON_USE_DT,STATUS,CREATE_DT,CREATOR,MODIFY_DT,MODIFIER) values (158,22,62,201,null,'Y',to_timestamp('23/10/26 21:56:18.886000000','RR/MM/DD HH24:MI:SSXFF'),'admin',null,null);
Insert into CUSTOMER_COUPON (CUSTOMER_COUPON_ID,CUSTOMER_ID,COUPON_ID,COUPON_USE_DV,COUPON_USE_DT,STATUS,CREATE_DT,CREATOR,MODIFY_DT,MODIFIER) values (159,23,62,201,null,'Y',to_timestamp('23/10/26 21:56:18.886000000','RR/MM/DD HH24:MI:SSXFF'),'admin',null,null);
Insert into CUSTOMER_COUPON (CUSTOMER_COUPON_ID,CUSTOMER_ID,COUPON_ID,COUPON_USE_DV,COUPON_USE_DT,STATUS,CREATE_DT,CREATOR,MODIFY_DT,MODIFIER) values (160,27,62,201,null,'Y',to_timestamp('23/10/26 21:56:18.886000000','RR/MM/DD HH24:MI:SSXFF'),'admin',null,null);
Insert into CUSTOMER_COUPON (CUSTOMER_COUPON_ID,CUSTOMER_ID,COUPON_ID,COUPON_USE_DV,COUPON_USE_DT,STATUS,CREATE_DT,CREATOR,MODIFY_DT,MODIFIER) values (161,28,62,201,null,'Y',to_timestamp('23/10/26 21:56:18.886000000','RR/MM/DD HH24:MI:SSXFF'),'admin',null,null);
Insert into CUSTOMER_COUPON (CUSTOMER_COUPON_ID,CUSTOMER_ID,COUPON_ID,COUPON_USE_DV,COUPON_USE_DT,STATUS,CREATE_DT,CREATOR,MODIFY_DT,MODIFIER) values (162,29,62,201,null,'Y',to_timestamp('23/10/26 21:56:18.886000000','RR/MM/DD HH24:MI:SSXFF'),'admin',null,null);
Insert into CUSTOMER_COUPON (CUSTOMER_COUPON_ID,CUSTOMER_ID,COUPON_ID,COUPON_USE_DV,COUPON_USE_DT,STATUS,CREATE_DT,CREATOR,MODIFY_DT,MODIFIER) values (163,31,62,201,null,'Y',to_timestamp('23/10/26 21:56:18.886000000','RR/MM/DD HH24:MI:SSXFF'),'admin',null,null);
Insert into CUSTOMER_COUPON (CUSTOMER_COUPON_ID,CUSTOMER_ID,COUPON_ID,COUPON_USE_DV,COUPON_USE_DT,STATUS,CREATE_DT,CREATOR,MODIFY_DT,MODIFIER) values (164,32,62,201,null,'Y',to_timestamp('23/10/26 21:56:18.886000000','RR/MM/DD HH24:MI:SSXFF'),'admin',null,null);
Insert into CUSTOMER_COUPON (CUSTOMER_COUPON_ID,CUSTOMER_ID,COUPON_ID,COUPON_USE_DV,COUPON_USE_DT,STATUS,CREATE_DT,CREATOR,MODIFY_DT,MODIFIER) values (166,40,62,201,null,'Y',to_timestamp('23/10/26 21:56:18.886000000','RR/MM/DD HH24:MI:SSXFF'),'admin',null,null);
Insert into CUSTOMER_COUPON (CUSTOMER_COUPON_ID,CUSTOMER_ID,COUPON_ID,COUPON_USE_DV,COUPON_USE_DT,STATUS,CREATE_DT,CREATOR,MODIFY_DT,MODIFIER) values (167,41,62,201,null,'Y',to_timestamp('23/10/26 21:56:18.886000000','RR/MM/DD HH24:MI:SSXFF'),'admin',null,null);
Insert into CUSTOMER_COUPON (CUSTOMER_COUPON_ID,CUSTOMER_ID,COUPON_ID,COUPON_USE_DV,COUPON_USE_DT,STATUS,CREATE_DT,CREATOR,MODIFY_DT,MODIFIER) values (168,42,62,201,null,'Y',to_timestamp('23/10/26 21:56:18.886000000','RR/MM/DD HH24:MI:SSXFF'),'admin',null,null);
Insert into CUSTOMER_COUPON (CUSTOMER_COUPON_ID,CUSTOMER_ID,COUPON_ID,COUPON_USE_DV,COUPON_USE_DT,STATUS,CREATE_DT,CREATOR,MODIFY_DT,MODIFIER) values (169,101,62,201,null,'Y',to_timestamp('23/10/26 21:56:18.886000000','RR/MM/DD HH24:MI:SSXFF'),'admin',null,null);
Insert into CUSTOMER_COUPON (CUSTOMER_COUPON_ID,CUSTOMER_ID,COUPON_ID,COUPON_USE_DV,COUPON_USE_DT,STATUS,CREATE_DT,CREATOR,MODIFY_DT,MODIFIER) values (170,102,62,201,null,'Y',to_timestamp('23/10/26 21:56:18.886000000','RR/MM/DD HH24:MI:SSXFF'),'admin',null,null);
Insert into CUSTOMER_COUPON (CUSTOMER_COUPON_ID,CUSTOMER_ID,COUPON_ID,COUPON_USE_DV,COUPON_USE_DT,STATUS,CREATE_DT,CREATOR,MODIFY_DT,MODIFIER) values (97,18,44,203,null,'Y',to_timestamp('23/10/24 14:37:38.000000000','RR/MM/DD HH24:MI:SSXFF'),'18',null,null);
Insert into CUSTOMER_COUPON (CUSTOMER_COUPON_ID,CUSTOMER_ID,COUPON_ID,COUPON_USE_DV,COUPON_USE_DT,STATUS,CREATE_DT,CREATOR,MODIFY_DT,MODIFIER) values (98,18,25,201,null,'Y',to_timestamp('23/10/24 14:38:01.000000000','RR/MM/DD HH24:MI:SSXFF'),'18',null,null);
Insert into CUSTOMER_COUPON (CUSTOMER_COUPON_ID,CUSTOMER_ID,COUPON_ID,COUPON_USE_DV,COUPON_USE_DT,STATUS,CREATE_DT,CREATOR,MODIFY_DT,MODIFIER) values (99,16,25,201,null,'Y',to_timestamp('23/10/24 14:56:35.000000000','RR/MM/DD HH24:MI:SSXFF'),'16',null,null);
Insert into CUSTOMER_COUPON (CUSTOMER_COUPON_ID,CUSTOMER_ID,COUPON_ID,COUPON_USE_DV,COUPON_USE_DT,STATUS,CREATE_DT,CREATOR,MODIFY_DT,MODIFIER) values (61,17,26,202,to_date('23/10/25','RR/MM/DD'),'Y',to_timestamp('23/10/18 17:48:27.000000000','RR/MM/DD HH24:MI:SSXFF'),'17',to_timestamp('23/10/25 16:04:22.546000000','RR/MM/DD HH24:MI:SSXFF'),'17');
Insert into CUSTOMER_COUPON (CUSTOMER_COUPON_ID,CUSTOMER_ID,COUPON_ID,COUPON_USE_DV,COUPON_USE_DT,STATUS,CREATE_DT,CREATOR,MODIFY_DT,MODIFIER) values (95,18,48,203,null,'Y',to_timestamp('23/10/23 19:32:17.000000000','RR/MM/DD HH24:MI:SSXFF'),'18',null,null);
Insert into CUSTOMER_COUPON (CUSTOMER_COUPON_ID,CUSTOMER_ID,COUPON_ID,COUPON_USE_DV,COUPON_USE_DT,STATUS,CREATE_DT,CREATOR,MODIFY_DT,MODIFIER) values (56,17,28,201,null,'Y',to_timestamp('23/10/18 17:39:58.000000000','RR/MM/DD HH24:MI:SSXFF'),'17',null,null);
Insert into CUSTOMER_COUPON (CUSTOMER_COUPON_ID,CUSTOMER_ID,COUPON_ID,COUPON_USE_DV,COUPON_USE_DT,STATUS,CREATE_DT,CREATOR,MODIFY_DT,MODIFIER) values (58,17,24,201,null,'Y',to_timestamp('23/10/18 17:46:01.000000000','RR/MM/DD HH24:MI:SSXFF'),'17',null,null);
Insert into CUSTOMER_COUPON (CUSTOMER_COUPON_ID,CUSTOMER_ID,COUPON_ID,COUPON_USE_DV,COUPON_USE_DT,STATUS,CREATE_DT,CREATOR,MODIFY_DT,MODIFIER) values (59,17,22,201,null,'Y',to_timestamp('23/10/18 17:46:14.000000000','RR/MM/DD HH24:MI:SSXFF'),'17',null,null);
Insert into CUSTOMER_COUPON (CUSTOMER_COUPON_ID,CUSTOMER_ID,COUPON_ID,COUPON_USE_DV,COUPON_USE_DT,STATUS,CREATE_DT,CREATOR,MODIFY_DT,MODIFIER) values (62,0,26,203,null,'Y',to_timestamp('23/10/18 18:20:14.000000000','RR/MM/DD HH24:MI:SSXFF'),'0',null,null);
Insert into CUSTOMER_COUPON (CUSTOMER_COUPON_ID,CUSTOMER_ID,COUPON_ID,COUPON_USE_DV,COUPON_USE_DT,STATUS,CREATE_DT,CREATOR,MODIFY_DT,MODIFIER) values (75,17,31,203,null,'Y',to_timestamp('23/10/22 14:24:27.000000000','RR/MM/DD HH24:MI:SSXFF'),'17',null,null);
Insert into CUSTOMER_COUPON (CUSTOMER_COUPON_ID,CUSTOMER_ID,COUPON_ID,COUPON_USE_DV,COUPON_USE_DT,STATUS,CREATE_DT,CREATOR,MODIFY_DT,MODIFIER) values (96,18,42,203,null,'Y',to_timestamp('23/10/24 09:26:27.000000000','RR/MM/DD HH24:MI:SSXFF'),'18',null,null);
Insert into CUSTOMER_COUPON (CUSTOMER_COUPON_ID,CUSTOMER_ID,COUPON_ID,COUPON_USE_DV,COUPON_USE_DT,STATUS,CREATE_DT,CREATOR,MODIFY_DT,MODIFIER) values (73,27,27,202,to_date('23/10/20','RR/MM/DD'),'Y',to_timestamp('23/10/20 11:39:22.000000000','RR/MM/DD HH24:MI:SSXFF'),'27',to_timestamp('23/10/20 13:46:19.740000000','RR/MM/DD HH24:MI:SSXFF'),'27');
Insert into CUSTOMER_COUPON (CUSTOMER_COUPON_ID,CUSTOMER_ID,COUPON_ID,COUPON_USE_DV,COUPON_USE_DT,STATUS,CREATE_DT,CREATOR,MODIFY_DT,MODIFIER) values (57,17,25,201,null,'Y',to_timestamp('23/10/18 17:40:11.000000000','RR/MM/DD HH24:MI:SSXFF'),'17',null,null);
Insert into CUSTOMER_COUPON (CUSTOMER_COUPON_ID,CUSTOMER_ID,COUPON_ID,COUPON_USE_DV,COUPON_USE_DT,STATUS,CREATE_DT,CREATOR,MODIFY_DT,MODIFIER) values (101,16,39,203,null,'Y',to_timestamp('23/10/26 11:44:40.000000000','RR/MM/DD HH24:MI:SSXFF'),'16',null,null);
commit;
REM INSERTING into INQUIRY
SET DEFINE OFF;
Insert into INQUIRY (INQUIRY_ID,PRODUCT_ID,CUSTOMER_ID,INQUIRY_PR_ID,INQUIRY_CONTENT,INQUIRY_ANS_DV,STATUS,CREATE_DT,CREATOR,MODIFY_DT,MODIFIER) values (3,135,17,null,'포카리가 몸에 좋나요','C','Y',to_timestamp('23/09/07 14:09:37.424000000','RR/MM/DD HH24:MI:SSXFF'),'17',to_timestamp('23/09/20 17:15:39.548000000','RR/MM/DD HH24:MI:SSXFF'),'0');
Insert into INQUIRY (INQUIRY_ID,PRODUCT_ID,CUSTOMER_ID,INQUIRY_PR_ID,INQUIRY_CONTENT,INQUIRY_ANS_DV,STATUS,CREATE_DT,CREATOR,MODIFY_DT,MODIFIER) values (4,135,17,null,'포카리 스웨트에서 스웨트가 sweat 맞나요? 그럼 땀을 다시 마시는 건가요?','W','Y',to_timestamp('23/09/07 14:10:10.184000000','RR/MM/DD HH24:MI:SSXFF'),'17',null,null);
Insert into INQUIRY (INQUIRY_ID,PRODUCT_ID,CUSTOMER_ID,INQUIRY_PR_ID,INQUIRY_CONTENT,INQUIRY_ANS_DV,STATUS,CREATE_DT,CREATOR,MODIFY_DT,MODIFIER) values (5,4,17,null,'세인','W','Y',to_timestamp('23/09/07 14:13:53.862000000','RR/MM/DD HH24:MI:SSXFF'),'17',null,null);
Insert into INQUIRY (INQUIRY_ID,PRODUCT_ID,CUSTOMER_ID,INQUIRY_PR_ID,INQUIRY_CONTENT,INQUIRY_ANS_DV,STATUS,CREATE_DT,CREATOR,MODIFY_DT,MODIFIER) values (70,429,17,null,'내 이름은 리세린 탐정이죠','C','Y',to_timestamp('23/10/04 16:06:24.937000000','RR/MM/DD HH24:MI:SSXFF'),'17',to_timestamp('23/10/05 09:44:34.448000000','RR/MM/DD HH24:MI:SSXFF'),'0');
Insert into INQUIRY (INQUIRY_ID,PRODUCT_ID,CUSTOMER_ID,INQUIRY_PR_ID,INQUIRY_CONTENT,INQUIRY_ANS_DV,STATUS,CREATE_DT,CREATOR,MODIFY_DT,MODIFIER) values (76,25,0,16,'&lt;div&gt;아니요&lt;/div&gt;','C','Y',to_timestamp('23/10/05 10:44:29.386000000','RR/MM/DD HH24:MI:SSXFF'),'0',null,null);
Insert into INQUIRY (INQUIRY_ID,PRODUCT_ID,CUSTOMER_ID,INQUIRY_PR_ID,INQUIRY_CONTENT,INQUIRY_ANS_DV,STATUS,CREATE_DT,CREATOR,MODIFY_DT,MODIFIER) values (78,469,27,null,'에너르기파','W','N',to_timestamp('23/10/05 16:19:00.130000000','RR/MM/DD HH24:MI:SSXFF'),'27',null,null);
Insert into INQUIRY (INQUIRY_ID,PRODUCT_ID,CUSTOMER_ID,INQUIRY_PR_ID,INQUIRY_CONTENT,INQUIRY_ANS_DV,STATUS,CREATE_DT,CREATOR,MODIFY_DT,MODIFIER) values (80,468,0,79,'워진꽝니
','C','Y',to_timestamp('23/10/05 16:27:25.612000000','RR/MM/DD HH24:MI:SSXFF'),'0',null,null);
Insert into INQUIRY (INQUIRY_ID,PRODUCT_ID,CUSTOMER_ID,INQUIRY_PR_ID,INQUIRY_CONTENT,INQUIRY_ANS_DV,STATUS,CREATE_DT,CREATOR,MODIFY_DT,MODIFIER) values (89,471,0,88,'이렇게 자꾸 장난쳐도 오레오는 고소합니다.','C','N',to_timestamp('23/10/10 09:41:23.272000000','RR/MM/DD HH24:MI:SSXFF'),'0',null,null);
Insert into INQUIRY (INQUIRY_ID,PRODUCT_ID,CUSTOMER_ID,INQUIRY_PR_ID,INQUIRY_CONTENT,INQUIRY_ANS_DV,STATUS,CREATE_DT,CREATOR,MODIFY_DT,MODIFIER) values (90,150,0,87,'ㅎ, 어머니.. 호구마요?? 호.박.고.구.마.요 어머니 ㅎㅎ','C','N',to_timestamp('23/10/10 09:41:41.248000000','RR/MM/DD HH24:MI:SSXFF'),'0',null,null);
Insert into INQUIRY (INQUIRY_ID,PRODUCT_ID,CUSTOMER_ID,INQUIRY_PR_ID,INQUIRY_CONTENT,INQUIRY_ANS_DV,STATUS,CREATE_DT,CREATOR,MODIFY_DT,MODIFIER) values (93,2,0,14,'왓더퍽?
','C','N',to_timestamp('23/10/10 10:37:25.671000000','RR/MM/DD HH24:MI:SSXFF'),'0',null,null);
Insert into INQUIRY (INQUIRY_ID,PRODUCT_ID,CUSTOMER_ID,INQUIRY_PR_ID,INQUIRY_CONTENT,INQUIRY_ANS_DV,STATUS,CREATE_DT,CREATOR,MODIFY_DT,MODIFIER) values (96,191,17,null,'스만아 치마컴샷한테 지면 은퇴다 진짜','C','Y',to_timestamp('23/10/12 11:14:41.153000000','RR/MM/DD HH24:MI:SSXFF'),'17',to_timestamp('23/10/13 14:33:44.919000000','RR/MM/DD HH24:MI:SSXFF'),'0');
Insert into INQUIRY (INQUIRY_ID,PRODUCT_ID,CUSTOMER_ID,INQUIRY_PR_ID,INQUIRY_CONTENT,INQUIRY_ANS_DV,STATUS,CREATE_DT,CREATOR,MODIFY_DT,MODIFIER) values (97,191,0,96,'ㅇㅈ~','C','N',to_timestamp('23/10/12 11:15:19.583000000','RR/MM/DD HH24:MI:SSXFF'),'0',null,null);
Insert into INQUIRY (INQUIRY_ID,PRODUCT_ID,CUSTOMER_ID,INQUIRY_PR_ID,INQUIRY_CONTENT,INQUIRY_ANS_DV,STATUS,CREATE_DT,CREATOR,MODIFY_DT,MODIFIER) values (98,488,17,null,'sdfsdf','W','Y',to_timestamp('23/10/13 13:57:12.112000000','RR/MM/DD HH24:MI:SSXFF'),'17',null,null);
Insert into INQUIRY (INQUIRY_ID,PRODUCT_ID,CUSTOMER_ID,INQUIRY_PR_ID,INQUIRY_CONTENT,INQUIRY_ANS_DV,STATUS,CREATE_DT,CREATOR,MODIFY_DT,MODIFIER) values (101,191,0,96,'dw~','C','Y',to_timestamp('23/10/13 14:33:44.901000000','RR/MM/DD HH24:MI:SSXFF'),'0',null,null);
Insert into INQUIRY (INQUIRY_ID,PRODUCT_ID,CUSTOMER_ID,INQUIRY_PR_ID,INQUIRY_CONTENT,INQUIRY_ANS_DV,STATUS,CREATE_DT,CREATOR,MODIFY_DT,MODIFIER) values (111,468,17,null,'제발해줘&#40;&#41;','C','Y',to_timestamp('23/10/13 17:14:06.741000000','RR/MM/DD HH24:MI:SSXFF'),'17',to_timestamp('23/10/13 17:31:39.167000000','RR/MM/DD HH24:MI:SSXFF'),'0');
Insert into INQUIRY (INQUIRY_ID,PRODUCT_ID,CUSTOMER_ID,INQUIRY_PR_ID,INQUIRY_CONTENT,INQUIRY_ANS_DV,STATUS,CREATE_DT,CREATOR,MODIFY_DT,MODIFIER) values (112,372,0,104,'지렁이 젤리 맛잇어 :&#41;&#41;','C','Y',to_timestamp('23/10/13 17:30:44.681000000','RR/MM/DD HH24:MI:SSXFF'),'0',null,null);
Insert into INQUIRY (INQUIRY_ID,PRODUCT_ID,CUSTOMER_ID,INQUIRY_PR_ID,INQUIRY_CONTENT,INQUIRY_ANS_DV,STATUS,CREATE_DT,CREATOR,MODIFY_DT,MODIFIER) values (113,468,0,111,'&lt;script&gt;alert&#40;"hahah"&#41;;&lt;/script&gt;','C','Y',to_timestamp('23/10/13 17:31:39.159000000','RR/MM/DD HH24:MI:SSXFF'),'0',null,null);
Insert into INQUIRY (INQUIRY_ID,PRODUCT_ID,CUSTOMER_ID,INQUIRY_PR_ID,INQUIRY_CONTENT,INQUIRY_ANS_DV,STATUS,CREATE_DT,CREATOR,MODIFY_DT,MODIFIER) values (116,468,0,110,'v','C','N',to_timestamp('23/10/16 00:50:21.138000000','RR/MM/DD HH24:MI:SSXFF'),'0',null,null);
Insert into INQUIRY (INQUIRY_ID,PRODUCT_ID,CUSTOMER_ID,INQUIRY_PR_ID,INQUIRY_CONTENT,INQUIRY_ANS_DV,STATUS,CREATE_DT,CREATOR,MODIFY_DT,MODIFIER) values (13,32,16,null,'에너르기파','W','Y',to_timestamp('23/09/20 14:27:19.981000000','RR/MM/DD HH24:MI:SSXFF'),'16',null,null);
Insert into INQUIRY (INQUIRY_ID,PRODUCT_ID,CUSTOMER_ID,INQUIRY_PR_ID,INQUIRY_CONTENT,INQUIRY_ANS_DV,STATUS,CREATE_DT,CREATOR,MODIFY_DT,MODIFIER) values (21,18,16,null,'너무 별로에요 환불 가능인가요?','C','Y',to_timestamp('23/09/20 14:30:12.688000000','RR/MM/DD HH24:MI:SSXFF'),'16',to_timestamp('23/09/20 17:17:01.494000000','RR/MM/DD HH24:MI:SSXFF'),'0');
Insert into INQUIRY (INQUIRY_ID,PRODUCT_ID,CUSTOMER_ID,INQUIRY_PR_ID,INQUIRY_CONTENT,INQUIRY_ANS_DV,STATUS,CREATE_DT,CREATOR,MODIFY_DT,MODIFIER) values (46,140,0,45,'오케이!!','C','N',to_timestamp('23/09/22 20:35:44.553000000','RR/MM/DD HH24:MI:SSXFF'),'0',null,null);
Insert into INQUIRY (INQUIRY_ID,PRODUCT_ID,CUSTOMER_ID,INQUIRY_PR_ID,INQUIRY_CONTENT,INQUIRY_ANS_DV,STATUS,CREATE_DT,CREATOR,MODIFY_DT,MODIFIER) values (108,18,17,null,'리스테린!@#$^&*&#40;^^','W','Y',to_timestamp('23/10/13 17:11:12.540000000','RR/MM/DD HH24:MI:SSXFF'),'17',null,null);
Insert into INQUIRY (INQUIRY_ID,PRODUCT_ID,CUSTOMER_ID,INQUIRY_PR_ID,INQUIRY_CONTENT,INQUIRY_ANS_DV,STATUS,CREATE_DT,CREATOR,MODIFY_DT,MODIFIER) values (72,13,0,20,'<script>alert("xss 공격이 시작됐다")</script>','C','Y',to_timestamp('23/10/05 09:50:00.295000000','RR/MM/DD HH24:MI:SSXFF'),'0',null,null);
Insert into INQUIRY (INQUIRY_ID,PRODUCT_ID,CUSTOMER_ID,INQUIRY_PR_ID,INQUIRY_CONTENT,INQUIRY_ANS_DV,STATUS,CREATE_DT,CREATOR,MODIFY_DT,MODIFIER) values (120,190,0,2,'네','C','Y',to_timestamp('23/10/17 11:38:45.694000000','RR/MM/DD HH24:MI:SSXFF'),'0',null,null);
Insert into INQUIRY (INQUIRY_ID,PRODUCT_ID,CUSTOMER_ID,INQUIRY_PR_ID,INQUIRY_CONTENT,INQUIRY_ANS_DV,STATUS,CREATE_DT,CREATOR,MODIFY_DT,MODIFIER) values (105,468,17,null,'테스트','W','N',to_timestamp('23/10/13 17:04:44.199000000','RR/MM/DD HH24:MI:SSXFF'),'17',null,null);
Insert into INQUIRY (INQUIRY_ID,PRODUCT_ID,CUSTOMER_ID,INQUIRY_PR_ID,INQUIRY_CONTENT,INQUIRY_ANS_DV,STATUS,CREATE_DT,CREATOR,MODIFY_DT,MODIFIER) values (107,18,17,null,'감사합니다리우스','W','Y',to_timestamp('23/10/13 17:10:39.307000000','RR/MM/DD HH24:MI:SSXFF'),'17',null,null);
Insert into INQUIRY (INQUIRY_ID,PRODUCT_ID,CUSTOMER_ID,INQUIRY_PR_ID,INQUIRY_CONTENT,INQUIRY_ANS_DV,STATUS,CREATE_DT,CREATOR,MODIFY_DT,MODIFIER) values (7,190,17,null,'진짜 잘꾸미지 않음?','W','Y',to_timestamp('23/09/07 15:43:30.990000000','RR/MM/DD HH24:MI:SSXFF'),'17',null,null);
Insert into INQUIRY (INQUIRY_ID,PRODUCT_ID,CUSTOMER_ID,INQUIRY_PR_ID,INQUIRY_CONTENT,INQUIRY_ANS_DV,STATUS,CREATE_DT,CREATOR,MODIFY_DT,MODIFIER) values (11,365,16,null,'지렁이가 왜이리 비싸나요?','W','Y',to_timestamp('23/09/20 14:22:52.800000000','RR/MM/DD HH24:MI:SSXFF'),'16',null,null);
Insert into INQUIRY (INQUIRY_ID,PRODUCT_ID,CUSTOMER_ID,INQUIRY_PR_ID,INQUIRY_CONTENT,INQUIRY_ANS_DV,STATUS,CREATE_DT,CREATOR,MODIFY_DT,MODIFIER) values (12,35,16,null,'중국산은 없나요?','C','Y',to_timestamp('23/09/20 14:27:06.078000000','RR/MM/DD HH24:MI:SSXFF'),'16',to_timestamp('23/09/20 17:52:01.667000000','RR/MM/DD HH24:MI:SSXFF'),'0');
Insert into INQUIRY (INQUIRY_ID,PRODUCT_ID,CUSTOMER_ID,INQUIRY_PR_ID,INQUIRY_CONTENT,INQUIRY_ANS_DV,STATUS,CREATE_DT,CREATOR,MODIFY_DT,MODIFIER) values (17,136,16,null,'이리 오레오','C','Y',to_timestamp('23/09/20 14:28:51.089000000','RR/MM/DD HH24:MI:SSXFF'),'16',to_timestamp('23/10/05 10:02:23.423000000','RR/MM/DD HH24:MI:SSXFF'),'0');
Insert into INQUIRY (INQUIRY_ID,PRODUCT_ID,CUSTOMER_ID,INQUIRY_PR_ID,INQUIRY_CONTENT,INQUIRY_ANS_DV,STATUS,CREATE_DT,CREATOR,MODIFY_DT,MODIFIER) values (19,23,16,null,'성인용은 없나요?','C','Y',to_timestamp('23/09/20 14:29:35.214000000','RR/MM/DD HH24:MI:SSXFF'),'16',to_timestamp('23/10/05 09:53:15.214000000','RR/MM/DD HH24:MI:SSXFF'),'0');
Insert into INQUIRY (INQUIRY_ID,PRODUCT_ID,CUSTOMER_ID,INQUIRY_PR_ID,INQUIRY_CONTENT,INQUIRY_ANS_DV,STATUS,CREATE_DT,CREATOR,MODIFY_DT,MODIFIER) values (20,13,16,null,'눈물이 너무 많이 나와요...','C','Y',to_timestamp('23/09/20 14:29:50.494000000','RR/MM/DD HH24:MI:SSXFF'),'16',to_timestamp('23/10/05 09:50:00.303000000','RR/MM/DD HH24:MI:SSXFF'),'0');
Insert into INQUIRY (INQUIRY_ID,PRODUCT_ID,CUSTOMER_ID,INQUIRY_PR_ID,INQUIRY_CONTENT,INQUIRY_ANS_DV,STATUS,CREATE_DT,CREATOR,MODIFY_DT,MODIFIER) values (35,35,0,27,'나는 몰라요','C','Y',to_timestamp('23/09/21 11:13:09.750000000','RR/MM/DD HH24:MI:SSXFF'),'0',null,null);
Insert into INQUIRY (INQUIRY_ID,PRODUCT_ID,CUSTOMER_ID,INQUIRY_PR_ID,INQUIRY_CONTENT,INQUIRY_ANS_DV,STATUS,CREATE_DT,CREATOR,MODIFY_DT,MODIFIER) values (83,11,0,82,'ㅎㅇㅎㅇ','C','N',to_timestamp('23/10/05 19:53:32.742000000','RR/MM/DD HH24:MI:SSXFF'),'0',null,null);
Insert into INQUIRY (INQUIRY_ID,PRODUCT_ID,CUSTOMER_ID,INQUIRY_PR_ID,INQUIRY_CONTENT,INQUIRY_ANS_DV,STATUS,CREATE_DT,CREATOR,MODIFY_DT,MODIFIER) values (140,511,0,139,'&lt;script&gt;alert&#40;"XSS 공격이 시작됐다!"&#41;;&lt;/script&gt;','C','Y',to_timestamp('23/10/20 15:37:10.856000000','RR/MM/DD HH24:MI:SSXFF'),'0',null,null);
Insert into INQUIRY (INQUIRY_ID,PRODUCT_ID,CUSTOMER_ID,INQUIRY_PR_ID,INQUIRY_CONTENT,INQUIRY_ANS_DV,STATUS,CREATE_DT,CREATOR,MODIFY_DT,MODIFIER) values (151,30,27,null,'에너르기파','W','Y',to_timestamp('23/10/24 11:22:43.707000000','RR/MM/DD HH24:MI:SSXFF'),'27',null,null);
Insert into INQUIRY (INQUIRY_ID,PRODUCT_ID,CUSTOMER_ID,INQUIRY_PR_ID,INQUIRY_CONTENT,INQUIRY_ANS_DV,STATUS,CREATE_DT,CREATOR,MODIFY_DT,MODIFIER) values (66,19,0,64,'윤상영 똥꼬','C','Y',to_timestamp('23/09/26 16:12:32.766000000','RR/MM/DD HH24:MI:SSXFF'),'0',null,null);
Insert into INQUIRY (INQUIRY_ID,PRODUCT_ID,CUSTOMER_ID,INQUIRY_PR_ID,INQUIRY_CONTENT,INQUIRY_ANS_DV,STATUS,CREATE_DT,CREATOR,MODIFY_DT,MODIFIER) values (69,192,0,47,'되려 ㅇ란어ㅏㄹㅇ나ㅣ란','C','Y',to_timestamp('23/10/02 13:53:41.586000000','RR/MM/DD HH24:MI:SSXFF'),'0',null,null);
Insert into INQUIRY (INQUIRY_ID,PRODUCT_ID,CUSTOMER_ID,INQUIRY_PR_ID,INQUIRY_CONTENT,INQUIRY_ANS_DV,STATUS,CREATE_DT,CREATOR,MODIFY_DT,MODIFIER) values (91,429,0,86,'nigga? 고소합니다.','C','N',to_timestamp('23/10/10 09:42:10.190000000','RR/MM/DD HH24:MI:SSXFF'),'0',null,null);
Insert into INQUIRY (INQUIRY_ID,PRODUCT_ID,CUSTOMER_ID,INQUIRY_PR_ID,INQUIRY_CONTENT,INQUIRY_ANS_DV,STATUS,CREATE_DT,CREATOR,MODIFY_DT,MODIFIER) values (106,468,17,null,'스트테^^%$#','W','Y',to_timestamp('23/10/13 17:05:26.765000000','RR/MM/DD HH24:MI:SSXFF'),'17',null,null);
Insert into INQUIRY (INQUIRY_ID,PRODUCT_ID,CUSTOMER_ID,INQUIRY_PR_ID,INQUIRY_CONTENT,INQUIRY_ANS_DV,STATUS,CREATE_DT,CREATOR,MODIFY_DT,MODIFIER) values (8,190,17,null,'테스트입니다.','W','Y',to_timestamp('23/09/07 16:14:28.831000000','RR/MM/DD HH24:MI:SSXFF'),'17',null,null);
Insert into INQUIRY (INQUIRY_ID,PRODUCT_ID,CUSTOMER_ID,INQUIRY_PR_ID,INQUIRY_CONTENT,INQUIRY_ANS_DV,STATUS,CREATE_DT,CREATOR,MODIFY_DT,MODIFIER) values (9,19,17,null,'who the f is that guy~','W','Y',to_timestamp('23/09/08 15:10:22.820000000','RR/MM/DD HH24:MI:SSXFF'),'17',null,null);
Insert into INQUIRY (INQUIRY_ID,PRODUCT_ID,CUSTOMER_ID,INQUIRY_PR_ID,INQUIRY_CONTENT,INQUIRY_ANS_DV,STATUS,CREATE_DT,CREATOR,MODIFY_DT,MODIFIER) values (45,140,22,null,'진민아 3라운드에 하면돼','W','Y',to_timestamp('23/09/22 20:35:12.165000000','RR/MM/DD HH24:MI:SSXFF'),'22',to_timestamp('23/09/22 20:35:44.562000000','RR/MM/DD HH24:MI:SSXFF'),'0');
Insert into INQUIRY (INQUIRY_ID,PRODUCT_ID,CUSTOMER_ID,INQUIRY_PR_ID,INQUIRY_CONTENT,INQUIRY_ANS_DV,STATUS,CREATE_DT,CREATOR,MODIFY_DT,MODIFIER) values (14,2,16,null,'로버트 다우니 주니어','W','Y',to_timestamp('23/09/20 14:27:33.907000000','RR/MM/DD HH24:MI:SSXFF'),'16',to_timestamp('23/10/10 10:37:25.680000000','RR/MM/DD HH24:MI:SSXFF'),'0');
Insert into INQUIRY (INQUIRY_ID,PRODUCT_ID,CUSTOMER_ID,INQUIRY_PR_ID,INQUIRY_CONTENT,INQUIRY_ANS_DV,STATUS,CREATE_DT,CREATOR,MODIFY_DT,MODIFIER) values (15,20,16,null,'남성용은 없나요?','C','Y',to_timestamp('23/09/20 14:27:48.339000000','RR/MM/DD HH24:MI:SSXFF'),'16',to_timestamp('23/10/06 09:25:55.789000000','RR/MM/DD HH24:MI:SSXFF'),'0');
Insert into INQUIRY (INQUIRY_ID,PRODUCT_ID,CUSTOMER_ID,INQUIRY_PR_ID,INQUIRY_CONTENT,INQUIRY_ANS_DV,STATUS,CREATE_DT,CREATOR,MODIFY_DT,MODIFIER) values (16,25,16,null,'우주에서 입을 수 있나요?','C','Y',to_timestamp('23/09/20 14:28:24.222000000','RR/MM/DD HH24:MI:SSXFF'),'16',to_timestamp('23/10/05 10:44:29.396000000','RR/MM/DD HH24:MI:SSXFF'),'0');
Insert into INQUIRY (INQUIRY_ID,PRODUCT_ID,CUSTOMER_ID,INQUIRY_PR_ID,INQUIRY_CONTENT,INQUIRY_ANS_DV,STATUS,CREATE_DT,CREATOR,MODIFY_DT,MODIFIER) values (18,365,16,null,'에이','C','Y',to_timestamp('23/09/20 14:29:14.299000000','RR/MM/DD HH24:MI:SSXFF'),'16',to_timestamp('23/10/05 09:59:35.330000000','RR/MM/DD HH24:MI:SSXFF'),'0');
Insert into INQUIRY (INQUIRY_ID,PRODUCT_ID,CUSTOMER_ID,INQUIRY_PR_ID,INQUIRY_CONTENT,INQUIRY_ANS_DV,STATUS,CREATE_DT,CREATOR,MODIFY_DT,MODIFIER) values (27,35,0,null,'너무 쉬어요','C','Y',to_timestamp('23/09/20 17:50:36.969000000','RR/MM/DD HH24:MI:SSXFF'),'0',to_timestamp('23/09/21 11:13:09.754000000','RR/MM/DD HH24:MI:SSXFF'),'0');
Insert into INQUIRY (INQUIRY_ID,PRODUCT_ID,CUSTOMER_ID,INQUIRY_PR_ID,INQUIRY_CONTENT,INQUIRY_ANS_DV,STATUS,CREATE_DT,CREATOR,MODIFY_DT,MODIFIER) values (28,35,0,12,'없다 이 자슥아
','C','Y',to_timestamp('23/09/20 17:52:01.658000000','RR/MM/DD HH24:MI:SSXFF'),'0',null,null);
Insert into INQUIRY (INQUIRY_ID,PRODUCT_ID,CUSTOMER_ID,INQUIRY_PR_ID,INQUIRY_CONTENT,INQUIRY_ANS_DV,STATUS,CREATE_DT,CREATOR,MODIFY_DT,MODIFIER) values (30,19,0,29,'대략 60cm 정도 입니다!
','C','Y',to_timestamp('23/09/20 18:13:41.276000000','RR/MM/DD HH24:MI:SSXFF'),'0',null,null);
Insert into INQUIRY (INQUIRY_ID,PRODUCT_ID,CUSTOMER_ID,INQUIRY_PR_ID,INQUIRY_CONTENT,INQUIRY_ANS_DV,STATUS,CREATE_DT,CREATOR,MODIFY_DT,MODIFIER) values (32,369,22,null,'ㅇㅇㅇ','W','Y',to_timestamp('23/09/20 20:37:05.193000000','RR/MM/DD HH24:MI:SSXFF'),'22',to_timestamp('23/09/20 20:39:54.009000000','RR/MM/DD HH24:MI:SSXFF'),'0');
Insert into INQUIRY (INQUIRY_ID,PRODUCT_ID,CUSTOMER_ID,INQUIRY_PR_ID,INQUIRY_CONTENT,INQUIRY_ANS_DV,STATUS,CREATE_DT,CREATOR,MODIFY_DT,MODIFIER) values (33,369,0,32,'문의글에 장난치지마세요','C','N',to_timestamp('23/09/20 20:39:53.996000000','RR/MM/DD HH24:MI:SSXFF'),'0',null,null);
Insert into INQUIRY (INQUIRY_ID,PRODUCT_ID,CUSTOMER_ID,INQUIRY_PR_ID,INQUIRY_CONTENT,INQUIRY_ANS_DV,STATUS,CREATE_DT,CREATOR,MODIFY_DT,MODIFIER) values (34,369,0,31,'직접 드셔보세요','C','N',to_timestamp('23/09/20 20:40:11.365000000','RR/MM/DD HH24:MI:SSXFF'),'0',null,null);
Insert into INQUIRY (INQUIRY_ID,PRODUCT_ID,CUSTOMER_ID,INQUIRY_PR_ID,INQUIRY_CONTENT,INQUIRY_ANS_DV,STATUS,CREATE_DT,CREATOR,MODIFY_DT,MODIFIER) values (47,192,17,null,'이젠 알아요 너무 슬픈 사랑은~','C','Y',to_timestamp('23/09/22 20:45:29.763000000','RR/MM/DD HH24:MI:SSXFF'),'17',to_timestamp('23/10/02 13:53:41.592000000','RR/MM/DD HH24:MI:SSXFF'),'0');
Insert into INQUIRY (INQUIRY_ID,PRODUCT_ID,CUSTOMER_ID,INQUIRY_PR_ID,INQUIRY_CONTENT,INQUIRY_ANS_DV,STATUS,CREATE_DT,CREATOR,MODIFY_DT,MODIFIER) values (48,190,17,null,'영원할 줄 알았던 사랑도 저물고','C','Y',to_timestamp('23/09/22 20:46:29.255000000','RR/MM/DD HH24:MI:SSXFF'),'17',to_timestamp('23/09/22 20:46:46.338000000','RR/MM/DD HH24:MI:SSXFF'),'0');
Insert into INQUIRY (INQUIRY_ID,PRODUCT_ID,CUSTOMER_ID,INQUIRY_PR_ID,INQUIRY_CONTENT,INQUIRY_ANS_DV,STATUS,CREATE_DT,CREATOR,MODIFY_DT,MODIFIER) values (49,190,0,48,'그 흔했던 친구마저 떠나가네요~','C','Y',to_timestamp('23/09/22 20:46:46.327000000','RR/MM/DD HH24:MI:SSXFF'),'0',null,null);
Insert into INQUIRY (INQUIRY_ID,PRODUCT_ID,CUSTOMER_ID,INQUIRY_PR_ID,INQUIRY_CONTENT,INQUIRY_ANS_DV,STATUS,CREATE_DT,CREATOR,MODIFY_DT,MODIFIER) values (67,19,0,62,'fsddaafsasa','C','Y',to_timestamp('23/09/26 16:33:09.493000000','RR/MM/DD HH24:MI:SSXFF'),'0',null,null);
Insert into INQUIRY (INQUIRY_ID,PRODUCT_ID,CUSTOMER_ID,INQUIRY_PR_ID,INQUIRY_CONTENT,INQUIRY_ANS_DV,STATUS,CREATE_DT,CREATOR,MODIFY_DT,MODIFIER) values (73,23,0,19,'<a href="javascript:alert(''XSS'')">XSS</a>','C','Y',to_timestamp('23/10/05 09:53:15.210000000','RR/MM/DD HH24:MI:SSXFF'),'0',null,null);
Insert into INQUIRY (INQUIRY_ID,PRODUCT_ID,CUSTOMER_ID,INQUIRY_PR_ID,INQUIRY_CONTENT,INQUIRY_ANS_DV,STATUS,CREATE_DT,CREATOR,MODIFY_DT,MODIFIER) values (129,3,0,128,'네 없습니다.','C','Y',to_timestamp('23/10/19 15:49:58.399000000','RR/MM/DD HH24:MI:SSXFF'),'0',null,null);
Insert into INQUIRY (INQUIRY_ID,PRODUCT_ID,CUSTOMER_ID,INQUIRY_PR_ID,INQUIRY_CONTENT,INQUIRY_ANS_DV,STATUS,CREATE_DT,CREATOR,MODIFY_DT,MODIFIER) values (84,20,0,15,'없어요','C','Y',to_timestamp('23/10/06 09:25:55.779000000','RR/MM/DD HH24:MI:SSXFF'),'0',null,null);
Insert into INQUIRY (INQUIRY_ID,PRODUCT_ID,CUSTOMER_ID,INQUIRY_PR_ID,INQUIRY_CONTENT,INQUIRY_ANS_DV,STATUS,CREATE_DT,CREATOR,MODIFY_DT,MODIFIER) values (110,468,17,null,'나도 괄호 깨지나?&#40;&#41;','W','Y',to_timestamp('23/10/13 17:12:40.788000000','RR/MM/DD HH24:MI:SSXFF'),'17',to_timestamp('23/10/16 00:50:21.154000000','RR/MM/DD HH24:MI:SSXFF'),'0');
Insert into INQUIRY (INQUIRY_ID,PRODUCT_ID,CUSTOMER_ID,INQUIRY_PR_ID,INQUIRY_CONTENT,INQUIRY_ANS_DV,STATUS,CREATE_DT,CREATOR,MODIFY_DT,MODIFIER) values (1,190,17,null,'ㅇㅇ','W','Y',to_timestamp('23/09/07 10:45:56.576000000','RR/MM/DD HH24:MI:SSXFF'),'17',to_timestamp('23/09/20 17:14:35.615000000','RR/MM/DD HH24:MI:SSXFF'),'0');
Insert into INQUIRY (INQUIRY_ID,PRODUCT_ID,CUSTOMER_ID,INQUIRY_PR_ID,INQUIRY_CONTENT,INQUIRY_ANS_DV,STATUS,CREATE_DT,CREATOR,MODIFY_DT,MODIFIER) values (2,190,17,null,'역시는 역시 낮과 밤도 구별이 안가는 여긴 한반도','C','Y',to_timestamp('23/09/07 10:47:17.680000000','RR/MM/DD HH24:MI:SSXFF'),'17',to_timestamp('23/10/17 11:38:45.704000000','RR/MM/DD HH24:MI:SSXFF'),'0');
Insert into INQUIRY (INQUIRY_ID,PRODUCT_ID,CUSTOMER_ID,INQUIRY_PR_ID,INQUIRY_CONTENT,INQUIRY_ANS_DV,STATUS,CREATE_DT,CREATOR,MODIFY_DT,MODIFIER) values (6,190,17,null,'gtest','W','Y',to_timestamp('23/09/07 15:06:58.465000000','RR/MM/DD HH24:MI:SSXFF'),'17',null,null);
Insert into INQUIRY (INQUIRY_ID,PRODUCT_ID,CUSTOMER_ID,INQUIRY_PR_ID,INQUIRY_CONTENT,INQUIRY_ANS_DV,STATUS,CREATE_DT,CREATOR,MODIFY_DT,MODIFIER) values (31,369,22,null,'아침에 먹으면 당 수치 올라가나요?','W','Y',to_timestamp('23/09/20 20:36:51.546000000','RR/MM/DD HH24:MI:SSXFF'),'22',to_timestamp('23/09/20 20:40:11.371000000','RR/MM/DD HH24:MI:SSXFF'),'0');
Insert into INQUIRY (INQUIRY_ID,PRODUCT_ID,CUSTOMER_ID,INQUIRY_PR_ID,INQUIRY_CONTENT,INQUIRY_ANS_DV,STATUS,CREATE_DT,CREATOR,MODIFY_DT,MODIFIER) values (68,19,0,61,'sfksjfksfldsjfl','C','Y',to_timestamp('23/09/27 15:48:32.205000000','RR/MM/DD HH24:MI:SSXFF'),'0',null,null);
Insert into INQUIRY (INQUIRY_ID,PRODUCT_ID,CUSTOMER_ID,INQUIRY_PR_ID,INQUIRY_CONTENT,INQUIRY_ANS_DV,STATUS,CREATE_DT,CREATOR,MODIFY_DT,MODIFIER) values (24,190,0,1,'??','C','N',to_timestamp('23/09/20 17:14:35.607000000','RR/MM/DD HH24:MI:SSXFF'),'0',null,null);
Insert into INQUIRY (INQUIRY_ID,PRODUCT_ID,CUSTOMER_ID,INQUIRY_PR_ID,INQUIRY_CONTENT,INQUIRY_ANS_DV,STATUS,CREATE_DT,CREATOR,MODIFY_DT,MODIFIER) values (25,135,0,3,'아니오','C','Y',to_timestamp('23/09/20 17:15:39.540000000','RR/MM/DD HH24:MI:SSXFF'),'0',null,null);
Insert into INQUIRY (INQUIRY_ID,PRODUCT_ID,CUSTOMER_ID,INQUIRY_PR_ID,INQUIRY_CONTENT,INQUIRY_ANS_DV,STATUS,CREATE_DT,CREATOR,MODIFY_DT,MODIFIER) values (26,18,0,21,'안됩니다!','C','Y',to_timestamp('23/09/20 17:17:01.485000000','RR/MM/DD HH24:MI:SSXFF'),'0',null,null);
Insert into INQUIRY (INQUIRY_ID,PRODUCT_ID,CUSTOMER_ID,INQUIRY_PR_ID,INQUIRY_CONTENT,INQUIRY_ANS_DV,STATUS,CREATE_DT,CREATOR,MODIFY_DT,MODIFIER) values (29,19,16,null,'얼마나 숏 한가용>','C','Y',to_timestamp('23/09/20 18:13:15.287000000','RR/MM/DD HH24:MI:SSXFF'),'16',to_timestamp('23/09/20 18:13:41.285000000','RR/MM/DD HH24:MI:SSXFF'),'0');
Insert into INQUIRY (INQUIRY_ID,PRODUCT_ID,CUSTOMER_ID,INQUIRY_PR_ID,INQUIRY_CONTENT,INQUIRY_ANS_DV,STATUS,CREATE_DT,CREATOR,MODIFY_DT,MODIFIER) values (65,19,0,63,'네네네','C','N',to_timestamp('23/09/25 10:11:41.747000000','RR/MM/DD HH24:MI:SSXFF'),'0',null,null);
Insert into INQUIRY (INQUIRY_ID,PRODUCT_ID,CUSTOMER_ID,INQUIRY_PR_ID,INQUIRY_CONTENT,INQUIRY_ANS_DV,STATUS,CREATE_DT,CREATOR,MODIFY_DT,MODIFIER) values (71,429,0,70,'<link rel="stylesheet" th:href="@{/css/admin-inquiry-complete.css}">','C','Y',to_timestamp('23/10/05 09:44:34.438000000','RR/MM/DD HH24:MI:SSXFF'),'0',null,null);
Insert into INQUIRY (INQUIRY_ID,PRODUCT_ID,CUSTOMER_ID,INQUIRY_PR_ID,INQUIRY_CONTENT,INQUIRY_ANS_DV,STATUS,CREATE_DT,CREATOR,MODIFY_DT,MODIFIER) values (74,365,0,18,'<script>alert("공격이 시작됐다");</script>','C','Y',to_timestamp('23/10/05 09:59:35.326000000','RR/MM/DD HH24:MI:SSXFF'),'0',null,null);
Insert into INQUIRY (INQUIRY_ID,PRODUCT_ID,CUSTOMER_ID,INQUIRY_PR_ID,INQUIRY_CONTENT,INQUIRY_ANS_DV,STATUS,CREATE_DT,CREATOR,MODIFY_DT,MODIFIER) values (75,136,0,17,'<a href="naver.com">ㅜㅁㅍㄷㄱ</a>','C','Y',to_timestamp('23/10/05 10:02:23.419000000','RR/MM/DD HH24:MI:SSXFF'),'0',null,null);
Insert into INQUIRY (INQUIRY_ID,PRODUCT_ID,CUSTOMER_ID,INQUIRY_PR_ID,INQUIRY_CONTENT,INQUIRY_ANS_DV,STATUS,CREATE_DT,CREATOR,MODIFY_DT,MODIFIER) values (79,468,27,null,'에너르기파','C','Y',to_timestamp('23/10/05 16:25:55.523000000','RR/MM/DD HH24:MI:SSXFF'),'27',to_timestamp('23/10/05 16:27:25.622000000','RR/MM/DD HH24:MI:SSXFF'),'0');
Insert into INQUIRY (INQUIRY_ID,PRODUCT_ID,CUSTOMER_ID,INQUIRY_PR_ID,INQUIRY_CONTENT,INQUIRY_ANS_DV,STATUS,CREATE_DT,CREATOR,MODIFY_DT,MODIFIER) values (81,19,0,77,'네 별도 달도 따다 줄 수 있습니다.','C','N',to_timestamp('23/10/05 16:34:44.222000000','RR/MM/DD HH24:MI:SSXFF'),'0',null,null);
Insert into INQUIRY (INQUIRY_ID,PRODUCT_ID,CUSTOMER_ID,INQUIRY_PR_ID,INQUIRY_CONTENT,INQUIRY_ANS_DV,STATUS,CREATE_DT,CREATOR,MODIFY_DT,MODIFIER) values (109,18,17,null,'괄호만 깨지나?&#40;&#41;','W','Y',to_timestamp('23/10/13 17:12:02.698000000','RR/MM/DD HH24:MI:SSXFF'),'17',null,null);
Insert into INQUIRY (INQUIRY_ID,PRODUCT_ID,CUSTOMER_ID,INQUIRY_PR_ID,INQUIRY_CONTENT,INQUIRY_ANS_DV,STATUS,CREATE_DT,CREATOR,MODIFY_DT,MODIFIER) values (92,474,0,85,'아니요 뚱인데요ㅋ','C','N',to_timestamp('23/10/10 09:42:20.471000000','RR/MM/DD HH24:MI:SSXFF'),'0',null,null);
Insert into INQUIRY (INQUIRY_ID,PRODUCT_ID,CUSTOMER_ID,INQUIRY_PR_ID,INQUIRY_CONTENT,INQUIRY_ANS_DV,STATUS,CREATE_DT,CREATOR,MODIFY_DT,MODIFIER) values (100,372,0,99,'맛있나요','C','Y',to_timestamp('23/10/13 13:58:31.495000000','RR/MM/DD HH24:MI:SSXFF'),'0',null,null);
commit;
REM INSERTING into POINT
SET DEFINE OFF;
Insert into POINT (POINT_ID,CUSTOMER_ID,POINT_BEFORE,POINT_AFTER,POINT_UPDATED_CONTENT,POINT_USE_DV,STATUS,CREATE_DT,CREATOR,MODIFY_DT,MODIFIER) values (107,102,0,100,'테스트2',502,'Y',to_timestamp('23/09/12 10:18:43.426000000','RR/MM/DD HH24:MI:SSXFF'),'admin',null,null);
Insert into POINT (POINT_ID,CUSTOMER_ID,POINT_BEFORE,POINT_AFTER,POINT_UPDATED_CONTENT,POINT_USE_DV,STATUS,CREATE_DT,CREATOR,MODIFY_DT,MODIFIER) values (108,102,100,200,'테스트2',502,'Y',to_timestamp('23/09/12 10:18:43.432000000','RR/MM/DD HH24:MI:SSXFF'),'admin',null,null);
Insert into POINT (POINT_ID,CUSTOMER_ID,POINT_BEFORE,POINT_AFTER,POINT_UPDATED_CONTENT,POINT_USE_DV,STATUS,CREATE_DT,CREATOR,MODIFY_DT,MODIFIER) values (101,101,0,100,'테스트',502,'Y',to_timestamp('23/08/31 14:21:37.806000000','RR/MM/DD HH24:MI:SSXFF'),'admin',null,null);
Insert into POINT (POINT_ID,CUSTOMER_ID,POINT_BEFORE,POINT_AFTER,POINT_UPDATED_CONTENT,POINT_USE_DV,STATUS,CREATE_DT,CREATOR,MODIFY_DT,MODIFIER) values (102,101,100,200,'테스트',502,'Y',to_timestamp('23/08/31 17:16:54.813000000','RR/MM/DD HH24:MI:SSXFF'),'admin',null,null);
Insert into POINT (POINT_ID,CUSTOMER_ID,POINT_BEFORE,POINT_AFTER,POINT_UPDATED_CONTENT,POINT_USE_DV,STATUS,CREATE_DT,CREATOR,MODIFY_DT,MODIFIER) values (103,101,200,200,'테스트',502,'Y',to_timestamp('23/08/31 17:57:33.409000000','RR/MM/DD HH24:MI:SSXFF'),'admin',null,null);
Insert into POINT (POINT_ID,CUSTOMER_ID,POINT_BEFORE,POINT_AFTER,POINT_UPDATED_CONTENT,POINT_USE_DV,STATUS,CREATE_DT,CREATOR,MODIFY_DT,MODIFIER) values (104,101,400,200,'테스트',502,'Y',to_timestamp('23/08/31 17:59:08.864000000','RR/MM/DD HH24:MI:SSXFF'),'admin',null,null);
Insert into POINT (POINT_ID,CUSTOMER_ID,POINT_BEFORE,POINT_AFTER,POINT_UPDATED_CONTENT,POINT_USE_DV,STATUS,CREATE_DT,CREATOR,MODIFY_DT,MODIFIER) values (105,101,600,200,'테스트',502,'Y',to_timestamp('23/08/31 17:59:08.867000000','RR/MM/DD HH24:MI:SSXFF'),'admin',null,null);
Insert into POINT (POINT_ID,CUSTOMER_ID,POINT_BEFORE,POINT_AFTER,POINT_UPDATED_CONTENT,POINT_USE_DV,STATUS,CREATE_DT,CREATOR,MODIFY_DT,MODIFIER) values (106,101,800,200,'테스트',502,'Y',to_timestamp('23/08/31 17:59:08.869000000','RR/MM/DD HH24:MI:SSXFF'),'admin',null,null);
commit;
REM INSERTING into PRODUCT
SET DEFINE OFF;
Insert into PRODUCT (PRODUCT_ID,CATEGORY_ID,PRODUCT_NM,PRODUCT_CONTENT,PRODUCT_PRICE,PRODUCT_STOCK,PRODUCT_OPTION_FIRST,PRODUCT_OPTION_SECOND,PRODUCT_OPTION_THIRD,PRODUCT_IMAGE_FIRST,PRODUCT_IMAGE_SECOND,PRODUCT_IMAGE_THIRD,STATUS,CREATE_DT,CREATOR,MODIFY_DT,MODIFIER,PRODUCT_CODE,PRODUCT_GROUP_ID,PRODUCT_MAX_GET,DISCOUNT_RATE) values (450,3,'나이키 에어 포스 1 ''07',null,139000,1899,'-','White','-','https://daitso.s3.ap-northeast-2.amazonaws.com/%EB%82%98%EC%9D%B4%ED%82%A4%20%EC%97%90%EC%96%B4%20%ED%8F%AC%EC%8A%A4%201%20%2707%20White%20%281%29.png','https://daitso.s3.ap-northeast-2.amazonaws.com/%EB%82%98%EC%9D%B4%ED%82%A4%20%EC%97%90%EC%96%B4%20%ED%8F%AC%EC%8A%A4%201%20%2707%20White%20%282%29.png','https://daitso.s3.ap-northeast-2.amazonaws.com/%EB%82%98%EC%9D%B4%ED%82%A4%20%EC%97%90%EC%96%B4%20%ED%8F%AC%EC%8A%A4%201%20%2707%20White%20%283%29.png','Y',to_timestamp('23/10/05 14:33:46.636000000','RR/MM/DD HH24:MI:SSXFF'),'admin',null,null,'45020231005143346636',69,3,0);
Insert into PRODUCT (PRODUCT_ID,CATEGORY_ID,PRODUCT_NM,PRODUCT_CONTENT,PRODUCT_PRICE,PRODUCT_STOCK,PRODUCT_OPTION_FIRST,PRODUCT_OPTION_SECOND,PRODUCT_OPTION_THIRD,PRODUCT_IMAGE_FIRST,PRODUCT_IMAGE_SECOND,PRODUCT_IMAGE_THIRD,STATUS,CREATE_DT,CREATOR,MODIFY_DT,MODIFIER,PRODUCT_CODE,PRODUCT_GROUP_ID,PRODUCT_MAX_GET,DISCOUNT_RATE) values (251,25,'지렁이 젤리','아이들이 좋아하는 지렁이 젤리',15000,100,'600g','-','-','image',null,null,'N',to_timestamp('23/09/08 16:36:50.002000000','RR/MM/DD HH24:MI:SSXFF'),'admin',to_timestamp('23/10/06 16:34:14.133000000','RR/MM/DD HH24:MI:SSXFF'),'admin','9601234',36,20,0);
Insert into PRODUCT (PRODUCT_ID,CATEGORY_ID,PRODUCT_NM,PRODUCT_CONTENT,PRODUCT_PRICE,PRODUCT_STOCK,PRODUCT_OPTION_FIRST,PRODUCT_OPTION_SECOND,PRODUCT_OPTION_THIRD,PRODUCT_IMAGE_FIRST,PRODUCT_IMAGE_SECOND,PRODUCT_IMAGE_THIRD,STATUS,CREATE_DT,CREATOR,MODIFY_DT,MODIFIER,PRODUCT_CODE,PRODUCT_GROUP_ID,PRODUCT_MAX_GET,DISCOUNT_RATE) values (455,8,'바겐슈타이거 인덕션 올스텐304 라면냄비 케틀팟','바겐슈타이거 인덕션 올스텐304 라면냄비 케틀팟입니다.',38900,1000,'2L','-','-','https://daitso.s3.ap-northeast-2.amazonaws.com/%EB%B0%94%EA%B2%90%EC%8A%88%ED%83%80%EC%9D%B4%EA%B1%B0%20%EC%9D%B8%EB%8D%95%EC%85%98%20%EC%98%AC%EC%8A%A4%ED%85%90304%20%EB%9D%BC%EB%A9%B4%EB%83%84%EB%B9%84%20%EC%BC%80%ED%8B%80%ED%8C%9F2L%201.png','https://daitso.s3.ap-northeast-2.amazonaws.com/%EB%B0%94%EA%B2%90%EC%8A%88%ED%83%80%EC%9D%B4%EA%B1%B0%20%EC%9D%B8%EB%8D%95%EC%85%98%20%EC%98%AC%EC%8A%A4%ED%85%90304%20%EB%9D%BC%EB%A9%B4%EB%83%84%EB%B9%84%20%EC%BC%80%ED%8B%80%ED%8C%9F2L%202.png','https://daitso.s3.ap-northeast-2.amazonaws.com/%EB%B0%94%EA%B2%90%EC%8A%88%ED%83%80%EC%9D%B4%EA%B1%B0%20%EC%9D%B8%EB%8D%95%EC%85%98%20%EC%98%AC%EC%8A%A4%ED%85%90304%20%EB%9D%BC%EB%A9%B4%EB%83%84%EB%B9%84%20%EC%BC%80%ED%8B%80%ED%8C%9F2L%203.png','Y',to_timestamp('23/10/05 15:05:21.550000000','RR/MM/DD HH24:MI:SSXFF'),'admin',null,null,'45520231005150521550',70,10,0);
Insert into PRODUCT (PRODUCT_ID,CATEGORY_ID,PRODUCT_NM,PRODUCT_CONTENT,PRODUCT_PRICE,PRODUCT_STOCK,PRODUCT_OPTION_FIRST,PRODUCT_OPTION_SECOND,PRODUCT_OPTION_THIRD,PRODUCT_IMAGE_FIRST,PRODUCT_IMAGE_SECOND,PRODUCT_IMAGE_THIRD,STATUS,CREATE_DT,CREATOR,MODIFY_DT,MODIFIER,PRODUCT_CODE,PRODUCT_GROUP_ID,PRODUCT_MAX_GET,DISCOUNT_RATE) values (34,15,'스텔라벨라 포도','아삭하고 새콤달콤한 스텔라벨라 씨가 없어 간편하게 즐길 수 있는 청포도',24900,891,'1.2kg','-','-','https://daitso.s3.ap-northeast-2.amazonaws.com/%EC%8A%A4%ED%85%94%EB%9D%BC%EB%B2%A8%EB%9D%BC%20%ED%8F%AC%EB%8F%84%283%29.jpg','https://daitso.s3.ap-northeast-2.amazonaws.com/%EC%8A%A4%ED%85%94%EB%9D%BC%EB%B2%A8%EB%9D%BC%20%ED%8F%AC%EB%8F%84%281%29.jpg','https://daitso.s3.ap-northeast-2.amazonaws.com/%EC%8A%A4%ED%85%94%EB%9D%BC%EB%B2%A8%EB%9D%BC%20%ED%8F%AC%EB%8F%84%282%29.jpg','Y',to_timestamp('23/08/22 00:00:00.000000000','RR/MM/DD HH24:MI:SSXFF'),'admin',null,null,'0000026',4,10,0);
Insert into PRODUCT (PRODUCT_ID,CATEGORY_ID,PRODUCT_NM,PRODUCT_CONTENT,PRODUCT_PRICE,PRODUCT_STOCK,PRODUCT_OPTION_FIRST,PRODUCT_OPTION_SECOND,PRODUCT_OPTION_THIRD,PRODUCT_IMAGE_FIRST,PRODUCT_IMAGE_SECOND,PRODUCT_IMAGE_THIRD,STATUS,CREATE_DT,CREATOR,MODIFY_DT,MODIFIER,PRODUCT_CODE,PRODUCT_GROUP_ID,PRODUCT_MAX_GET,DISCOUNT_RATE) values (150,16,'곰곰 맛있는 꿀고구마(햇)','맥스 할로웨이산 꿀고구마',19845,10,'1.5kg','-','-','https://daitso.s3.ap-northeast-2.amazonaws.com/%EA%B3%B0%EA%B3%B0%20%EB%A7%9B%EC%9E%88%EB%8A%94%20%EA%BF%80%EA%B3%A0%EA%B5%AC%EB%A7%88%28%ED%96%87%29%281%29.jpg','https://daitso.s3.ap-northeast-2.amazonaws.com/%EA%B3%B0%EA%B3%B0%20%EB%A7%9B%EC%9E%88%EB%8A%94%20%EA%BF%80%EA%B3%A0%EA%B5%AC%EB%A7%88%28%ED%96%87%29%282%29.jpg','https://daitso.s3.ap-northeast-2.amazonaws.com/%EA%B3%B0%EA%B3%B0%20%EB%A7%9B%EC%9E%88%EB%8A%94%20%EA%BF%80%EA%B3%A0%EA%B5%AC%EB%A7%88%28%ED%96%87%29%283%29.jpg','Y',to_timestamp('23/08/29 11:38:15.316000000','RR/MM/DD HH24:MI:SSXFF'),'admin',null,null,'15020230829113815316',32,10,0);
Insert into PRODUCT (PRODUCT_ID,CATEGORY_ID,PRODUCT_NM,PRODUCT_CONTENT,PRODUCT_PRICE,PRODUCT_STOCK,PRODUCT_OPTION_FIRST,PRODUCT_OPTION_SECOND,PRODUCT_OPTION_THIRD,PRODUCT_IMAGE_FIRST,PRODUCT_IMAGE_SECOND,PRODUCT_IMAGE_THIRD,STATUS,CREATE_DT,CREATOR,MODIFY_DT,MODIFIER,PRODUCT_CODE,PRODUCT_GROUP_ID,PRODUCT_MAX_GET,DISCOUNT_RATE) values (372,25,'지렁이 젤리','s3 test again',10000,91,'-','-','-','https://daitso.s3.ap-northeast-2.amazonaws.com/%EC%A7%80%EB%A0%81%EC%9D%B4%20%EC%A0%A4%EB%A6%AC1.png','https://daitso.s3.ap-northeast-2.amazonaws.com/%EC%A7%80%EB%A0%81%EC%9D%B4%EC%A0%A4%EB%A6%AC%282%29.png',null,'Y',to_timestamp('23/09/20 14:44:02.395000000','RR/MM/DD HH24:MI:SSXFF'),'admin',to_timestamp('23/10/05 09:49:42.030000000','RR/MM/DD HH24:MI:SSXFF'),'admin','37220230920144402395',36,100,0);
Insert into PRODUCT (PRODUCT_ID,CATEGORY_ID,PRODUCT_NM,PRODUCT_CONTENT,PRODUCT_PRICE,PRODUCT_STOCK,PRODUCT_OPTION_FIRST,PRODUCT_OPTION_SECOND,PRODUCT_OPTION_THIRD,PRODUCT_IMAGE_FIRST,PRODUCT_IMAGE_SECOND,PRODUCT_IMAGE_THIRD,STATUS,CREATE_DT,CREATOR,MODIFY_DT,MODIFIER,PRODUCT_CODE,PRODUCT_GROUP_ID,PRODUCT_MAX_GET,DISCOUNT_RATE) values (460,7,'바겐슈타이거 303 드라이 스텐 가위','바겐슈타이거 303 드라이 스텐 가위입니다.',47200,9998,'-','-','-','https://daitso.s3.ap-northeast-2.amazonaws.com/%EB%B0%94%EA%B2%90%EC%8A%88%ED%83%80%EC%9D%B4%EA%B1%B0%20303%20%EB%93%9C%EB%9D%BC%EC%9D%B4%20%EC%8A%A4%ED%85%90%20%EA%B0%80%EC%9C%841.png','https://daitso.s3.ap-northeast-2.amazonaws.com/%EB%B0%94%EA%B2%90%EC%8A%88%ED%83%80%EC%9D%B4%EA%B1%B0%20303%20%EB%93%9C%EB%9D%BC%EC%9D%B4%20%EC%8A%A4%ED%85%90%20%EA%B0%80%EC%9C%842.png','https://daitso.s3.ap-northeast-2.amazonaws.com/%EB%B0%94%EA%B2%90%EC%8A%88%ED%83%80%EC%9D%B4%EA%B1%B0%20303%20%EB%93%9C%EB%9D%BC%EC%9D%B4%20%EC%8A%A4%ED%85%90%20%EA%B0%80%EC%9C%843.png','Y',to_timestamp('23/10/05 15:48:55.868000000','RR/MM/DD HH24:MI:SSXFF'),'admin',null,null,'46020231005154855868',74,10,10);
Insert into PRODUCT (PRODUCT_ID,CATEGORY_ID,PRODUCT_NM,PRODUCT_CONTENT,PRODUCT_PRICE,PRODUCT_STOCK,PRODUCT_OPTION_FIRST,PRODUCT_OPTION_SECOND,PRODUCT_OPTION_THIRD,PRODUCT_IMAGE_FIRST,PRODUCT_IMAGE_SECOND,PRODUCT_IMAGE_THIRD,STATUS,CREATE_DT,CREATOR,MODIFY_DT,MODIFIER,PRODUCT_CODE,PRODUCT_GROUP_ID,PRODUCT_MAX_GET,DISCOUNT_RATE) values (464,15,'아주마 영동 상주산 캠벨포도',null,12000,275,'2kg','-','-','https://daitso.s3.ap-northeast-2.amazonaws.com/%EC%95%84%EC%A3%BC%EB%A7%88%20%EC%98%81%EB%8F%99%20%EC%83%81%EC%A3%BC%EC%82%B0%20%EC%BA%A0%EB%B2%A8%ED%8F%AC%EB%8F%84%281%29.jpg','https://daitso.s3.ap-northeast-2.amazonaws.com/%EC%95%84%EC%A3%BC%EB%A7%88%20%EC%98%81%EB%8F%99%20%EC%83%81%EC%A3%BC%EC%82%B0%20%EC%BA%A0%EB%B2%A8%ED%8F%AC%EB%8F%84%282%29.jpg','https://daitso.s3.ap-northeast-2.amazonaws.com/%EC%95%84%EC%A3%BC%EB%A7%88%20%EC%98%81%EB%8F%99%20%EC%83%81%EC%A3%BC%EC%82%B0%20%EC%BA%A0%EB%B2%A8%ED%8F%AC%EB%8F%84%283%29.jpg','Y',to_timestamp('23/10/05 16:03:54.508000000','RR/MM/DD HH24:MI:SSXFF'),'admin',null,null,'46420231005160354508',15,10,0);
Insert into PRODUCT (PRODUCT_ID,CATEGORY_ID,PRODUCT_NM,PRODUCT_CONTENT,PRODUCT_PRICE,PRODUCT_STOCK,PRODUCT_OPTION_FIRST,PRODUCT_OPTION_SECOND,PRODUCT_OPTION_THIRD,PRODUCT_IMAGE_FIRST,PRODUCT_IMAGE_SECOND,PRODUCT_IMAGE_THIRD,STATUS,CREATE_DT,CREATOR,MODIFY_DT,MODIFIER,PRODUCT_CODE,PRODUCT_GROUP_ID,PRODUCT_MAX_GET,DISCOUNT_RATE) values (466,15,'스텔라벨라 포도',null,26900,200,'1.4kg','-','-','https://daitso.s3.ap-northeast-2.amazonaws.com/%EC%8A%A4%ED%85%94%EB%9D%BC%EB%B2%A8%EB%9D%BC%20%ED%8F%AC%EB%8F%84%281%29.jpg','https://daitso.s3.ap-northeast-2.amazonaws.com/%EC%8A%A4%ED%85%94%EB%9D%BC%EB%B2%A8%EB%9D%BC%20%ED%8F%AC%EB%8F%84%282%29.jpg','https://daitso.s3.ap-northeast-2.amazonaws.com/%EC%8A%A4%ED%85%94%EB%9D%BC%EB%B2%A8%EB%9D%BC%20%ED%8F%AC%EB%8F%84%283%29.jpg','Y',to_timestamp('23/10/05 16:05:37.539000000','RR/MM/DD HH24:MI:SSXFF'),'admin',null,null,'46620231005160537539',4,10,0);
Insert into PRODUCT (PRODUCT_ID,CATEGORY_ID,PRODUCT_NM,PRODUCT_CONTENT,PRODUCT_PRICE,PRODUCT_STOCK,PRODUCT_OPTION_FIRST,PRODUCT_OPTION_SECOND,PRODUCT_OPTION_THIRD,PRODUCT_IMAGE_FIRST,PRODUCT_IMAGE_SECOND,PRODUCT_IMAGE_THIRD,STATUS,CREATE_DT,CREATOR,MODIFY_DT,MODIFIER,PRODUCT_CODE,PRODUCT_GROUP_ID,PRODUCT_MAX_GET,DISCOUNT_RATE) values (469,15,'칠레산 레몬',null,15900,400,'2kg','-','-','https://daitso.s3.ap-northeast-2.amazonaws.com/%EC%B9%A0%EB%A0%88%EC%82%B0%20%EB%A0%88%EB%AA%AC%281%29.jpg','https://daitso.s3.ap-northeast-2.amazonaws.com/%EC%B9%A0%EB%A0%88%EC%82%B0%20%EB%A0%88%EB%AA%AC%282%29.jpg','https://daitso.s3.ap-northeast-2.amazonaws.com/%EC%B9%A0%EB%A0%88%EC%82%B0%20%EB%A0%88%EB%AA%AC%283%29.jpg','Y',to_timestamp('23/10/05 16:07:39.505000000','RR/MM/DD HH24:MI:SSXFF'),'admin',null,null,'46920231005160739505',5,20,0);
Insert into PRODUCT (PRODUCT_ID,CATEGORY_ID,PRODUCT_NM,PRODUCT_CONTENT,PRODUCT_PRICE,PRODUCT_STOCK,PRODUCT_OPTION_FIRST,PRODUCT_OPTION_SECOND,PRODUCT_OPTION_THIRD,PRODUCT_IMAGE_FIRST,PRODUCT_IMAGE_SECOND,PRODUCT_IMAGE_THIRD,STATUS,CREATE_DT,CREATOR,MODIFY_DT,MODIFIER,PRODUCT_CODE,PRODUCT_GROUP_ID,PRODUCT_MAX_GET,DISCOUNT_RATE) values (470,18,'농심 포테토칩 잭슨페퍼로니맛',null,4000,399,'220g','-','-','https://daitso.s3.ap-northeast-2.amazonaws.com/%EB%86%8D%EC%8B%AC%20%ED%8F%AC%ED%85%8C%ED%86%A0%EC%B9%A9%20%EC%9E%AD%EC%8A%A8%ED%8E%98%ED%8D%BC%EB%A1%9C%EB%8B%88%EB%A7%9B%281%29.jpg','https://daitso.s3.ap-northeast-2.amazonaws.com/%EB%86%8D%EC%8B%AC%20%ED%8F%AC%ED%85%8C%ED%86%A0%EC%B9%A9%20%EC%9E%AD%EC%8A%A8%ED%8E%98%ED%8D%BC%EB%A1%9C%EB%8B%88%EB%A7%9B%282%29.jpg','https://daitso.s3.ap-northeast-2.amazonaws.com/%EB%86%8D%EC%8B%AC%20%ED%8F%AC%ED%85%8C%ED%86%A0%EC%B9%A9%20%EC%9E%AD%EC%8A%A8%ED%8E%98%ED%8D%BC%EB%A1%9C%EB%8B%88%EB%A7%9B%283%29.jpg','Y',to_timestamp('23/10/05 16:10:25.730000000','RR/MM/DD HH24:MI:SSXFF'),'admin',null,null,'47020231005161025730',33,20,0);
Insert into PRODUCT (PRODUCT_ID,CATEGORY_ID,PRODUCT_NM,PRODUCT_CONTENT,PRODUCT_PRICE,PRODUCT_STOCK,PRODUCT_OPTION_FIRST,PRODUCT_OPTION_SECOND,PRODUCT_OPTION_THIRD,PRODUCT_IMAGE_FIRST,PRODUCT_IMAGE_SECOND,PRODUCT_IMAGE_THIRD,STATUS,CREATE_DT,CREATOR,MODIFY_DT,MODIFIER,PRODUCT_CODE,PRODUCT_GROUP_ID,PRODUCT_MAX_GET,DISCOUNT_RATE) values (471,18,'오레오 화이트 크림 초콜릿 샌드위치 쿠키',null,4500,247,'500g','-','-','https://daitso.s3.ap-northeast-2.amazonaws.com/%EC%98%A4%EB%A0%88%EC%98%A4%20%ED%99%94%EC%9D%B4%ED%8A%B8%20%ED%81%AC%EB%A6%BC%20%EC%B4%88%EC%BD%9C%EB%A6%BF%20%EC%83%8C%EB%93%9C%EC%9C%84%EC%B9%98%20%EC%BF%A0%ED%82%A4%281%29.jpg','https://daitso.s3.ap-northeast-2.amazonaws.com/%EC%98%A4%EB%A0%88%EC%98%A4%20%ED%99%94%EC%9D%B4%ED%8A%B8%20%ED%81%AC%EB%A6%BC%20%EC%B4%88%EC%BD%9C%EB%A6%BF%20%EC%83%8C%EB%93%9C%EC%9C%84%EC%B9%98%20%EC%BF%A0%ED%82%A4%282%29.jpg','https://daitso.s3.ap-northeast-2.amazonaws.com/%EC%98%A4%EB%A0%88%EC%98%A4%20%ED%99%94%EC%9D%B4%ED%8A%B8%20%ED%81%AC%EB%A6%BC%20%EC%B4%88%EC%BD%9C%EB%A6%BF%20%EC%83%8C%EB%93%9C%EC%9C%84%EC%B9%98%20%EC%BF%A0%ED%82%A4%283%29.jpg','Y',to_timestamp('23/10/05 16:11:49.155000000','RR/MM/DD HH24:MI:SSXFF'),'admin',to_timestamp('23/10/12 15:10:06.785000000','RR/MM/DD HH24:MI:SSXFF'),'admin','47120231005161149155',30,10,0);
Insert into PRODUCT (PRODUCT_ID,CATEGORY_ID,PRODUCT_NM,PRODUCT_CONTENT,PRODUCT_PRICE,PRODUCT_STOCK,PRODUCT_OPTION_FIRST,PRODUCT_OPTION_SECOND,PRODUCT_OPTION_THIRD,PRODUCT_IMAGE_FIRST,PRODUCT_IMAGE_SECOND,PRODUCT_IMAGE_THIRD,STATUS,CREATE_DT,CREATOR,MODIFY_DT,MODIFIER,PRODUCT_CODE,PRODUCT_GROUP_ID,PRODUCT_MAX_GET,DISCOUNT_RATE) values (411,2,'닥스 여성용 체크 면 긴팔셔츠',null,78500,146,'L','검정','-','https://daitso.s3.ap-northeast-2.amazonaws.com/%EB%8B%A5%EC%8A%A4%20%EC%97%AC%EC%84%B1%EC%9A%A9%20%EC%B2%B4%ED%81%AC%20%EB%A9%B4%20%EA%B8%B4%ED%8C%94%EC%85%94%EC%B8%A01.png','https://daitso.s3.ap-northeast-2.amazonaws.com/%EB%8B%A5%EC%8A%A4%20%EC%97%AC%EC%84%B1%EC%9A%A9%20%EC%B2%B4%ED%81%AC%20%EB%A9%B4%20%EA%B8%B4%ED%8C%94%EC%85%94%EC%B8%A02.png',null,'Y',to_timestamp('23/09/25 22:40:34.687000000','RR/MM/DD HH24:MI:SSXFF'),'admin',null,null,'41120230925224034687',26,3,0);
Insert into PRODUCT (PRODUCT_ID,CATEGORY_ID,PRODUCT_NM,PRODUCT_CONTENT,PRODUCT_PRICE,PRODUCT_STOCK,PRODUCT_OPTION_FIRST,PRODUCT_OPTION_SECOND,PRODUCT_OPTION_THIRD,PRODUCT_IMAGE_FIRST,PRODUCT_IMAGE_SECOND,PRODUCT_IMAGE_THIRD,STATUS,CREATE_DT,CREATOR,MODIFY_DT,MODIFIER,PRODUCT_CODE,PRODUCT_GROUP_ID,PRODUCT_MAX_GET,DISCOUNT_RATE) values (369,25,'지렁이 젤리','test',123,123,'5kg','-','test','pngegg.png',null,null,'N',to_timestamp('23/09/19 09:12:01.751000000','RR/MM/DD HH24:MI:SSXFF'),'admin',to_timestamp('23/10/05 09:49:33.571000000','RR/MM/DD HH24:MI:SSXFF'),'admin','36920230919091201751',36,10,0);
Insert into PRODUCT (PRODUCT_ID,CATEGORY_ID,PRODUCT_NM,PRODUCT_CONTENT,PRODUCT_PRICE,PRODUCT_STOCK,PRODUCT_OPTION_FIRST,PRODUCT_OPTION_SECOND,PRODUCT_OPTION_THIRD,PRODUCT_IMAGE_FIRST,PRODUCT_IMAGE_SECOND,PRODUCT_IMAGE_THIRD,STATUS,CREATE_DT,CREATOR,MODIFY_DT,MODIFIER,PRODUCT_CODE,PRODUCT_GROUP_ID,PRODUCT_MAX_GET,DISCOUNT_RATE) values (370,25,'지렁이 젤리','test',80000,900,'-','-','ok','KakaoTalk_20230817_173033018.png',null,null,'N',to_timestamp('23/09/19 09:12:33.261000000','RR/MM/DD HH24:MI:SSXFF'),'admin',to_timestamp('23/10/10 17:52:25.230000000','RR/MM/DD HH24:MI:SSXFF'),'admin','37020230919091233261',36,10,0);
Insert into PRODUCT (PRODUCT_ID,CATEGORY_ID,PRODUCT_NM,PRODUCT_CONTENT,PRODUCT_PRICE,PRODUCT_STOCK,PRODUCT_OPTION_FIRST,PRODUCT_OPTION_SECOND,PRODUCT_OPTION_THIRD,PRODUCT_IMAGE_FIRST,PRODUCT_IMAGE_SECOND,PRODUCT_IMAGE_THIRD,STATUS,CREATE_DT,CREATOR,MODIFY_DT,MODIFIER,PRODUCT_CODE,PRODUCT_GROUP_ID,PRODUCT_MAX_GET,DISCOUNT_RATE) values (137,18,'농심 포테토칩 잭슨페퍼로니맛','핫플 잭슨피자를 포테토칩으로 바로 즐기자',10000,150,'400g','-','-','https://daitso.s3.ap-northeast-2.amazonaws.com/%EB%86%8D%EC%8B%AC%20%ED%8F%AC%ED%85%8C%ED%86%A0%EC%B9%A9%20%EC%9E%AD%EC%8A%A8%ED%8E%98%ED%8D%BC%EB%A1%9C%EB%8B%88%EB%A7%9B%281%29.jpg','https://daitso.s3.ap-northeast-2.amazonaws.com/%EB%86%8D%EC%8B%AC%20%ED%8F%AC%ED%85%8C%ED%86%A0%EC%B9%A9%20%EC%9E%AD%EC%8A%A8%ED%8E%98%ED%8D%BC%EB%A1%9C%EB%8B%88%EB%A7%9B%282%29.jpg','https://daitso.s3.ap-northeast-2.amazonaws.com/%EB%86%8D%EC%8B%AC%20%ED%8F%AC%ED%85%8C%ED%86%A0%EC%B9%A9%20%EC%9E%AD%EC%8A%A8%ED%8E%98%ED%8D%BC%EB%A1%9C%EB%8B%88%EB%A7%9B%283%29.jpg','Y',to_timestamp('23/08/29 09:18:37.607000000','RR/MM/DD HH24:MI:SSXFF'),'admin',to_timestamp('23/09/30 18:23:10.373000000','RR/MM/DD HH24:MI:SSXFF'),'admin','13720230829091837607',33,10,0);
Insert into PRODUCT (PRODUCT_ID,CATEGORY_ID,PRODUCT_NM,PRODUCT_CONTENT,PRODUCT_PRICE,PRODUCT_STOCK,PRODUCT_OPTION_FIRST,PRODUCT_OPTION_SECOND,PRODUCT_OPTION_THIRD,PRODUCT_IMAGE_FIRST,PRODUCT_IMAGE_SECOND,PRODUCT_IMAGE_THIRD,STATUS,CREATE_DT,CREATOR,MODIFY_DT,MODIFIER,PRODUCT_CODE,PRODUCT_GROUP_ID,PRODUCT_MAX_GET,DISCOUNT_RATE) values (5,15,'아주마 영동 상주산 캠벨포도','맛있는 포도입니다',10000,99,'1.5kg','-','-','https://daitso.s3.ap-northeast-2.amazonaws.com/%EC%95%84%EC%A3%BC%EB%A7%88%20%EC%98%81%EB%8F%99%20%EC%83%81%EC%A3%BC%EC%82%B0%20%EC%BA%A0%EB%B2%A8%ED%8F%AC%EB%8F%84%281%29.jpg','https://daitso.s3.ap-northeast-2.amazonaws.com/%EC%95%84%EC%A3%BC%EB%A7%88%20%EC%98%81%EB%8F%99%20%EC%83%81%EC%A3%BC%EC%82%B0%20%EC%BA%A0%EB%B2%A8%ED%8F%AC%EB%8F%84%282%29.jpg','https://daitso.s3.ap-northeast-2.amazonaws.com/%EC%95%84%EC%A3%BC%EB%A7%88%20%EC%98%81%EB%8F%99%20%EC%83%81%EC%A3%BC%EC%82%B0%20%EC%BA%A0%EB%B2%A8%ED%8F%AC%EB%8F%84%283%29.jpg','Y',to_timestamp('23/08/22 00:00:00.000000000','RR/MM/DD HH24:MI:SSXFF'),'admin',null,null,'0000005',15,10,0);
Insert into PRODUCT (PRODUCT_ID,CATEGORY_ID,PRODUCT_NM,PRODUCT_CONTENT,PRODUCT_PRICE,PRODUCT_STOCK,PRODUCT_OPTION_FIRST,PRODUCT_OPTION_SECOND,PRODUCT_OPTION_THIRD,PRODUCT_IMAGE_FIRST,PRODUCT_IMAGE_SECOND,PRODUCT_IMAGE_THIRD,STATUS,CREATE_DT,CREATOR,MODIFY_DT,MODIFIER,PRODUCT_CODE,PRODUCT_GROUP_ID,PRODUCT_MAX_GET,DISCOUNT_RATE) values (409,25,'푸딩 젤리',null,2550,999,'500g','-','-','지렁이젤리.png',null,null,'N',to_timestamp('23/09/25 22:39:29.494000000','RR/MM/DD HH24:MI:SSXFF'),'admin',to_timestamp('23/09/27 19:13:04.901000000','RR/MM/DD HH24:MI:SSXFF'),'admin','40920230925223929494',56,19,0);
Insert into PRODUCT (PRODUCT_ID,CATEGORY_ID,PRODUCT_NM,PRODUCT_CONTENT,PRODUCT_PRICE,PRODUCT_STOCK,PRODUCT_OPTION_FIRST,PRODUCT_OPTION_SECOND,PRODUCT_OPTION_THIRD,PRODUCT_IMAGE_FIRST,PRODUCT_IMAGE_SECOND,PRODUCT_IMAGE_THIRD,STATUS,CREATE_DT,CREATOR,MODIFY_DT,MODIFIER,PRODUCT_CODE,PRODUCT_GROUP_ID,PRODUCT_MAX_GET,DISCOUNT_RATE) values (41,25,'마이니 일동제약 지니키즈 면역 비타젤리 15p 1개','튼튼한 우리아이를 위해 매일매일 맛있는 영양',1000,90000,'225g','-','-','https://daitso.s3.ap-northeast-2.amazonaws.com/%EB%A7%88%EC%9D%B4%EB%8B%88%20%EC%9D%BC%EB%8F%99%EC%A0%9C%EC%95%BD%20%EC%A7%80%EB%8B%88%ED%82%A4%EC%A6%88%20%EB%A9%B4%EC%97%AD%20%EB%B9%84%ED%83%80%EC%A0%A4%EB%A6%AC%2015p%201%EA%B0%9C%281%29.jpg','https://daitso.s3.ap-northeast-2.amazonaws.com/%EB%A7%88%EC%9D%B4%EB%8B%88%20%EC%9D%BC%EB%8F%99%EC%A0%9C%EC%95%BD%20%EC%A7%80%EB%8B%88%ED%82%A4%EC%A6%88%20%EB%A9%B4%EC%97%AD%20%EB%B9%84%ED%83%80%EC%A0%A4%EB%A6%AC%2015p%201%EA%B0%9C%282%29.jpg','https://daitso.s3.ap-northeast-2.amazonaws.com/%EB%A7%88%EC%9D%B4%EB%8B%88%20%EC%9D%BC%EB%8F%99%EC%A0%9C%EC%95%BD%20%EC%A7%80%EB%8B%88%ED%82%A4%EC%A6%88%20%EB%A9%B4%EC%97%AD%20%EB%B9%84%ED%83%80%EC%A0%A4%EB%A6%AC%2015p%201%EA%B0%9C%283%29.jpg','Y',to_timestamp('23/08/23 17:37:30.000000000','RR/MM/DD HH24:MI:SSXFF'),'admin',to_timestamp('23/10/25 21:58:34.419000000','RR/MM/DD HH24:MI:SSXFF'),'admin','0000030',28,10,0);
Insert into PRODUCT (PRODUCT_ID,CATEGORY_ID,PRODUCT_NM,PRODUCT_CONTENT,PRODUCT_PRICE,PRODUCT_STOCK,PRODUCT_OPTION_FIRST,PRODUCT_OPTION_SECOND,PRODUCT_OPTION_THIRD,PRODUCT_IMAGE_FIRST,PRODUCT_IMAGE_SECOND,PRODUCT_IMAGE_THIRD,STATUS,CREATE_DT,CREATOR,MODIFY_DT,MODIFIER,PRODUCT_CODE,PRODUCT_GROUP_ID,PRODUCT_MAX_GET,DISCOUNT_RATE) values (459,15,'한반도 비파괴 당도선별 샤인머스켓','껍질이 얇아 세척 후 생과 그대로 드시기에 좋답니다. 하나 똑 떼어서 먹으면 아삭아삭한 식감과 상큼한 풍미로 입맛을 사로잡죠. 달콤한 과즙을 자랑하는 샤인머스캣으로 일상에 신선함을 더해보세요.',31900,250,'2kg','-','-','https://daitso.s3.ap-northeast-2.amazonaws.com/%ED%95%9C%EB%B0%98%EB%8F%84%20%EB%B9%84%ED%8C%8C%EA%B4%B4%20%EB%8B%B9%EB%8F%84%EC%84%A0%EB%B3%84%20%EC%83%A4%EC%9D%B8%EB%A8%B8%EC%8A%A4%EC%BC%93%281%29.jpg','https://daitso.s3.ap-northeast-2.amazonaws.com/%ED%95%9C%EB%B0%98%EB%8F%84%20%EB%B9%84%ED%8C%8C%EA%B4%B4%20%EB%8B%B9%EB%8F%84%EC%84%A0%EB%B3%84%20%EC%83%A4%EC%9D%B8%EB%A8%B8%EC%8A%A4%EC%BC%93%282%29.jpg','https://daitso.s3.ap-northeast-2.amazonaws.com/%ED%95%9C%EB%B0%98%EB%8F%84%20%EB%B9%84%ED%8C%8C%EA%B4%B4%20%EB%8B%B9%EB%8F%84%EC%84%A0%EB%B3%84%20%EC%83%A4%EC%9D%B8%EB%A8%B8%EC%8A%A4%EC%BC%93%283%29.jpg','Y',to_timestamp('23/10/05 15:47:33.896000000','RR/MM/DD HH24:MI:SSXFF'),'admin',null,null,'45920231005154733896',73,10,0);
Insert into PRODUCT (PRODUCT_ID,CATEGORY_ID,PRODUCT_NM,PRODUCT_CONTENT,PRODUCT_PRICE,PRODUCT_STOCK,PRODUCT_OPTION_FIRST,PRODUCT_OPTION_SECOND,PRODUCT_OPTION_THIRD,PRODUCT_IMAGE_FIRST,PRODUCT_IMAGE_SECOND,PRODUCT_IMAGE_THIRD,STATUS,CREATE_DT,CREATOR,MODIFY_DT,MODIFIER,PRODUCT_CODE,PRODUCT_GROUP_ID,PRODUCT_MAX_GET,DISCOUNT_RATE) values (429,23,'우리는 여전히 삶을 사랑하는가',null,19800,7,'-','-','-','https://daitso.s3.ap-northeast-2.amazonaws.com/%EC%9A%B0%EC%97%AC%EC%82%B6%EC%82%AC.JPG','https://daitso.s3.ap-northeast-2.amazonaws.com/%EC%9A%B0%EB%A6%AC%EB%8A%94%20%EC%97%AC%EC%A0%84%ED%9E%88%20%EC%82%B6%EC%9D%84%20%EC%82%AC%EB%9E%91%ED%95%98%EB%8A%94%EA%B0%80%20test%282%29.png','https://daitso.s3.ap-northeast-2.amazonaws.com/%EC%9A%B0%EB%A6%AC%EB%8A%94%20%EC%97%AC%EC%A0%84%ED%9E%88%20%EC%82%B6%EC%9D%84%20%EC%82%AC%EB%9E%91%ED%95%98%EB%8A%94%EA%B0%80%20test%283%29.png','Y',to_timestamp('23/09/30 22:47:16.885000000','RR/MM/DD HH24:MI:SSXFF'),'admin',to_timestamp('23/10/11 17:55:31.338000000','RR/MM/DD HH24:MI:SSXFF'),'admin','42920230930224716885',62,100,10);
Insert into PRODUCT (PRODUCT_ID,CATEGORY_ID,PRODUCT_NM,PRODUCT_CONTENT,PRODUCT_PRICE,PRODUCT_STOCK,PRODUCT_OPTION_FIRST,PRODUCT_OPTION_SECOND,PRODUCT_OPTION_THIRD,PRODUCT_IMAGE_FIRST,PRODUCT_IMAGE_SECOND,PRODUCT_IMAGE_THIRD,STATUS,CREATE_DT,CREATOR,MODIFY_DT,MODIFIER,PRODUCT_CODE,PRODUCT_GROUP_ID,PRODUCT_MAX_GET,DISCOUNT_RATE) values (461,15,'한반도 비파괴 당도선별 샤인머스켓','껍질이 얇아 세척 후 생과 그대로 드시기에 좋답니다. 하나 똑 떼어서 먹으면 아삭아삭한 식감과 상큼한 풍미로 입맛을 사로잡죠. 달콤한 과즙을 자랑하는 샤인머스캣으로 일상에 신선함을 더해보세요.',25900,272,'1kg','-','-','https://daitso.s3.ap-northeast-2.amazonaws.com/%ED%95%9C%EB%B0%98%EB%8F%84%20%EB%B9%84%ED%8C%8C%EA%B4%B4%20%EB%8B%B9%EB%8F%84%EC%84%A0%EB%B3%84%20%EC%83%A4%EC%9D%B8%EB%A8%B8%EC%8A%A4%EC%BC%93%281%29.jpg','https://daitso.s3.ap-northeast-2.amazonaws.com/%ED%95%9C%EB%B0%98%EB%8F%84%20%EB%B9%84%ED%8C%8C%EA%B4%B4%20%EB%8B%B9%EB%8F%84%EC%84%A0%EB%B3%84%20%EC%83%A4%EC%9D%B8%EB%A8%B8%EC%8A%A4%EC%BC%93%282%29.jpg','https://daitso.s3.ap-northeast-2.amazonaws.com/%ED%95%9C%EB%B0%98%EB%8F%84%20%EB%B9%84%ED%8C%8C%EA%B4%B4%20%EB%8B%B9%EB%8F%84%EC%84%A0%EB%B3%84%20%EC%83%A4%EC%9D%B8%EB%A8%B8%EC%8A%A4%EC%BC%93%283%29.jpg','Y',to_timestamp('23/10/05 15:51:47.180000000','RR/MM/DD HH24:MI:SSXFF'),'admin',null,null,'46120231005155147180',73,10,10);
Insert into PRODUCT (PRODUCT_ID,CATEGORY_ID,PRODUCT_NM,PRODUCT_CONTENT,PRODUCT_PRICE,PRODUCT_STOCK,PRODUCT_OPTION_FIRST,PRODUCT_OPTION_SECOND,PRODUCT_OPTION_THIRD,PRODUCT_IMAGE_FIRST,PRODUCT_IMAGE_SECOND,PRODUCT_IMAGE_THIRD,STATUS,CREATE_DT,CREATOR,MODIFY_DT,MODIFIER,PRODUCT_CODE,PRODUCT_GROUP_ID,PRODUCT_MAX_GET,DISCOUNT_RATE) values (463,15,'가족 의성 부드러운 황도 복숭아',null,13000,249,'1kg','-','-','https://daitso.s3.ap-northeast-2.amazonaws.com/%EA%B0%80%EC%A1%B1%20%EC%9D%98%EC%84%B1%20%EB%B6%80%EB%93%9C%EB%9F%AC%EC%9A%B4%20%ED%99%A9%EB%8F%84%20%EB%B3%B5%EC%88%AD%EC%95%84%281%29.jpg','https://daitso.s3.ap-northeast-2.amazonaws.com/%EA%B0%80%EC%A1%B1%20%EC%9D%98%EC%84%B1%20%EB%B6%80%EB%93%9C%EB%9F%AC%EC%9A%B4%20%ED%99%A9%EB%8F%84%20%EB%B3%B5%EC%88%AD%EC%95%84%282%29.jpg','https://daitso.s3.ap-northeast-2.amazonaws.com/%EA%B0%80%EC%A1%B1%20%EC%9D%98%EC%84%B1%20%EB%B6%80%EB%93%9C%EB%9F%AC%EC%9A%B4%20%ED%99%A9%EB%8F%84%20%EB%B3%B5%EC%88%AD%EC%95%84%283%29.jpg','Y',to_timestamp('23/10/05 16:02:55.511000000','RR/MM/DD HH24:MI:SSXFF'),'admin',null,null,'46320231005160255511',14,10,0);
Insert into PRODUCT (PRODUCT_ID,CATEGORY_ID,PRODUCT_NM,PRODUCT_CONTENT,PRODUCT_PRICE,PRODUCT_STOCK,PRODUCT_OPTION_FIRST,PRODUCT_OPTION_SECOND,PRODUCT_OPTION_THIRD,PRODUCT_IMAGE_FIRST,PRODUCT_IMAGE_SECOND,PRODUCT_IMAGE_THIRD,STATUS,CREATE_DT,CREATOR,MODIFY_DT,MODIFIER,PRODUCT_CODE,PRODUCT_GROUP_ID,PRODUCT_MAX_GET,DISCOUNT_RATE) values (19,2,'헤지스 여성용 h ours 숏 페어링 파카','겨울용 오버핏 퀼팅 숏패딩 블랙계열',40000,86,'90','-','-','https://daitso.s3.ap-northeast-2.amazonaws.com/%ED%97%A4%EC%A7%80%EC%8A%A4%20%EC%97%AC%EC%84%B1%EC%9A%A9%20h%20ours%20%EC%88%8F%20%ED%8E%98%EC%96%B4%EB%A7%81%20%ED%8C%8C%EC%B9%B41.png','https://daitso.s3.ap-northeast-2.amazonaws.com/%ED%97%A4%EC%A7%80%EC%8A%A4%20%EC%97%AC%EC%84%B1%EC%9A%A9%20h%20ours%20%EC%88%8F%20%ED%8E%98%EC%96%B4%EB%A7%81%20%ED%8C%8C%EC%B9%B42.png','https://daitso.s3.ap-northeast-2.amazonaws.com/%ED%97%A4%EC%A7%80%EC%8A%A4%20%EC%97%AC%EC%84%B1%EC%9A%A9%20h%20ours%20%EC%88%8F%20%ED%8E%98%EC%96%B4%EB%A7%81%20%ED%8C%8C%EC%B9%B43.png','Y',to_timestamp('23/08/22 00:00:00.000000000','RR/MM/DD HH24:MI:SSXFF'),'admin',to_timestamp('23/09/24 15:25:24.532000000','RR/MM/DD HH24:MI:SSXFF'),'admin','0000016',25,10,0);
Insert into PRODUCT (PRODUCT_ID,CATEGORY_ID,PRODUCT_NM,PRODUCT_CONTENT,PRODUCT_PRICE,PRODUCT_STOCK,PRODUCT_OPTION_FIRST,PRODUCT_OPTION_SECOND,PRODUCT_OPTION_THIRD,PRODUCT_IMAGE_FIRST,PRODUCT_IMAGE_SECOND,PRODUCT_IMAGE_THIRD,STATUS,CREATE_DT,CREATOR,MODIFY_DT,MODIFIER,PRODUCT_CODE,PRODUCT_GROUP_ID,PRODUCT_MAX_GET,DISCOUNT_RATE) values (30,6,'필립스 비바 컬렉션 와이드 토스터기','8단계 굽기 설정, 재가열과 해동 모드로 맛있게 구울 수 있습니다.',57500,897,'-','-','-','https://daitso.s3.ap-northeast-2.amazonaws.com/%ED%95%84%EB%A6%BD%EC%8A%A4%20%EB%B9%84%EB%B0%94%20%EC%BB%AC%EB%A0%89%EC%85%98%20%EC%99%80%EC%9D%B4%EB%93%9C%20%ED%86%A0%EC%8A%A4%ED%84%B0%EA%B8%B01.png','https://daitso.s3.ap-northeast-2.amazonaws.com/%ED%95%84%EB%A6%BD%EC%8A%A4%20%EB%B9%84%EB%B0%94%20%EC%BB%AC%EB%A0%89%EC%85%98%20%EC%99%80%EC%9D%B4%EB%93%9C%20%ED%86%A0%EC%8A%A4%ED%84%B0%EA%B8%B02.png','https://daitso.s3.ap-northeast-2.amazonaws.com/%ED%95%84%EB%A6%BD%EC%8A%A4%20%EB%B9%84%EB%B0%94%20%EC%BB%AC%EB%A0%89%EC%85%98%20%EC%99%80%EC%9D%B4%EB%93%9C%20%ED%86%A0%EC%8A%A4%ED%84%B0%EA%B8%B03.png','Y',to_timestamp('23/08/22 00:00:00.000000000','RR/MM/DD HH24:MI:SSXFF'),'admin',null,null,'0000024',3,10,0);
Insert into PRODUCT (PRODUCT_ID,CATEGORY_ID,PRODUCT_NM,PRODUCT_CONTENT,PRODUCT_PRICE,PRODUCT_STOCK,PRODUCT_OPTION_FIRST,PRODUCT_OPTION_SECOND,PRODUCT_OPTION_THIRD,PRODUCT_IMAGE_FIRST,PRODUCT_IMAGE_SECOND,PRODUCT_IMAGE_THIRD,STATUS,CREATE_DT,CREATOR,MODIFY_DT,MODIFIER,PRODUCT_CODE,PRODUCT_GROUP_ID,PRODUCT_MAX_GET,DISCOUNT_RATE) values (35,15,'칠레산 레몬','샛노란 껍질이 매력적인 레몬이에요. 톡 쏘는 상큼한 풍미가 매력적이죠.',17900,0,'3kg','-','-','https://daitso.s3.ap-northeast-2.amazonaws.com/%EC%B9%A0%EB%A0%88%EC%82%B0%20%EB%A0%88%EB%AA%AC%281%29.jpg','https://daitso.s3.ap-northeast-2.amazonaws.com/%EC%B9%A0%EB%A0%88%EC%82%B0%20%EB%A0%88%EB%AA%AC%282%29.jpg','https://daitso.s3.ap-northeast-2.amazonaws.com/%EC%B9%A0%EB%A0%88%EC%82%B0%20%EB%A0%88%EB%AA%AC%283%29.jpg','Y',to_timestamp('23/08/22 00:00:00.000000000','RR/MM/DD HH24:MI:SSXFF'),'admin',null,null,'0000027',5,10,0);
Insert into PRODUCT (PRODUCT_ID,CATEGORY_ID,PRODUCT_NM,PRODUCT_CONTENT,PRODUCT_PRICE,PRODUCT_STOCK,PRODUCT_OPTION_FIRST,PRODUCT_OPTION_SECOND,PRODUCT_OPTION_THIRD,PRODUCT_IMAGE_FIRST,PRODUCT_IMAGE_SECOND,PRODUCT_IMAGE_THIRD,STATUS,CREATE_DT,CREATOR,MODIFY_DT,MODIFIER,PRODUCT_CODE,PRODUCT_GROUP_ID,PRODUCT_MAX_GET,DISCOUNT_RATE) values (28,9,'릴팡 포켓몬스터 식기세척기용 스텐컵 파이리','어린이용 포켓몬스터 파이리 스테인리스 컵',10000,194,'260ml','-','-','https://daitso.s3.ap-northeast-2.amazonaws.com/%ED%8C%8C%EC%9D%B4%EB%A6%AC%EC%BB%B54.png','https://daitso.s3.ap-northeast-2.amazonaws.com/%ED%8C%8C%EC%9D%B4%EB%A6%AC%EC%BB%B52.jpg','https://daitso.s3.ap-northeast-2.amazonaws.com/%ED%8C%8C%EC%9D%B4%EB%A6%AC%EC%BB%B55.png','Y',to_timestamp('23/08/22 00:00:00.000000000','RR/MM/DD HH24:MI:SSXFF'),'admin',null,null,'0000023',9,10,0);
Insert into PRODUCT (PRODUCT_ID,CATEGORY_ID,PRODUCT_NM,PRODUCT_CONTENT,PRODUCT_PRICE,PRODUCT_STOCK,PRODUCT_OPTION_FIRST,PRODUCT_OPTION_SECOND,PRODUCT_OPTION_THIRD,PRODUCT_IMAGE_FIRST,PRODUCT_IMAGE_SECOND,PRODUCT_IMAGE_THIRD,STATUS,CREATE_DT,CREATOR,MODIFY_DT,MODIFIER,PRODUCT_CODE,PRODUCT_GROUP_ID,PRODUCT_MAX_GET,DISCOUNT_RATE) values (32,6,'LG 디오스 오브제컬렉션 광파오븐 미스트 베이지','공간에 스며드는 아름다운 뉴트럴 디자인, 듀얼광파히터 인공지는 Cook',655000,898,'-','-','-','https://daitso.s3.ap-northeast-2.amazonaws.com/LG%20%EB%94%94%EC%98%A4%EC%8A%A4%20%EC%98%A4%EB%B8%8C%EC%A0%9C%EC%BB%AC%EB%A0%89%EC%85%98%20%EA%B4%91%ED%8C%8C%EC%98%A4%EB%B8%90%20%EB%AF%B8%EC%8A%A4%ED%8A%B8%20%EB%B2%A0%EC%9D%B4%EC%A7%802.png','C:\images\oven2.jpg',null,'Y',to_timestamp('23/08/22 00:00:00.000000000','RR/MM/DD HH24:MI:SSXFF'),'admin',null,null,'0000025',10,10,0);
Insert into PRODUCT (PRODUCT_ID,CATEGORY_ID,PRODUCT_NM,PRODUCT_CONTENT,PRODUCT_PRICE,PRODUCT_STOCK,PRODUCT_OPTION_FIRST,PRODUCT_OPTION_SECOND,PRODUCT_OPTION_THIRD,PRODUCT_IMAGE_FIRST,PRODUCT_IMAGE_SECOND,PRODUCT_IMAGE_THIRD,STATUS,CREATE_DT,CREATOR,MODIFY_DT,MODIFIER,PRODUCT_CODE,PRODUCT_GROUP_ID,PRODUCT_MAX_GET,DISCOUNT_RATE) values (135,19,'포카리 스웨트','시원한 포카리 스웨트',1000,101,'1.5L','-','-','https://daitso.s3.ap-northeast-2.amazonaws.com/%ED%8F%AC%EC%B9%B4%EB%A6%AC%20%EC%8A%A4%EC%9B%A8%ED%8A%B8%281%29.jpg','https://daitso.s3.ap-northeast-2.amazonaws.com/%ED%8F%AC%EC%B9%B4%EB%A6%AC%20%EC%8A%A4%EC%9B%A8%ED%8A%B8%282%29.jpg','https://daitso.s3.ap-northeast-2.amazonaws.com/%ED%8F%AC%EC%B9%B4%EB%A6%AC%20%EC%8A%A4%EC%9B%A8%ED%8A%B8%283%29.jpg','Y',to_timestamp('23/08/29 09:15:28.691000000','RR/MM/DD HH24:MI:SSXFF'),'admin',null,null,'13520230829091528691',11,10,0);
Insert into PRODUCT (PRODUCT_ID,CATEGORY_ID,PRODUCT_NM,PRODUCT_CONTENT,PRODUCT_PRICE,PRODUCT_STOCK,PRODUCT_OPTION_FIRST,PRODUCT_OPTION_SECOND,PRODUCT_OPTION_THIRD,PRODUCT_IMAGE_FIRST,PRODUCT_IMAGE_SECOND,PRODUCT_IMAGE_THIRD,STATUS,CREATE_DT,CREATOR,MODIFY_DT,MODIFIER,PRODUCT_CODE,PRODUCT_GROUP_ID,PRODUCT_MAX_GET,DISCOUNT_RATE) values (2,12,'다우니','다우니 실내건조용',9000,100,'100ml','-','-','C:\images\deuni.jpg',null,null,'N',to_timestamp('23/08/22 00:00:00.000000000','RR/MM/DD HH24:MI:SSXFF'),'admin',to_timestamp('23/10/05 16:45:37.147000000','RR/MM/DD HH24:MI:SSXFF'),'admin','0000001',12,10,0);
Insert into PRODUCT (PRODUCT_ID,CATEGORY_ID,PRODUCT_NM,PRODUCT_CONTENT,PRODUCT_PRICE,PRODUCT_STOCK,PRODUCT_OPTION_FIRST,PRODUCT_OPTION_SECOND,PRODUCT_OPTION_THIRD,PRODUCT_IMAGE_FIRST,PRODUCT_IMAGE_SECOND,PRODUCT_IMAGE_THIRD,STATUS,CREATE_DT,CREATOR,MODIFY_DT,MODIFIER,PRODUCT_CODE,PRODUCT_GROUP_ID,PRODUCT_MAX_GET,DISCOUNT_RATE) values (3,12,'다우니 울트라 에이프릴 후레쉬','다우니 ',9000,85,'500ml','-','-','https://daitso.s3.ap-northeast-2.amazonaws.com/%EB%8B%A4%EC%9A%B0%EB%8B%88%20%EC%9A%B8%ED%8A%B8%EB%9D%BC%20%EC%97%90%EC%9D%B4%ED%94%84%EB%A6%B4%20%ED%9B%84%EB%A0%88%EC%89%AC%20%281%29.png',null,'https://daitso.s3.ap-northeast-2.amazonaws.com/%EB%8B%A4%EC%9A%B0%EB%8B%88%20%EC%9A%B8%ED%8A%B8%EB%9D%BC%20%EC%97%90%EC%9D%B4%ED%94%84%EB%A6%B4%20%ED%9B%84%EB%A0%88%EC%89%AC%20%283%29.png','Y',to_timestamp('23/08/22 00:00:00.000000000','RR/MM/DD HH24:MI:SSXFF'),'admin',null,null,'0000002',13,10,0);
Insert into PRODUCT (PRODUCT_ID,CATEGORY_ID,PRODUCT_NM,PRODUCT_CONTENT,PRODUCT_PRICE,PRODUCT_STOCK,PRODUCT_OPTION_FIRST,PRODUCT_OPTION_SECOND,PRODUCT_OPTION_THIRD,PRODUCT_IMAGE_FIRST,PRODUCT_IMAGE_SECOND,PRODUCT_IMAGE_THIRD,STATUS,CREATE_DT,CREATOR,MODIFY_DT,MODIFIER,PRODUCT_CODE,PRODUCT_GROUP_ID,PRODUCT_MAX_GET,DISCOUNT_RATE) values (4,15,'가족 의성 부드러운 황도 복숭아','복숭아',15000,100,'1.5kg','-','-','https://daitso.s3.ap-northeast-2.amazonaws.com/%EA%B0%80%EC%A1%B1%20%EC%9D%98%EC%84%B1%20%EB%B6%80%EB%93%9C%EB%9F%AC%EC%9A%B4%20%ED%99%A9%EB%8F%84%20%EB%B3%B5%EC%88%AD%EC%95%84%282%29.jpg','https://daitso.s3.ap-northeast-2.amazonaws.com/%EA%B0%80%EC%A1%B1%20%EC%9D%98%EC%84%B1%20%EB%B6%80%EB%93%9C%EB%9F%AC%EC%9A%B4%20%ED%99%A9%EB%8F%84%20%EB%B3%B5%EC%88%AD%EC%95%84%281%29.jpg','https://daitso.s3.ap-northeast-2.amazonaws.com/%EA%B0%80%EC%A1%B1%20%EC%9D%98%EC%84%B1%20%EB%B6%80%EB%93%9C%EB%9F%AC%EC%9A%B4%20%ED%99%A9%EB%8F%84%20%EB%B3%B5%EC%88%AD%EC%95%84%283%29.jpg','Y',to_timestamp('23/08/22 00:00:00.000000000','RR/MM/DD HH24:MI:SSXFF'),'admin',null,null,'0000003',14,10,0);
Insert into PRODUCT (PRODUCT_ID,CATEGORY_ID,PRODUCT_NM,PRODUCT_CONTENT,PRODUCT_PRICE,PRODUCT_STOCK,PRODUCT_OPTION_FIRST,PRODUCT_OPTION_SECOND,PRODUCT_OPTION_THIRD,PRODUCT_IMAGE_FIRST,PRODUCT_IMAGE_SECOND,PRODUCT_IMAGE_THIRD,STATUS,CREATE_DT,CREATOR,MODIFY_DT,MODIFIER,PRODUCT_CODE,PRODUCT_GROUP_ID,PRODUCT_MAX_GET,DISCOUNT_RATE) values (6,23,'신','베르나르 베르베르의 베스트셀러!! 신!',10000,95,'-','-','-','https://daitso.s3.ap-northeast-2.amazonaws.com/%EC%8B%A01.png',null,null,'Y',to_timestamp('23/08/22 00:00:00.000000000','RR/MM/DD HH24:MI:SSXFF'),'admin',null,null,'0000006',16,10,0);
Insert into PRODUCT (PRODUCT_ID,CATEGORY_ID,PRODUCT_NM,PRODUCT_CONTENT,PRODUCT_PRICE,PRODUCT_STOCK,PRODUCT_OPTION_FIRST,PRODUCT_OPTION_SECOND,PRODUCT_OPTION_THIRD,PRODUCT_IMAGE_FIRST,PRODUCT_IMAGE_SECOND,PRODUCT_IMAGE_THIRD,STATUS,CREATE_DT,CREATOR,MODIFY_DT,MODIFIER,PRODUCT_CODE,PRODUCT_GROUP_ID,PRODUCT_MAX_GET,DISCOUNT_RATE) values (7,23,'브릿마리 여기 있다','이제부터 "나" 브릿마리로 살기로 했다!',10000,999,'-','-','-','https://daitso.s3.ap-northeast-2.amazonaws.com/%EB%B8%8C%EB%A6%BF%EB%A7%88%EB%A6%AC%20%EC%97%AC%EA%B8%B0%EC%9E%88%EB%8B%A41.png',null,null,'Y',to_timestamp('23/08/22 00:00:00.000000000','RR/MM/DD HH24:MI:SSXFF'),'admin',to_timestamp('23/10/17 16:18:05.703000000','RR/MM/DD HH24:MI:SSXFF'),'admin','0000007',17,10,0);
Insert into PRODUCT (PRODUCT_ID,CATEGORY_ID,PRODUCT_NM,PRODUCT_CONTENT,PRODUCT_PRICE,PRODUCT_STOCK,PRODUCT_OPTION_FIRST,PRODUCT_OPTION_SECOND,PRODUCT_OPTION_THIRD,PRODUCT_IMAGE_FIRST,PRODUCT_IMAGE_SECOND,PRODUCT_IMAGE_THIRD,STATUS,CREATE_DT,CREATOR,MODIFY_DT,MODIFIER,PRODUCT_CODE,PRODUCT_GROUP_ID,PRODUCT_MAX_GET,DISCOUNT_RATE) values (9,23,'센트럴 파크','슬픈 사랑 이야기',10000,96,'-','-','-','https://daitso.s3.ap-northeast-2.amazonaws.com/%EC%84%BC%ED%8A%B8%EB%9F%B4%ED%8C%8C%ED%81%AC1.png',null,null,'Y',to_timestamp('23/08/22 00:00:00.000000000','RR/MM/DD HH24:MI:SSXFF'),'admin',to_timestamp('23/10/19 02:24:28.256000000','RR/MM/DD HH24:MI:SSXFF'),'admin','0000009',18,10,0);
Insert into PRODUCT (PRODUCT_ID,CATEGORY_ID,PRODUCT_NM,PRODUCT_CONTENT,PRODUCT_PRICE,PRODUCT_STOCK,PRODUCT_OPTION_FIRST,PRODUCT_OPTION_SECOND,PRODUCT_OPTION_THIRD,PRODUCT_IMAGE_FIRST,PRODUCT_IMAGE_SECOND,PRODUCT_IMAGE_THIRD,STATUS,CREATE_DT,CREATOR,MODIFY_DT,MODIFIER,PRODUCT_CODE,PRODUCT_GROUP_ID,PRODUCT_MAX_GET,DISCOUNT_RATE) values (10,23,'1q84','무라카미 하루키의 베스트 셀러',10000,99,'-','-','-','https://daitso.s3.ap-northeast-2.amazonaws.com/1q84.png',null,null,'Y',to_timestamp('23/08/22 00:00:00.000000000','RR/MM/DD HH24:MI:SSXFF'),'admin',null,null,'0000010',19,10,10);
Insert into PRODUCT (PRODUCT_ID,CATEGORY_ID,PRODUCT_NM,PRODUCT_CONTENT,PRODUCT_PRICE,PRODUCT_STOCK,PRODUCT_OPTION_FIRST,PRODUCT_OPTION_SECOND,PRODUCT_OPTION_THIRD,PRODUCT_IMAGE_FIRST,PRODUCT_IMAGE_SECOND,PRODUCT_IMAGE_THIRD,STATUS,CREATE_DT,CREATOR,MODIFY_DT,MODIFIER,PRODUCT_CODE,PRODUCT_GROUP_ID,PRODUCT_MAX_GET,DISCOUNT_RATE) values (11,23,'너의 췌장을 먹고싶어','슬픈 사랑 이야기',10000,86,'-','-','-','https://daitso.s3.ap-northeast-2.amazonaws.com/%EB%84%88%EC%9D%98%20%EC%B7%8C%EC%9E%A5%EC%9D%84%20%EB%A8%B9%EA%B3%A0%EC%8B%B6%EC%96%B41.png',null,null,'Y',to_timestamp('23/08/22 00:00:00.000000000','RR/MM/DD HH24:MI:SSXFF'),'admin',null,null,'0000011',20,10,0);
Insert into PRODUCT (PRODUCT_ID,CATEGORY_ID,PRODUCT_NM,PRODUCT_CONTENT,PRODUCT_PRICE,PRODUCT_STOCK,PRODUCT_OPTION_FIRST,PRODUCT_OPTION_SECOND,PRODUCT_OPTION_THIRD,PRODUCT_IMAGE_FIRST,PRODUCT_IMAGE_SECOND,PRODUCT_IMAGE_THIRD,STATUS,CREATE_DT,CREATOR,MODIFY_DT,MODIFIER,PRODUCT_CODE,PRODUCT_GROUP_ID,PRODUCT_MAX_GET,DISCOUNT_RATE) values (16,11,'세타필 모이스춰라이징 로션','민감피부 NO.1 더마 브랜드 주간신문 CMN 선정 2022년 바디보습 대한민국 베스트 화장품',26500,0,'1.25L','-','-','https://daitso.s3.ap-northeast-2.amazonaws.com/%EC%84%B8%ED%83%80%ED%95%84%20%EB%AA%A8%EC%9D%B4%EC%8A%A4%EC%B6%B0%EB%9D%BC%EC%9D%B4%EC%A7%95%20%EB%A1%9C%EC%85%981.png','https://daitso.s3.ap-northeast-2.amazonaws.com/%EC%84%B8%ED%83%80%ED%95%84%20%EB%AA%A8%EC%9D%B4%EC%8A%A4%EC%B6%B0%EB%9D%BC%EC%9D%B4%EC%A7%95%20%EB%A1%9C%EC%85%982.png','https://daitso.s3.ap-northeast-2.amazonaws.com/%EC%84%B8%ED%83%80%ED%95%84%20%EB%AA%A8%EC%9D%B4%EC%8A%A4%EC%B6%B0%EB%9D%BC%EC%9D%B4%EC%A7%95%20%EB%A1%9C%EC%85%98%283%29.jpg','Y',to_timestamp('23/08/22 00:00:00.000000000','RR/MM/DD HH24:MI:SSXFF'),'admin',to_timestamp('23/10/10 17:51:20.199000000','RR/MM/DD HH24:MI:SSXFF'),'admin','0000013',22,10,0);
Insert into PRODUCT (PRODUCT_ID,CATEGORY_ID,PRODUCT_NM,PRODUCT_CONTENT,PRODUCT_PRICE,PRODUCT_STOCK,PRODUCT_OPTION_FIRST,PRODUCT_OPTION_SECOND,PRODUCT_OPTION_THIRD,PRODUCT_IMAGE_FIRST,PRODUCT_IMAGE_SECOND,PRODUCT_IMAGE_THIRD,STATUS,CREATE_DT,CREATOR,MODIFY_DT,MODIFIER,PRODUCT_CODE,PRODUCT_GROUP_ID,PRODUCT_MAX_GET,DISCOUNT_RATE) values (18,11,'이브로쉐 샤워젤 피치 앤 스타 아니스','부드럽고 풍성한 거품을 선사하는 촉촉한 바디워시로 입욕제로 사용 가능합니다.',205000,97,'400ml','-','-','https://daitso.s3.ap-northeast-2.amazonaws.com/%EC%9D%B4%EB%B8%8C%EB%A1%9C%EC%89%90%20%EC%83%A4%EC%9B%8C%EC%A0%A4%20%ED%94%BC%EC%B9%98%20%EC%95%A4%20%EC%8A%A4%ED%83%80%20%EC%95%84%EB%8B%88%EC%8A%A41.png',null,null,'Y',to_timestamp('23/08/22 00:00:00.000000000','RR/MM/DD HH24:MI:SSXFF'),'admin',to_timestamp('23/10/22 22:50:24.188000000','RR/MM/DD HH24:MI:SSXFF'),'admin','0000015',24,5,0);
Insert into PRODUCT (PRODUCT_ID,CATEGORY_ID,PRODUCT_NM,PRODUCT_CONTENT,PRODUCT_PRICE,PRODUCT_STOCK,PRODUCT_OPTION_FIRST,PRODUCT_OPTION_SECOND,PRODUCT_OPTION_THIRD,PRODUCT_IMAGE_FIRST,PRODUCT_IMAGE_SECOND,PRODUCT_IMAGE_THIRD,STATUS,CREATE_DT,CREATOR,MODIFY_DT,MODIFIER,PRODUCT_CODE,PRODUCT_GROUP_ID,PRODUCT_MAX_GET,DISCOUNT_RATE) values (140,16,'풀무원 국산콩 두부 부침찌개 겸용','국산콩 두부',5400,98,'300g','-','-','https://daitso.s3.ap-northeast-2.amazonaws.com/%ED%92%80%EB%AC%B4%EC%9B%90%20%EA%B5%AD%EC%82%B0%EC%BD%A9%20%EB%91%90%EB%B6%80%20%EB%B6%80%EC%B9%A8%EC%B0%8C%EA%B0%9C%20%EA%B2%B8%EC%9A%A9%281%29.jpg','https://daitso.s3.ap-northeast-2.amazonaws.com/%ED%92%80%EB%AC%B4%EC%9B%90%20%EA%B5%AD%EC%82%B0%EC%BD%A9%20%EB%91%90%EB%B6%80%20%EB%B6%80%EC%B9%A8%EC%B0%8C%EA%B0%9C%20%EA%B2%B8%EC%9A%A9%282%29.jpg','https://daitso.s3.ap-northeast-2.amazonaws.com/%ED%92%80%EB%AC%B4%EC%9B%90%20%EA%B5%AD%EC%82%B0%EC%BD%A9%20%EB%91%90%EB%B6%80%20%EB%B6%80%EC%B9%A8%EC%B0%8C%EA%B0%9C%20%EA%B2%B8%EC%9A%A9%283%29.jpg','Y',to_timestamp('23/08/29 09:59:36.044000000','RR/MM/DD HH24:MI:SSXFF'),'admin',to_timestamp('23/10/10 17:51:56.844000000','RR/MM/DD HH24:MI:SSXFF'),'admin','14020230829095936044',31,10,0);
Insert into PRODUCT (PRODUCT_ID,CATEGORY_ID,PRODUCT_NM,PRODUCT_CONTENT,PRODUCT_PRICE,PRODUCT_STOCK,PRODUCT_OPTION_FIRST,PRODUCT_OPTION_SECOND,PRODUCT_OPTION_THIRD,PRODUCT_IMAGE_FIRST,PRODUCT_IMAGE_SECOND,PRODUCT_IMAGE_THIRD,STATUS,CREATE_DT,CREATOR,MODIFY_DT,MODIFIER,PRODUCT_CODE,PRODUCT_GROUP_ID,PRODUCT_MAX_GET,DISCOUNT_RATE) values (213,3,'테스트 데이터2 지우지 마세요','dont'' remove',19845,10,'-','그린','반팔','이미지',null,null,'N',to_timestamp('23/08/31 17:05:02.717000000','RR/MM/DD HH24:MI:SSXFF'),'admin',to_timestamp('23/10/05 16:40:12.474000000','RR/MM/DD HH24:MI:SSXFF'),'admin','21320230831170502717',34,10,0);
Insert into PRODUCT (PRODUCT_ID,CATEGORY_ID,PRODUCT_NM,PRODUCT_CONTENT,PRODUCT_PRICE,PRODUCT_STOCK,PRODUCT_OPTION_FIRST,PRODUCT_OPTION_SECOND,PRODUCT_OPTION_THIRD,PRODUCT_IMAGE_FIRST,PRODUCT_IMAGE_SECOND,PRODUCT_IMAGE_THIRD,STATUS,CREATE_DT,CREATOR,MODIFY_DT,MODIFIER,PRODUCT_CODE,PRODUCT_GROUP_ID,PRODUCT_MAX_GET,DISCOUNT_RATE) values (215,3,'테스트 데이터2 지우지 마세요','do not remove',20000,1555,null,'그린','시릴 간','이미지',null,null,'N',to_timestamp('23/08/31 17:58:00.160000000','RR/MM/DD HH24:MI:SSXFF'),'admin',to_timestamp('23/10/05 16:40:12.474000000','RR/MM/DD HH24:MI:SSXFF'),'admin','21520230831175800160',34,10,0);
Insert into PRODUCT (PRODUCT_ID,CATEGORY_ID,PRODUCT_NM,PRODUCT_CONTENT,PRODUCT_PRICE,PRODUCT_STOCK,PRODUCT_OPTION_FIRST,PRODUCT_OPTION_SECOND,PRODUCT_OPTION_THIRD,PRODUCT_IMAGE_FIRST,PRODUCT_IMAGE_SECOND,PRODUCT_IMAGE_THIRD,STATUS,CREATE_DT,CREATOR,MODIFY_DT,MODIFIER,PRODUCT_CODE,PRODUCT_GROUP_ID,PRODUCT_MAX_GET,DISCOUNT_RATE) values (443,16,'곰곰 맛있는 꿀고구마(햇)',null,1500,1500,'test','-','-','스크린샷(1).png',null,null,'N',to_timestamp('23/10/04 11:33:00.645000000','RR/MM/DD HH24:MI:SSXFF'),'admin',to_timestamp('23/10/04 14:21:33.742000000','RR/MM/DD HH24:MI:SSXFF'),'admin','44320231004113300645',32,200,0);
Insert into PRODUCT (PRODUCT_ID,CATEGORY_ID,PRODUCT_NM,PRODUCT_CONTENT,PRODUCT_PRICE,PRODUCT_STOCK,PRODUCT_OPTION_FIRST,PRODUCT_OPTION_SECOND,PRODUCT_OPTION_THIRD,PRODUCT_IMAGE_FIRST,PRODUCT_IMAGE_SECOND,PRODUCT_IMAGE_THIRD,STATUS,CREATE_DT,CREATOR,MODIFY_DT,MODIFIER,PRODUCT_CODE,PRODUCT_GROUP_ID,PRODUCT_MAX_GET,DISCOUNT_RATE) values (371,25,'지렁이 젤리5','s3테스트',100000,900,'5kg','-','-','https://daitso.s3.ap-northeast-2.amazonaws.com/%EA%B3%BC%EC%9D%BC%EB%A7%9B%20%EC%A0%A4%EB%A6%AC.png',null,null,'N',to_timestamp('23/09/20 14:37:21.068000000','RR/MM/DD HH24:MI:SSXFF'),'admin',to_timestamp('23/10/06 16:34:38.773000000','RR/MM/DD HH24:MI:SSXFF'),'admin','37120230920143721068',47,133,0);
Insert into PRODUCT (PRODUCT_ID,CATEGORY_ID,PRODUCT_NM,PRODUCT_CONTENT,PRODUCT_PRICE,PRODUCT_STOCK,PRODUCT_OPTION_FIRST,PRODUCT_OPTION_SECOND,PRODUCT_OPTION_THIRD,PRODUCT_IMAGE_FIRST,PRODUCT_IMAGE_SECOND,PRODUCT_IMAGE_THIRD,STATUS,CREATE_DT,CREATOR,MODIFY_DT,MODIFIER,PRODUCT_CODE,PRODUCT_GROUP_ID,PRODUCT_MAX_GET,DISCOUNT_RATE) values (444,25,'지렁이 젤리',null,111,111,'test','test','test','pngegg.png',null,null,'N',to_timestamp('23/10/04 11:33:44.644000000','RR/MM/DD HH24:MI:SSXFF'),'admin',to_timestamp('23/10/05 09:49:33.562000000','RR/MM/DD HH24:MI:SSXFF'),'admin','44420231004113344644',36,111,0);
Insert into PRODUCT (PRODUCT_ID,CATEGORY_ID,PRODUCT_NM,PRODUCT_CONTENT,PRODUCT_PRICE,PRODUCT_STOCK,PRODUCT_OPTION_FIRST,PRODUCT_OPTION_SECOND,PRODUCT_OPTION_THIRD,PRODUCT_IMAGE_FIRST,PRODUCT_IMAGE_SECOND,PRODUCT_IMAGE_THIRD,STATUS,CREATE_DT,CREATOR,MODIFY_DT,MODIFIER,PRODUCT_CODE,PRODUCT_GROUP_ID,PRODUCT_MAX_GET,DISCOUNT_RATE) values (414,2,'닥스 여성용 체크 면 긴팔셔츠',null,89000,200,'M','-','-','https://daitso.s3.ap-northeast-2.amazonaws.com/%EB%8B%A5%EC%8A%A4%20%EC%97%AC%EC%84%B1%EC%9A%A9%20%EC%B2%B4%ED%81%AC%20%EB%A9%B4%20%EA%B8%B4%ED%8C%94%EC%85%94%EC%B8%A01.png','https://daitso.s3.ap-northeast-2.amazonaws.com/%EB%8B%A5%EC%8A%A4%20%EC%97%AC%EC%84%B1%EC%9A%A9%20%EC%B2%B4%ED%81%AC%20%EB%A9%B4%20%EA%B8%B4%ED%8C%94%EC%85%94%EC%B8%A02.png',null,'Y',to_timestamp('23/09/27 09:37:25.190000000','RR/MM/DD HH24:MI:SSXFF'),'admin',null,null,'41420230927093725190',26,5,0);
Insert into PRODUCT (PRODUCT_ID,CATEGORY_ID,PRODUCT_NM,PRODUCT_CONTENT,PRODUCT_PRICE,PRODUCT_STOCK,PRODUCT_OPTION_FIRST,PRODUCT_OPTION_SECOND,PRODUCT_OPTION_THIRD,PRODUCT_IMAGE_FIRST,PRODUCT_IMAGE_SECOND,PRODUCT_IMAGE_THIRD,STATUS,CREATE_DT,CREATOR,MODIFY_DT,MODIFIER,PRODUCT_CODE,PRODUCT_GROUP_ID,PRODUCT_MAX_GET,DISCOUNT_RATE) values (415,2,'닥스 여성용 체크 면 긴팔셔츠',null,89000,150,'XL','-','-','https://daitso.s3.ap-northeast-2.amazonaws.com/%EB%8B%A5%EC%8A%A4%20%EC%97%AC%EC%84%B1%EC%9A%A9%20%EC%B2%B4%ED%81%AC%20%EB%A9%B4%20%EA%B8%B4%ED%8C%94%EC%85%94%EC%B8%A01.png','https://daitso.s3.ap-northeast-2.amazonaws.com/%EB%8B%A5%EC%8A%A4%20%EC%97%AC%EC%84%B1%EC%9A%A9%20%EC%B2%B4%ED%81%AC%20%EB%A9%B4%20%EA%B8%B4%ED%8C%94%EC%85%94%EC%B8%A02.png',null,'Y',to_timestamp('23/09/27 09:38:01.163000000','RR/MM/DD HH24:MI:SSXFF'),'admin',null,null,'41520230927093801163',26,2,0);
Insert into PRODUCT (PRODUCT_ID,CATEGORY_ID,PRODUCT_NM,PRODUCT_CONTENT,PRODUCT_PRICE,PRODUCT_STOCK,PRODUCT_OPTION_FIRST,PRODUCT_OPTION_SECOND,PRODUCT_OPTION_THIRD,PRODUCT_IMAGE_FIRST,PRODUCT_IMAGE_SECOND,PRODUCT_IMAGE_THIRD,STATUS,CREATE_DT,CREATOR,MODIFY_DT,MODIFIER,PRODUCT_CODE,PRODUCT_GROUP_ID,PRODUCT_MAX_GET,DISCOUNT_RATE) values (212,3,'테스트 데이터2 지우지 마세요','don''t remove',2000,10,'-','블루','체크무늬','이미지',null,null,'N',to_timestamp('23/08/31 17:03:51.182000000','RR/MM/DD HH24:MI:SSXFF'),'admin',to_timestamp('23/10/05 16:40:12.474000000','RR/MM/DD HH24:MI:SSXFF'),'admin','21220230831170351182',34,10,0);
Insert into PRODUCT (PRODUCT_ID,CATEGORY_ID,PRODUCT_NM,PRODUCT_CONTENT,PRODUCT_PRICE,PRODUCT_STOCK,PRODUCT_OPTION_FIRST,PRODUCT_OPTION_SECOND,PRODUCT_OPTION_THIRD,PRODUCT_IMAGE_FIRST,PRODUCT_IMAGE_SECOND,PRODUCT_IMAGE_THIRD,STATUS,CREATE_DT,CREATOR,MODIFY_DT,MODIFIER,PRODUCT_CODE,PRODUCT_GROUP_ID,PRODUCT_MAX_GET,DISCOUNT_RATE) values (416,2,'헤지스 긴팔 티셔츠',null,90000,1500,'-','-','-','지렁이젤리.png',null,null,'N',to_timestamp('23/09/27 09:38:51.739000000','RR/MM/DD HH24:MI:SSXFF'),'admin',to_timestamp('23/10/05 16:45:00.503000000','RR/MM/DD HH24:MI:SSXFF'),'admin','41620230927093851739',58,8,0);
Insert into PRODUCT (PRODUCT_ID,CATEGORY_ID,PRODUCT_NM,PRODUCT_CONTENT,PRODUCT_PRICE,PRODUCT_STOCK,PRODUCT_OPTION_FIRST,PRODUCT_OPTION_SECOND,PRODUCT_OPTION_THIRD,PRODUCT_IMAGE_FIRST,PRODUCT_IMAGE_SECOND,PRODUCT_IMAGE_THIRD,STATUS,CREATE_DT,CREATOR,MODIFY_DT,MODIFIER,PRODUCT_CODE,PRODUCT_GROUP_ID,PRODUCT_MAX_GET,DISCOUNT_RATE) values (445,15,'수박',null,1500,1500,'-','-','-','스머프 젤리.png',null,null,'N',to_timestamp('23/10/04 11:34:39.789000000','RR/MM/DD HH24:MI:SSXFF'),'admin',to_timestamp('23/10/04 11:38:27.148000000','RR/MM/DD HH24:MI:SSXFF'),'admin','44520231004113439789',68,1500,0);
Insert into PRODUCT (PRODUCT_ID,CATEGORY_ID,PRODUCT_NM,PRODUCT_CONTENT,PRODUCT_PRICE,PRODUCT_STOCK,PRODUCT_OPTION_FIRST,PRODUCT_OPTION_SECOND,PRODUCT_OPTION_THIRD,PRODUCT_IMAGE_FIRST,PRODUCT_IMAGE_SECOND,PRODUCT_IMAGE_THIRD,STATUS,CREATE_DT,CREATOR,MODIFY_DT,MODIFIER,PRODUCT_CODE,PRODUCT_GROUP_ID,PRODUCT_MAX_GET,DISCOUNT_RATE) values (446,15,'수박',null,1110,1110,'1kg','-','-','스머프',null,null,'N',to_timestamp('23/10/04 11:35:08.854000000','RR/MM/DD HH24:MI:SSXFF'),'admin',to_timestamp('23/10/04 11:38:27.148000000','RR/MM/DD HH24:MI:SSXFF'),'admin','44620231004113508854',68,1110,0);
Insert into PRODUCT (PRODUCT_ID,CATEGORY_ID,PRODUCT_NM,PRODUCT_CONTENT,PRODUCT_PRICE,PRODUCT_STOCK,PRODUCT_OPTION_FIRST,PRODUCT_OPTION_SECOND,PRODUCT_OPTION_THIRD,PRODUCT_IMAGE_FIRST,PRODUCT_IMAGE_SECOND,PRODUCT_IMAGE_THIRD,STATUS,CREATE_DT,CREATOR,MODIFY_DT,MODIFIER,PRODUCT_CODE,PRODUCT_GROUP_ID,PRODUCT_MAX_GET,DISCOUNT_RATE) values (190,3,'테스트 데이터입니다 지우지마세요','don''t remove',99999,300,'M','블루','-','이미지',null,null,'Y',to_timestamp('23/08/31 11:14:01.189000000','RR/MM/DD HH24:MI:SSXFF'),'admin',to_timestamp('23/10/05 16:40:28.266000000','RR/MM/DD HH24:MI:SSXFF'),'admin','19020230831111401189',35,10,0);
Insert into PRODUCT (PRODUCT_ID,CATEGORY_ID,PRODUCT_NM,PRODUCT_CONTENT,PRODUCT_PRICE,PRODUCT_STOCK,PRODUCT_OPTION_FIRST,PRODUCT_OPTION_SECOND,PRODUCT_OPTION_THIRD,PRODUCT_IMAGE_FIRST,PRODUCT_IMAGE_SECOND,PRODUCT_IMAGE_THIRD,STATUS,CREATE_DT,CREATOR,MODIFY_DT,MODIFIER,PRODUCT_CODE,PRODUCT_GROUP_ID,PRODUCT_MAX_GET,DISCOUNT_RATE) values (447,15,'수박',null,1111,1111,'rr','-','-','스머프',null,null,'N',to_timestamp('23/10/04 11:35:37.143000000','RR/MM/DD HH24:MI:SSXFF'),'admin',to_timestamp('23/10/04 11:38:27.148000000','RR/MM/DD HH24:MI:SSXFF'),'admin','44720231004113537143',68,111,0);
Insert into PRODUCT (PRODUCT_ID,CATEGORY_ID,PRODUCT_NM,PRODUCT_CONTENT,PRODUCT_PRICE,PRODUCT_STOCK,PRODUCT_OPTION_FIRST,PRODUCT_OPTION_SECOND,PRODUCT_OPTION_THIRD,PRODUCT_IMAGE_FIRST,PRODUCT_IMAGE_SECOND,PRODUCT_IMAGE_THIRD,STATUS,CREATE_DT,CREATOR,MODIFY_DT,MODIFIER,PRODUCT_CODE,PRODUCT_GROUP_ID,PRODUCT_MAX_GET,DISCOUNT_RATE) values (454,3,'나이키 에어 포스 1 ''07',null,149000,8,'-','Black','-','https://daitso.s3.ap-northeast-2.amazonaws.com/%EB%82%98%EC%9D%B4%ED%82%A4%20%EC%97%90%EC%96%B4%20%ED%8F%AC%EC%8A%A4%201%20%2707%20Black%20%281%29.png','https://daitso.s3.ap-northeast-2.amazonaws.com/%EB%82%98%EC%9D%B4%ED%82%A4%20%EC%97%90%EC%96%B4%20%ED%8F%AC%EC%8A%A4%201%20%2707%20Black%20%282%29.png','https://daitso.s3.ap-northeast-2.amazonaws.com/%EB%82%98%EC%9D%B4%ED%82%A4%20%EC%97%90%EC%96%B4%20%ED%8F%AC%EC%8A%A4%201%20%2707%20Black%20%283%29.png','Y',to_timestamp('23/10/05 14:48:10.002000000','RR/MM/DD HH24:MI:SSXFF'),'admin',to_timestamp('23/10/11 09:10:41.817000000','RR/MM/DD HH24:MI:SSXFF'),'admin','45420231005144810002',69,1,0);
Insert into PRODUCT (PRODUCT_ID,CATEGORY_ID,PRODUCT_NM,PRODUCT_CONTENT,PRODUCT_PRICE,PRODUCT_STOCK,PRODUCT_OPTION_FIRST,PRODUCT_OPTION_SECOND,PRODUCT_OPTION_THIRD,PRODUCT_IMAGE_FIRST,PRODUCT_IMAGE_SECOND,PRODUCT_IMAGE_THIRD,STATUS,CREATE_DT,CREATOR,MODIFY_DT,MODIFIER,PRODUCT_CODE,PRODUCT_GROUP_ID,PRODUCT_MAX_GET,DISCOUNT_RATE) values (423,2,'헤지스 여성용 긴팔 화이트 티셔츠',null,78500,100,'L','-','-','https://daitso.s3.ap-northeast-2.amazonaws.com/%EC%8A%A4%ED%81%AC%EB%A6%B0%EC%83%B7%202023-10-05%20143953.png','https://daitso.s3.ap-northeast-2.amazonaws.com/%EC%8A%A4%ED%81%AC%EB%A6%B0%EC%83%B7%202023-10-05%20144015.png','https://daitso.s3.ap-northeast-2.amazonaws.com/%ED%97%A4%EC%A7%80%EC%8A%A4+%EC%97%AC%EC%84%B1%EC%9A%A9+%EA%B8%B4%ED%8C%94+%ED%99%94%EC%9D%B4%ED%8A%B8+%ED%8B%B0%EC%85%94%EC%B8%A0(3).jpg','N',to_timestamp('23/09/30 18:25:34.508000000','RR/MM/DD HH24:MI:SSXFF'),'admin',to_timestamp('23/10/05 16:45:00.503000000','RR/MM/DD HH24:MI:SSXFF'),'admin','42320230930182534508',58,15,0);
Insert into PRODUCT (PRODUCT_ID,CATEGORY_ID,PRODUCT_NM,PRODUCT_CONTENT,PRODUCT_PRICE,PRODUCT_STOCK,PRODUCT_OPTION_FIRST,PRODUCT_OPTION_SECOND,PRODUCT_OPTION_THIRD,PRODUCT_IMAGE_FIRST,PRODUCT_IMAGE_SECOND,PRODUCT_IMAGE_THIRD,STATUS,CREATE_DT,CREATOR,MODIFY_DT,MODIFIER,PRODUCT_CODE,PRODUCT_GROUP_ID,PRODUCT_MAX_GET,DISCOUNT_RATE) values (424,2,'헤지스 긴팔 티셔츠',null,68000,985,'테스트','-','-','하리보젤리1.png',null,null,'N',to_timestamp('23/09/30 18:47:23.633000000','RR/MM/DD HH24:MI:SSXFF'),'admin',to_timestamp('23/10/05 16:45:00.503000000','RR/MM/DD HH24:MI:SSXFF'),'admin','42420230930184723633',58,5,0);
Insert into PRODUCT (PRODUCT_ID,CATEGORY_ID,PRODUCT_NM,PRODUCT_CONTENT,PRODUCT_PRICE,PRODUCT_STOCK,PRODUCT_OPTION_FIRST,PRODUCT_OPTION_SECOND,PRODUCT_OPTION_THIRD,PRODUCT_IMAGE_FIRST,PRODUCT_IMAGE_SECOND,PRODUCT_IMAGE_THIRD,STATUS,CREATE_DT,CREATOR,MODIFY_DT,MODIFIER,PRODUCT_CODE,PRODUCT_GROUP_ID,PRODUCT_MAX_GET,DISCOUNT_RATE) values (192,3,'테스트 데이터입니다 지우지마세요','don''t remove',20000,20,'L','그린','-','THE SUN GOES UP',null,null,'Y',to_timestamp('23/08/31 11:15:21.742000000','RR/MM/DD HH24:MI:SSXFF'),'admin',to_timestamp('23/10/05 16:40:28.266000000','RR/MM/DD HH24:MI:SSXFF'),'admin','19220230831111521742',35,10,0);
Insert into PRODUCT (PRODUCT_ID,CATEGORY_ID,PRODUCT_NM,PRODUCT_CONTENT,PRODUCT_PRICE,PRODUCT_STOCK,PRODUCT_OPTION_FIRST,PRODUCT_OPTION_SECOND,PRODUCT_OPTION_THIRD,PRODUCT_IMAGE_FIRST,PRODUCT_IMAGE_SECOND,PRODUCT_IMAGE_THIRD,STATUS,CREATE_DT,CREATOR,MODIFY_DT,MODIFIER,PRODUCT_CODE,PRODUCT_GROUP_ID,PRODUCT_MAX_GET,DISCOUNT_RATE) values (224,3,'테스트 데이터입니다 지우지마세요','dont remove',1000,99,'M','무지개','무지','https://daitso.s3.ap-northeast-2.amazonaws.com/%EA%B0%9C%EC%9B%83%EA%B8%B0%EB%84%A4.png',null,null,'Y',to_timestamp('23/09/04 09:59:47.000000000','RR/MM/DD HH24:MI:SSXFF'),'admin',to_timestamp('23/10/05 16:40:28.266000000','RR/MM/DD HH24:MI:SSXFF'),'admin','0000131',35,10,10);
Insert into PRODUCT (PRODUCT_ID,CATEGORY_ID,PRODUCT_NM,PRODUCT_CONTENT,PRODUCT_PRICE,PRODUCT_STOCK,PRODUCT_OPTION_FIRST,PRODUCT_OPTION_SECOND,PRODUCT_OPTION_THIRD,PRODUCT_IMAGE_FIRST,PRODUCT_IMAGE_SECOND,PRODUCT_IMAGE_THIRD,STATUS,CREATE_DT,CREATOR,MODIFY_DT,MODIFIER,PRODUCT_CODE,PRODUCT_GROUP_ID,PRODUCT_MAX_GET,DISCOUNT_RATE) values (220,3,'테스트 데이터입니다 지우지마세요','do not remove',33333,10,'M','무지개','체크무늬','이미지',null,null,'Y',to_timestamp('23/08/31 19:45:59.645000000','RR/MM/DD HH24:MI:SSXFF'),'admin',to_timestamp('23/10/05 16:40:28.266000000','RR/MM/DD HH24:MI:SSXFF'),'admin','22020230831194559645',35,10,0);
Insert into PRODUCT (PRODUCT_ID,CATEGORY_ID,PRODUCT_NM,PRODUCT_CONTENT,PRODUCT_PRICE,PRODUCT_STOCK,PRODUCT_OPTION_FIRST,PRODUCT_OPTION_SECOND,PRODUCT_OPTION_THIRD,PRODUCT_IMAGE_FIRST,PRODUCT_IMAGE_SECOND,PRODUCT_IMAGE_THIRD,STATUS,CREATE_DT,CREATOR,MODIFY_DT,MODIFIER,PRODUCT_CODE,PRODUCT_GROUP_ID,PRODUCT_MAX_GET,DISCOUNT_RATE) values (191,3,'테스트 데이터입니다 지우지마세요','don''t remove',12000,20,'M','레드','-','이미지',null,null,'Y',to_timestamp('23/08/31 11:14:36.630000000','RR/MM/DD HH24:MI:SSXFF'),'admin',to_timestamp('23/10/05 16:40:28.266000000','RR/MM/DD HH24:MI:SSXFF'),'admin','19120230831111436630',35,10,0);
Insert into PRODUCT (PRODUCT_ID,CATEGORY_ID,PRODUCT_NM,PRODUCT_CONTENT,PRODUCT_PRICE,PRODUCT_STOCK,PRODUCT_OPTION_FIRST,PRODUCT_OPTION_SECOND,PRODUCT_OPTION_THIRD,PRODUCT_IMAGE_FIRST,PRODUCT_IMAGE_SECOND,PRODUCT_IMAGE_THIRD,STATUS,CREATE_DT,CREATOR,MODIFY_DT,MODIFIER,PRODUCT_CODE,PRODUCT_GROUP_ID,PRODUCT_MAX_GET,DISCOUNT_RATE) values (425,4,'아가패딩',null,79500,8000,'-','-','-','지렁이젤리.png',null,null,'N',to_timestamp('23/09/30 18:47:56.380000000','RR/MM/DD HH24:MI:SSXFF'),'admin',to_timestamp('23/10/05 14:39:07.656000000','RR/MM/DD HH24:MI:SSXFF'),'admin','42520230930184756380',61,10,0);
Insert into PRODUCT (PRODUCT_ID,CATEGORY_ID,PRODUCT_NM,PRODUCT_CONTENT,PRODUCT_PRICE,PRODUCT_STOCK,PRODUCT_OPTION_FIRST,PRODUCT_OPTION_SECOND,PRODUCT_OPTION_THIRD,PRODUCT_IMAGE_FIRST,PRODUCT_IMAGE_SECOND,PRODUCT_IMAGE_THIRD,STATUS,CREATE_DT,CREATOR,MODIFY_DT,MODIFIER,PRODUCT_CODE,PRODUCT_GROUP_ID,PRODUCT_MAX_GET,DISCOUNT_RATE) values (426,4,'아가패딩',null,70000,149,'S','-','-','지렁이젤리.png',null,null,'N',to_timestamp('23/09/30 18:48:21.513000000','RR/MM/DD HH24:MI:SSXFF'),'admin',to_timestamp('23/10/05 14:39:07.656000000','RR/MM/DD HH24:MI:SSXFF'),'admin','42620230930184821513',61,10,0);
Insert into PRODUCT (PRODUCT_ID,CATEGORY_ID,PRODUCT_NM,PRODUCT_CONTENT,PRODUCT_PRICE,PRODUCT_STOCK,PRODUCT_OPTION_FIRST,PRODUCT_OPTION_SECOND,PRODUCT_OPTION_THIRD,PRODUCT_IMAGE_FIRST,PRODUCT_IMAGE_SECOND,PRODUCT_IMAGE_THIRD,STATUS,CREATE_DT,CREATOR,MODIFY_DT,MODIFIER,PRODUCT_CODE,PRODUCT_GROUP_ID,PRODUCT_MAX_GET,DISCOUNT_RATE) values (448,25,'지렁이 젤리5',null,1,1,'test','-','-','https://daitso.s3.ap-northeast-2.amazonaws.com/%EA%B3%BC%EC%9D%BC%EB%A7%9B%20%EC%A0%A4%EB%A6%AC.png',null,null,'N',to_timestamp('23/10/04 11:35:58.950000000','RR/MM/DD HH24:MI:SSXFF'),'admin',to_timestamp('23/10/06 16:34:38.773000000','RR/MM/DD HH24:MI:SSXFF'),'admin','44820231004113558950',47,1,0);
Insert into PRODUCT (PRODUCT_ID,CATEGORY_ID,PRODUCT_NM,PRODUCT_CONTENT,PRODUCT_PRICE,PRODUCT_STOCK,PRODUCT_OPTION_FIRST,PRODUCT_OPTION_SECOND,PRODUCT_OPTION_THIRD,PRODUCT_IMAGE_FIRST,PRODUCT_IMAGE_SECOND,PRODUCT_IMAGE_THIRD,STATUS,CREATE_DT,CREATOR,MODIFY_DT,MODIFIER,PRODUCT_CODE,PRODUCT_GROUP_ID,PRODUCT_MAX_GET,DISCOUNT_RATE) values (431,23,'사랑의 기술',null,1700,9900,'-','-','-','에리히프롬.png',null,null,'N',to_timestamp('23/10/02 14:22:23.441000000','RR/MM/DD HH24:MI:SSXFF'),'admin',to_timestamp('23/10/05 14:38:52.048000000','RR/MM/DD HH24:MI:SSXFF'),'admin','43120231002142223441',63,10,0);
Insert into PRODUCT (PRODUCT_ID,CATEGORY_ID,PRODUCT_NM,PRODUCT_CONTENT,PRODUCT_PRICE,PRODUCT_STOCK,PRODUCT_OPTION_FIRST,PRODUCT_OPTION_SECOND,PRODUCT_OPTION_THIRD,PRODUCT_IMAGE_FIRST,PRODUCT_IMAGE_SECOND,PRODUCT_IMAGE_THIRD,STATUS,CREATE_DT,CREATOR,MODIFY_DT,MODIFIER,PRODUCT_CODE,PRODUCT_GROUP_ID,PRODUCT_MAX_GET,DISCOUNT_RATE) values (449,25,'지렁이 젤리5',null,33,33,'-','-','33','https://daitso.s3.ap-northeast-2.amazonaws.com/test.png',null,null,'N',to_timestamp('23/10/04 11:36:24.893000000','RR/MM/DD HH24:MI:SSXFF'),'admin',to_timestamp('23/10/06 16:34:38.773000000','RR/MM/DD HH24:MI:SSXFF'),'admin','44920231004113624893',47,33,0);
Insert into PRODUCT (PRODUCT_ID,CATEGORY_ID,PRODUCT_NM,PRODUCT_CONTENT,PRODUCT_PRICE,PRODUCT_STOCK,PRODUCT_OPTION_FIRST,PRODUCT_OPTION_SECOND,PRODUCT_OPTION_THIRD,PRODUCT_IMAGE_FIRST,PRODUCT_IMAGE_SECOND,PRODUCT_IMAGE_THIRD,STATUS,CREATE_DT,CREATOR,MODIFY_DT,MODIFIER,PRODUCT_CODE,PRODUCT_GROUP_ID,PRODUCT_MAX_GET,DISCOUNT_RATE) values (13,16,'곰곰 국내산 양파','눈물이 나올 양파',1000,98,'10g','-','-','https://daitso.s3.ap-northeast-2.amazonaws.com/%EA%B3%B0%EA%B3%B0%20%EA%B5%AD%EB%82%B4%EC%82%B0%20%EC%96%91%ED%8C%8C%281%29.jpg','https://daitso.s3.ap-northeast-2.amazonaws.com/%EA%B3%B0%EA%B3%B0%20%EA%B5%AD%EB%82%B4%EC%82%B0%20%EC%96%91%ED%8C%8C%282%29.jpg','https://daitso.s3.ap-northeast-2.amazonaws.com/%EA%B3%B0%EA%B3%B0%20%EA%B5%AD%EB%82%B4%EC%82%B0%20%EC%96%91%ED%8C%8C%283%29.jpg','Y',to_timestamp('23/08/22 00:00:00.000000000','RR/MM/DD HH24:MI:SSXFF'),'admin',null,null,'0000012',21,10,10);
Insert into PRODUCT (PRODUCT_ID,CATEGORY_ID,PRODUCT_NM,PRODUCT_CONTENT,PRODUCT_PRICE,PRODUCT_STOCK,PRODUCT_OPTION_FIRST,PRODUCT_OPTION_SECOND,PRODUCT_OPTION_THIRD,PRODUCT_IMAGE_FIRST,PRODUCT_IMAGE_SECOND,PRODUCT_IMAGE_THIRD,STATUS,CREATE_DT,CREATOR,MODIFY_DT,MODIFIER,PRODUCT_CODE,PRODUCT_GROUP_ID,PRODUCT_MAX_GET,DISCOUNT_RATE) values (456,8,'키친아트 프리미엄 통3중 인덕션 곰솥냄비','키친아트 프리미엄 통3중 인덕션 곰솥냄비입니다',65760,96,'28cm','-','-','https://daitso.s3.ap-northeast-2.amazonaws.com/%ED%82%A4%EC%B9%9C%EC%95%84%ED%8A%B8%20%ED%94%84%EB%A6%AC%EB%AF%B8%EC%97%84%20%ED%86%B53%EC%A4%91%20%EC%9D%B8%EB%8D%95%EC%85%98%20%EA%B3%B0%EC%86%A5%EB%83%84%EB%B9%841.png','https://daitso.s3.ap-northeast-2.amazonaws.com/%ED%82%A4%EC%B9%9C%EC%95%84%ED%8A%B8%20%ED%94%84%EB%A6%AC%EB%AF%B8%EC%97%84%20%ED%86%B53%EC%A4%91%20%EC%9D%B8%EB%8D%95%EC%85%98%20%EA%B3%B0%EC%86%A5%EB%83%84%EB%B9%842.png','https://daitso.s3.ap-northeast-2.amazonaws.com/%ED%82%A4%EC%B9%9C%EC%95%84%ED%8A%B8%20%ED%94%84%EB%A6%AC%EB%AF%B8%EC%97%84%20%ED%86%B53%EC%A4%91%20%EC%9D%B8%EB%8D%95%EC%85%98%20%EA%B3%B0%EC%86%A5%EB%83%84%EB%B9%843.png','Y',to_timestamp('23/10/05 15:17:24.313000000','RR/MM/DD HH24:MI:SSXFF'),'admin',null,null,'45620231005151724313',71,5,0);
Insert into PRODUCT (PRODUCT_ID,CATEGORY_ID,PRODUCT_NM,PRODUCT_CONTENT,PRODUCT_PRICE,PRODUCT_STOCK,PRODUCT_OPTION_FIRST,PRODUCT_OPTION_SECOND,PRODUCT_OPTION_THIRD,PRODUCT_IMAGE_FIRST,PRODUCT_IMAGE_SECOND,PRODUCT_IMAGE_THIRD,STATUS,CREATE_DT,CREATOR,MODIFY_DT,MODIFIER,PRODUCT_CODE,PRODUCT_GROUP_ID,PRODUCT_MAX_GET,DISCOUNT_RATE) values (136,18,'오레오 화이트 크림 초콜릿 샌드위치 쿠키','비틀어 크림을 맛보고 우유에 퐁당! 먹는 즐거움',9900,100,'1kg','-','-','https://daitso.s3.ap-northeast-2.amazonaws.com/%EC%98%A4%EB%A0%88%EC%98%A4%20%ED%99%94%EC%9D%B4%ED%8A%B8%20%ED%81%AC%EB%A6%BC%20%EC%B4%88%EC%BD%9C%EB%A6%BF%20%EC%83%8C%EB%93%9C%EC%9C%84%EC%B9%98%20%EC%BF%A0%ED%82%A4%283%29.jpg','https://daitso.s3.ap-northeast-2.amazonaws.com/%EC%98%A4%EB%A0%88%EC%98%A4%20%ED%99%94%EC%9D%B4%ED%8A%B8%20%ED%81%AC%EB%A6%BC%20%EC%B4%88%EC%BD%9C%EB%A6%BF%20%EC%83%8C%EB%93%9C%EC%9C%84%EC%B9%98%20%EC%BF%A0%ED%82%A4%282%29.jpg','https://daitso.s3.ap-northeast-2.amazonaws.com/%EC%98%A4%EB%A0%88%EC%98%A4%20%ED%99%94%EC%9D%B4%ED%8A%B8%20%ED%81%AC%EB%A6%BC%20%EC%B4%88%EC%BD%9C%EB%A6%BF%20%EC%83%8C%EB%93%9C%EC%9C%84%EC%B9%98%20%EC%BF%A0%ED%82%A4%281%29.jpg','Y',to_timestamp('23/08/29 09:17:03.295000000','RR/MM/DD HH24:MI:SSXFF'),'admin',to_timestamp('23/10/12 15:10:06.785000000','RR/MM/DD HH24:MI:SSXFF'),'admin','13620230829091703295',30,10,0);
Insert into PRODUCT (PRODUCT_ID,CATEGORY_ID,PRODUCT_NM,PRODUCT_CONTENT,PRODUCT_PRICE,PRODUCT_STOCK,PRODUCT_OPTION_FIRST,PRODUCT_OPTION_SECOND,PRODUCT_OPTION_THIRD,PRODUCT_IMAGE_FIRST,PRODUCT_IMAGE_SECOND,PRODUCT_IMAGE_THIRD,STATUS,CREATE_DT,CREATOR,MODIFY_DT,MODIFIER,PRODUCT_CODE,PRODUCT_GROUP_ID,PRODUCT_MAX_GET,DISCOUNT_RATE) values (365,25,'지렁이 젤리2',null,1234500,20000,'-','-','-','Hoshino Ai.jpg',null,null,'N',to_timestamp('23/09/18 16:36:40.514000000','RR/MM/DD HH24:MI:SSXFF'),'admin',null,null,'3582023091816364051',44,10,0);
Insert into PRODUCT (PRODUCT_ID,CATEGORY_ID,PRODUCT_NM,PRODUCT_CONTENT,PRODUCT_PRICE,PRODUCT_STOCK,PRODUCT_OPTION_FIRST,PRODUCT_OPTION_SECOND,PRODUCT_OPTION_THIRD,PRODUCT_IMAGE_FIRST,PRODUCT_IMAGE_SECOND,PRODUCT_IMAGE_THIRD,STATUS,CREATE_DT,CREATOR,MODIFY_DT,MODIFIER,PRODUCT_CODE,PRODUCT_GROUP_ID,PRODUCT_MAX_GET,DISCOUNT_RATE) values (440,23,'사랑의 기술',null,1500,200,'test','-','-','에리히프롬.png',null,null,'N',to_timestamp('23/10/04 10:21:13.367000000','RR/MM/DD HH24:MI:SSXFF'),'admin',to_timestamp('23/10/05 14:38:52.048000000','RR/MM/DD HH24:MI:SSXFF'),'admin','44020231004102113367',63,200,0);
Insert into PRODUCT (PRODUCT_ID,CATEGORY_ID,PRODUCT_NM,PRODUCT_CONTENT,PRODUCT_PRICE,PRODUCT_STOCK,PRODUCT_OPTION_FIRST,PRODUCT_OPTION_SECOND,PRODUCT_OPTION_THIRD,PRODUCT_IMAGE_FIRST,PRODUCT_IMAGE_SECOND,PRODUCT_IMAGE_THIRD,STATUS,CREATE_DT,CREATOR,MODIFY_DT,MODIFIER,PRODUCT_CODE,PRODUCT_GROUP_ID,PRODUCT_MAX_GET,DISCOUNT_RATE) values (441,23,'사랑의 기술',null,1231,123,'tt','-','-','에리히프롬.png',null,null,'N',to_timestamp('23/10/04 10:26:18.432000000','RR/MM/DD HH24:MI:SSXFF'),'admin',to_timestamp('23/10/05 14:38:52.048000000','RR/MM/DD HH24:MI:SSXFF'),'admin','44120231004102618432',63,123,0);
Insert into PRODUCT (PRODUCT_ID,CATEGORY_ID,PRODUCT_NM,PRODUCT_CONTENT,PRODUCT_PRICE,PRODUCT_STOCK,PRODUCT_OPTION_FIRST,PRODUCT_OPTION_SECOND,PRODUCT_OPTION_THIRD,PRODUCT_IMAGE_FIRST,PRODUCT_IMAGE_SECOND,PRODUCT_IMAGE_THIRD,STATUS,CREATE_DT,CREATOR,MODIFY_DT,MODIFIER,PRODUCT_CODE,PRODUCT_GROUP_ID,PRODUCT_MAX_GET,DISCOUNT_RATE) values (442,23,'사랑의 기술',null,5,55,'테스트','-','-','에리히프롬.png',null,null,'N',to_timestamp('23/10/04 10:48:33.415000000','RR/MM/DD HH24:MI:SSXFF'),'admin',to_timestamp('23/10/05 14:38:52.048000000','RR/MM/DD HH24:MI:SSXFF'),'admin','44220231004104833415',63,5,0);
Insert into PRODUCT (PRODUCT_ID,CATEGORY_ID,PRODUCT_NM,PRODUCT_CONTENT,PRODUCT_PRICE,PRODUCT_STOCK,PRODUCT_OPTION_FIRST,PRODUCT_OPTION_SECOND,PRODUCT_OPTION_THIRD,PRODUCT_IMAGE_FIRST,PRODUCT_IMAGE_SECOND,PRODUCT_IMAGE_THIRD,STATUS,CREATE_DT,CREATOR,MODIFY_DT,MODIFIER,PRODUCT_CODE,PRODUCT_GROUP_ID,PRODUCT_MAX_GET,DISCOUNT_RATE) values (27,9,'포트메리온 보타닉가든 파스타볼','전자레인지사용가능, 식기세척기사용가능, 원형 도자기',60000,200,'-','혼합색상','-','https://daitso.s3.ap-northeast-2.amazonaws.com/%ED%8F%AC%ED%8A%B8%EB%A9%94%EB%A6%AC%EC%98%A8%20%EB%B3%B4%ED%83%80%EB%8B%89%EA%B0%80%EB%93%A0%20%ED%8C%8C%EC%8A%A4%ED%83%80%EB%B3%BC1.png','https://daitso.s3.ap-northeast-2.amazonaws.com/%ED%8F%AC%ED%8A%B8%EB%A9%94%EB%A6%AC%EC%98%A8%20%EB%B3%B4%ED%83%80%EB%8B%89%EA%B0%80%EB%93%A0%20%ED%8C%8C%EC%8A%A4%ED%83%80%EB%B3%BC2.png','https://daitso.s3.ap-northeast-2.amazonaws.com/%ED%8F%AC%ED%8A%B8%EB%A9%94%EB%A6%AC%EC%98%A8%20%EB%B3%B4%ED%83%80%EB%8B%89%EA%B0%80%EB%93%A0%20%ED%8C%8C%EC%8A%A4%ED%83%80%EB%B3%BC3.png','Y',to_timestamp('23/08/22 00:00:00.000000000','RR/MM/DD HH24:MI:SSXFF'),'admin',null,null,'0000022',2,10,0);
Insert into PRODUCT (PRODUCT_ID,CATEGORY_ID,PRODUCT_NM,PRODUCT_CONTENT,PRODUCT_PRICE,PRODUCT_STOCK,PRODUCT_OPTION_FIRST,PRODUCT_OPTION_SECOND,PRODUCT_OPTION_THIRD,PRODUCT_IMAGE_FIRST,PRODUCT_IMAGE_SECOND,PRODUCT_IMAGE_THIRD,STATUS,CREATE_DT,CREATOR,MODIFY_DT,MODIFIER,PRODUCT_CODE,PRODUCT_GROUP_ID,PRODUCT_MAX_GET,DISCOUNT_RATE) values (451,8,'바겐슈타이거 인덕션 올스텐304 라면냄비 케틀팟','바겐슈타이거 인덕션 올스텐304 라면냄비 케틀팟입니다.',36900,99,'1.5L','-','-','https://daitso.s3.ap-northeast-2.amazonaws.com/%EB%B0%94%EA%B2%90%EC%8A%88%ED%83%80%EC%9D%B4%EA%B1%B0%20%EC%9D%B8%EB%8D%95%EC%85%98%20%EC%98%AC%EC%8A%A4%ED%85%90304%20%EB%9D%BC%EB%A9%B4%EB%83%84%EB%B9%84%20%EC%BC%80%ED%8B%80%ED%8C%9F1.png','https://daitso.s3.ap-northeast-2.amazonaws.com/%EB%B0%94%EA%B2%90%EC%8A%88%ED%83%80%EC%9D%B4%EA%B1%B0%20%EC%9D%B8%EB%8D%95%EC%85%98%20%EC%98%AC%EC%8A%A4%ED%85%90304%20%EB%9D%BC%EB%A9%B4%EB%83%84%EB%B9%84%20%EC%BC%80%ED%8B%80%ED%8C%9F2.png',null,'Y',to_timestamp('23/10/05 14:42:11.941000000','RR/MM/DD HH24:MI:SSXFF'),'admin',null,null,'45120231005144211941',70,10,10);
Insert into PRODUCT (PRODUCT_ID,CATEGORY_ID,PRODUCT_NM,PRODUCT_CONTENT,PRODUCT_PRICE,PRODUCT_STOCK,PRODUCT_OPTION_FIRST,PRODUCT_OPTION_SECOND,PRODUCT_OPTION_THIRD,PRODUCT_IMAGE_FIRST,PRODUCT_IMAGE_SECOND,PRODUCT_IMAGE_THIRD,STATUS,CREATE_DT,CREATOR,MODIFY_DT,MODIFIER,PRODUCT_CODE,PRODUCT_GROUP_ID,PRODUCT_MAX_GET,DISCOUNT_RATE) values (367,25,'지렁이 젤리4',null,15300,150,'-','-','-','Hoshino Ai.jpg',null,null,'N',to_timestamp('23/09/18 16:36:40.514000000','RR/MM/DD HH24:MI:SSXFF'),'admin',null,null,'3582023091816364053',46,10,0);
Insert into PRODUCT (PRODUCT_ID,CATEGORY_ID,PRODUCT_NM,PRODUCT_CONTENT,PRODUCT_PRICE,PRODUCT_STOCK,PRODUCT_OPTION_FIRST,PRODUCT_OPTION_SECOND,PRODUCT_OPTION_THIRD,PRODUCT_IMAGE_FIRST,PRODUCT_IMAGE_SECOND,PRODUCT_IMAGE_THIRD,STATUS,CREATE_DT,CREATOR,MODIFY_DT,MODIFIER,PRODUCT_CODE,PRODUCT_GROUP_ID,PRODUCT_MAX_GET,DISCOUNT_RATE) values (36,19,'스타벅스 콜드브루 바닐라크림','휴대하기 좋은 병에 담긴 스타벅스 콜드브루 바닐라 크림이에요. 원유, 콜드브루 커피 추출액 등이 어우러져 감미롭고 부드러운 맛을 자랑한답니다.',28700,900,'325ml','-','-','https://daitso.s3.ap-northeast-2.amazonaws.com/%EC%8A%A4%ED%83%80%EB%B2%85%EC%8A%A4%20%EC%BD%9C%EB%93%9C%EB%B8%8C%EB%A3%A8%20%EB%B0%94%EB%8B%90%EB%9D%BC%ED%81%AC%EB%A6%BC%282%29.jpg','https://daitso.s3.ap-northeast-2.amazonaws.com/%EC%8A%A4%ED%83%80%EB%B2%85%EC%8A%A4%20%EC%BD%9C%EB%93%9C%EB%B8%8C%EB%A3%A8%20%EB%B0%94%EB%8B%90%EB%9D%BC%ED%81%AC%EB%A6%BC%281%29.png','https://daitso.s3.ap-northeast-2.amazonaws.com/%EC%8A%A4%ED%83%80%EB%B2%85%EC%8A%A4%20%EC%BD%9C%EB%93%9C%EB%B8%8C%EB%A3%A8%20%EB%B0%94%EB%8B%90%EB%9D%BC%ED%81%AC%EB%A6%BC%283%29.jpg','Y',to_timestamp('23/08/22 00:00:00.000000000','RR/MM/DD HH24:MI:SSXFF'),'admin',to_timestamp('23/10/16 01:09:02.942000000','RR/MM/DD HH24:MI:SSXFF'),'admin','0000028',6,20,0);
Insert into PRODUCT (PRODUCT_ID,CATEGORY_ID,PRODUCT_NM,PRODUCT_CONTENT,PRODUCT_PRICE,PRODUCT_STOCK,PRODUCT_OPTION_FIRST,PRODUCT_OPTION_SECOND,PRODUCT_OPTION_THIRD,PRODUCT_IMAGE_FIRST,PRODUCT_IMAGE_SECOND,PRODUCT_IMAGE_THIRD,STATUS,CREATE_DT,CREATOR,MODIFY_DT,MODIFIER,PRODUCT_CODE,PRODUCT_GROUP_ID,PRODUCT_MAX_GET,DISCOUNT_RATE) values (457,8,'바겐슈타이거 더 바움 돔스티머 + 뚜껑 세트','바겐슈타이거 더 바움 돔스티머 세트제품입니다.',21970,998,'24~28cm','-','-','https://daitso.s3.ap-northeast-2.amazonaws.com/%EB%B0%94%EA%B2%90%EC%8A%88%ED%83%80%EC%9D%B4%EA%B1%B0%20%EB%8D%94%20%EB%B0%94%EC%9B%80%20%EB%8F%94%EC%8A%A4%ED%8B%B0%EB%A8%B8%20%2B%20%EB%9A%9C%EA%BB%91%20%EC%84%B8%ED%8A%B81.png','https://daitso.s3.ap-northeast-2.amazonaws.com/%EB%B0%94%EA%B2%90%EC%8A%88%ED%83%80%EC%9D%B4%EA%B1%B0%20%EB%8D%94%20%EB%B0%94%EC%9B%80%20%EB%8F%94%EC%8A%A4%ED%8B%B0%EB%A8%B8%20%2B%20%EB%9A%9C%EA%BB%91%20%EC%84%B8%ED%8A%B82.png','https://daitso.s3.ap-northeast-2.amazonaws.com/%EB%B0%94%EA%B2%90%EC%8A%88%ED%83%80%EC%9D%B4%EA%B1%B0%20%EB%8D%94%20%EB%B0%94%EC%9B%80%20%EB%8F%94%EC%8A%A4%ED%8B%B0%EB%A8%B8%20%2B%20%EB%9A%9C%EA%BB%91%20%EC%84%B8%ED%8A%B83.png','Y',to_timestamp('23/10/05 15:20:05.833000000','RR/MM/DD HH24:MI:SSXFF'),'admin',null,null,'45720231005152005833',72,10,0);
Insert into PRODUCT (PRODUCT_ID,CATEGORY_ID,PRODUCT_NM,PRODUCT_CONTENT,PRODUCT_PRICE,PRODUCT_STOCK,PRODUCT_OPTION_FIRST,PRODUCT_OPTION_SECOND,PRODUCT_OPTION_THIRD,PRODUCT_IMAGE_FIRST,PRODUCT_IMAGE_SECOND,PRODUCT_IMAGE_THIRD,STATUS,CREATE_DT,CREATOR,MODIFY_DT,MODIFIER,PRODUCT_CODE,PRODUCT_GROUP_ID,PRODUCT_MAX_GET,DISCOUNT_RATE) values (458,15,'한반도 비파괴 당도선별 샤인머스켓','껍질이 얇아 세척 후 생과 그대로 드시기에 좋답니다. 하나 똑 떼어서 먹으면 아삭아삭한 식감과 상큼한 풍미로 입맛을 사로잡죠. 달콤한 과즙을 자랑하는 샤인머스캣으로 일상에 신선함을 더해보세요.',28900,200,'1.5kg','-','-','https://daitso.s3.ap-northeast-2.amazonaws.com/%ED%95%9C%EB%B0%98%EB%8F%84%20%EB%B9%84%ED%8C%8C%EA%B4%B4%20%EB%8B%B9%EB%8F%84%EC%84%A0%EB%B3%84%20%EC%83%A4%EC%9D%B8%EB%A8%B8%EC%8A%A4%EC%BC%93%281%29.jpg','https://daitso.s3.ap-northeast-2.amazonaws.com/%ED%95%9C%EB%B0%98%EB%8F%84%20%EB%B9%84%ED%8C%8C%EA%B4%B4%20%EB%8B%B9%EB%8F%84%EC%84%A0%EB%B3%84%20%EC%83%A4%EC%9D%B8%EB%A8%B8%EC%8A%A4%EC%BC%93%282%29.jpg','https://daitso.s3.ap-northeast-2.amazonaws.com/%ED%95%9C%EB%B0%98%EB%8F%84%20%EB%B9%84%ED%8C%8C%EA%B4%B4%20%EB%8B%B9%EB%8F%84%EC%84%A0%EB%B3%84%20%EC%83%A4%EC%9D%B8%EB%A8%B8%EC%8A%A4%EC%BC%93%283%29.jpg','Y',to_timestamp('23/10/05 15:45:24.899000000','RR/MM/DD HH24:MI:SSXFF'),'admin',null,null,'45820231005154524899',73,10,0);
Insert into PRODUCT (PRODUCT_ID,CATEGORY_ID,PRODUCT_NM,PRODUCT_CONTENT,PRODUCT_PRICE,PRODUCT_STOCK,PRODUCT_OPTION_FIRST,PRODUCT_OPTION_SECOND,PRODUCT_OPTION_THIRD,PRODUCT_IMAGE_FIRST,PRODUCT_IMAGE_SECOND,PRODUCT_IMAGE_THIRD,STATUS,CREATE_DT,CREATOR,MODIFY_DT,MODIFIER,PRODUCT_CODE,PRODUCT_GROUP_ID,PRODUCT_MAX_GET,DISCOUNT_RATE) values (462,15,'가족 의성 부드러운 황도 복숭아',null,17000,200,'2kg','-','-','https://daitso.s3.ap-northeast-2.amazonaws.com/%EA%B0%80%EC%A1%B1%20%EC%9D%98%EC%84%B1%20%EB%B6%80%EB%93%9C%EB%9F%AC%EC%9A%B4%20%ED%99%A9%EB%8F%84%20%EB%B3%B5%EC%88%AD%EC%95%84%281%29.jpg','https://daitso.s3.ap-northeast-2.amazonaws.com/%EA%B0%80%EC%A1%B1%20%EC%9D%98%EC%84%B1%20%EB%B6%80%EB%93%9C%EB%9F%AC%EC%9A%B4%20%ED%99%A9%EB%8F%84%20%EB%B3%B5%EC%88%AD%EC%95%84%282%29.jpg','https://daitso.s3.ap-northeast-2.amazonaws.com/%EA%B0%80%EC%A1%B1%20%EC%9D%98%EC%84%B1%20%EB%B6%80%EB%93%9C%EB%9F%AC%EC%9A%B4%20%ED%99%A9%EB%8F%84%20%EB%B3%B5%EC%88%AD%EC%95%84%283%29.jpg','Y',to_timestamp('23/10/05 16:02:03.143000000','RR/MM/DD HH24:MI:SSXFF'),'admin',null,null,'46220231005160203143',14,10,0);
Insert into PRODUCT (PRODUCT_ID,CATEGORY_ID,PRODUCT_NM,PRODUCT_CONTENT,PRODUCT_PRICE,PRODUCT_STOCK,PRODUCT_OPTION_FIRST,PRODUCT_OPTION_SECOND,PRODUCT_OPTION_THIRD,PRODUCT_IMAGE_FIRST,PRODUCT_IMAGE_SECOND,PRODUCT_IMAGE_THIRD,STATUS,CREATE_DT,CREATOR,MODIFY_DT,MODIFIER,PRODUCT_CODE,PRODUCT_GROUP_ID,PRODUCT_MAX_GET,DISCOUNT_RATE) values (465,15,'아주마 영동 상주산 캠벨포도',null,14000,275,'2.5kg','-','-','https://daitso.s3.ap-northeast-2.amazonaws.com/%EC%95%84%EC%A3%BC%EB%A7%88%20%EC%98%81%EB%8F%99%20%EC%83%81%EC%A3%BC%EC%82%B0%20%EC%BA%A0%EB%B2%A8%ED%8F%AC%EB%8F%84%281%29.jpg','https://daitso.s3.ap-northeast-2.amazonaws.com/%EC%95%84%EC%A3%BC%EB%A7%88%20%EC%98%81%EB%8F%99%20%EC%83%81%EC%A3%BC%EC%82%B0%20%EC%BA%A0%EB%B2%A8%ED%8F%AC%EB%8F%84%282%29.jpg','https://daitso.s3.ap-northeast-2.amazonaws.com/%EC%95%84%EC%A3%BC%EB%A7%88%20%EC%98%81%EB%8F%99%20%EC%83%81%EC%A3%BC%EC%82%B0%20%EC%BA%A0%EB%B2%A8%ED%8F%AC%EB%8F%84%283%29.jpg','Y',to_timestamp('23/10/05 16:04:29.823000000','RR/MM/DD HH24:MI:SSXFF'),'admin',null,null,'46520231005160429823',15,10,0);
Insert into PRODUCT (PRODUCT_ID,CATEGORY_ID,PRODUCT_NM,PRODUCT_CONTENT,PRODUCT_PRICE,PRODUCT_STOCK,PRODUCT_OPTION_FIRST,PRODUCT_OPTION_SECOND,PRODUCT_OPTION_THIRD,PRODUCT_IMAGE_FIRST,PRODUCT_IMAGE_SECOND,PRODUCT_IMAGE_THIRD,STATUS,CREATE_DT,CREATOR,MODIFY_DT,MODIFIER,PRODUCT_CODE,PRODUCT_GROUP_ID,PRODUCT_MAX_GET,DISCOUNT_RATE) values (467,15,'스텔라벨라 포도',null,28900,275,'1.6kg','-','-','https://daitso.s3.ap-northeast-2.amazonaws.com/%EC%8A%A4%ED%85%94%EB%9D%BC%EB%B2%A8%EB%9D%BC%20%ED%8F%AC%EB%8F%84%281%29.jpg','https://daitso.s3.ap-northeast-2.amazonaws.com/%EC%8A%A4%ED%85%94%EB%9D%BC%EB%B2%A8%EB%9D%BC%20%ED%8F%AC%EB%8F%84%282%29.jpg','https://daitso.s3.ap-northeast-2.amazonaws.com/%EC%8A%A4%ED%85%94%EB%9D%BC%EB%B2%A8%EB%9D%BC%20%ED%8F%AC%EB%8F%84%283%29.jpg','Y',to_timestamp('23/10/05 16:05:57.620000000','RR/MM/DD HH24:MI:SSXFF'),'admin',null,null,'46720231005160557620',4,10,0);
Insert into PRODUCT (PRODUCT_ID,CATEGORY_ID,PRODUCT_NM,PRODUCT_CONTENT,PRODUCT_PRICE,PRODUCT_STOCK,PRODUCT_OPTION_FIRST,PRODUCT_OPTION_SECOND,PRODUCT_OPTION_THIRD,PRODUCT_IMAGE_FIRST,PRODUCT_IMAGE_SECOND,PRODUCT_IMAGE_THIRD,STATUS,CREATE_DT,CREATOR,MODIFY_DT,MODIFIER,PRODUCT_CODE,PRODUCT_GROUP_ID,PRODUCT_MAX_GET,DISCOUNT_RATE) values (468,15,'칠레산 레몬',null,13900,346,'1kg','-','-','https://daitso.s3.ap-northeast-2.amazonaws.com/%EC%B9%A0%EB%A0%88%EC%82%B0%20%EB%A0%88%EB%AA%AC%281%29.jpg','https://daitso.s3.ap-northeast-2.amazonaws.com/%EC%B9%A0%EB%A0%88%EC%82%B0%20%EB%A0%88%EB%AA%AC%282%29.jpg','https://daitso.s3.ap-northeast-2.amazonaws.com/%EC%B9%A0%EB%A0%88%EC%82%B0%20%EB%A0%88%EB%AA%AC%283%29.jpg','Y',to_timestamp('23/10/05 16:07:07.824000000','RR/MM/DD HH24:MI:SSXFF'),'admin',null,null,'46820231005160707824',5,20,0);
Insert into PRODUCT (PRODUCT_ID,CATEGORY_ID,PRODUCT_NM,PRODUCT_CONTENT,PRODUCT_PRICE,PRODUCT_STOCK,PRODUCT_OPTION_FIRST,PRODUCT_OPTION_SECOND,PRODUCT_OPTION_THIRD,PRODUCT_IMAGE_FIRST,PRODUCT_IMAGE_SECOND,PRODUCT_IMAGE_THIRD,STATUS,CREATE_DT,CREATOR,MODIFY_DT,MODIFIER,PRODUCT_CODE,PRODUCT_GROUP_ID,PRODUCT_MAX_GET,DISCOUNT_RATE) values (476,25,'하리보 웜즈 사우어','하리보의 귀여운 지렁이 모양의 젤리입니다. 쫄깃쫄깃한 식감과 지렁이 모양의 조화로 즐겁게 즐기실 수 있습니다. 남녀노소 모두의 간식으로 사랑받는 제품입니다.',2000,9798,'100g','-','-','https://daitso.s3.ap-northeast-2.amazonaws.com/%ED%95%98%EB%A6%AC%EB%B3%B4%20%EC%9B%9C%EC%A6%88%20%EC%82%AC%EC%9A%B0%EC%96%B4%20%283%29.png','https://daitso.s3.ap-northeast-2.amazonaws.com/%ED%95%98%EB%A6%AC%EB%B3%B4%20%EC%9B%9C%EC%A6%88%20%EC%82%AC%EC%9A%B0%EC%96%B4%20%282%29.png','https://daitso.s3.ap-northeast-2.amazonaws.com/%ED%95%98%EB%A6%AC%EB%B3%B4%20%EC%9B%9C%EC%A6%88%20%EC%82%AC%EC%9A%B0%EC%96%B4%20%281%29.png','Y',to_timestamp('23/10/06 16:39:45.512000000','RR/MM/DD HH24:MI:SSXFF'),'admin',to_timestamp('23/10/12 14:23:20.535000000','RR/MM/DD HH24:MI:SSXFF'),'admin','47620231006163945512',77,20,0);
Insert into PRODUCT (PRODUCT_ID,CATEGORY_ID,PRODUCT_NM,PRODUCT_CONTENT,PRODUCT_PRICE,PRODUCT_STOCK,PRODUCT_OPTION_FIRST,PRODUCT_OPTION_SECOND,PRODUCT_OPTION_THIRD,PRODUCT_IMAGE_FIRST,PRODUCT_IMAGE_SECOND,PRODUCT_IMAGE_THIRD,STATUS,CREATE_DT,CREATOR,MODIFY_DT,MODIFIER,PRODUCT_CODE,PRODUCT_GROUP_ID,PRODUCT_MAX_GET,DISCOUNT_RATE) values (499,17,'곰곰 손질 갈치',null,17900,10000,'1kg','-','-','https://daitso.s3.ap-northeast-2.amazonaws.com/%EA%B3%B0%EA%B3%B0%20%EC%86%90%EC%A7%88%20%EA%B0%88%EC%B9%98%20%281%29.png','https://daitso.s3.ap-northeast-2.amazonaws.com/%EA%B3%B0%EA%B3%B0%20%EC%86%90%EC%A7%88%20%EA%B0%88%EC%B9%98%20%282%29.png',null,'Y',to_timestamp('23/10/16 01:31:42.821000000','RR/MM/DD HH24:MI:SSXFF'),'admin',to_timestamp('23/10/19 17:31:05.255000000','RR/MM/DD HH24:MI:SSXFF'),'admin','49920231016013142821',80,5,10);
Insert into PRODUCT (PRODUCT_ID,CATEGORY_ID,PRODUCT_NM,PRODUCT_CONTENT,PRODUCT_PRICE,PRODUCT_STOCK,PRODUCT_OPTION_FIRST,PRODUCT_OPTION_SECOND,PRODUCT_OPTION_THIRD,PRODUCT_IMAGE_FIRST,PRODUCT_IMAGE_SECOND,PRODUCT_IMAGE_THIRD,STATUS,CREATE_DT,CREATOR,MODIFY_DT,MODIFIER,PRODUCT_CODE,PRODUCT_GROUP_ID,PRODUCT_MAX_GET,DISCOUNT_RATE) values (500,17,'곰곰 손질 갈치',null,1,1,'-','-','-','https://daitso.s3.ap-northeast-2.amazonaws.com/%EA%B3%B0%EA%B3%B0%20%EC%86%90%EC%A7%88%20%EA%B0%88%EC%B9%98%20%281%29.png','https://daitso.s3.ap-northeast-2.amazonaws.com/%EA%B3%B0%EA%B3%B0%20%EC%86%90%EC%A7%88%20%EA%B0%88%EC%B9%98%20%282%29.png','https://daitso.s3.ap-northeast-2.amazonaws.com/%EA%B3%B0%EA%B3%B0%20%EC%86%90%EC%A7%88%20%EA%B0%88%EC%B9%98%20%283%29.png','N',to_timestamp('23/10/16 01:40:32.645000000','RR/MM/DD HH24:MI:SSXFF'),'admin',to_timestamp('23/10/18 23:43:56.835000000','RR/MM/DD HH24:MI:SSXFF'),'admin','50020231016014032645',80,1,0);
Insert into PRODUCT (PRODUCT_ID,CATEGORY_ID,PRODUCT_NM,PRODUCT_CONTENT,PRODUCT_PRICE,PRODUCT_STOCK,PRODUCT_OPTION_FIRST,PRODUCT_OPTION_SECOND,PRODUCT_OPTION_THIRD,PRODUCT_IMAGE_FIRST,PRODUCT_IMAGE_SECOND,PRODUCT_IMAGE_THIRD,STATUS,CREATE_DT,CREATOR,MODIFY_DT,MODIFIER,PRODUCT_CODE,PRODUCT_GROUP_ID,PRODUCT_MAX_GET,DISCOUNT_RATE) values (521,23,'노르웨이의 숲',null,99999999,9999999,'9','-','-','https://daitso.s3.ap-northeast-2.amazonaws.com/%EB%85%B8%EB%A5%B4%EC%9B%A8%EC%9D%B4%EC%9D%98%20%EC%88%B2%283%29.png','https://daitso.s3.ap-northeast-2.amazonaws.com/%EB%85%B8%EB%A5%B4%EC%9B%A8%EC%9D%B4%EC%9D%98%20%EC%88%B2%20%282%29.png','https://daitso.s3.ap-northeast-2.amazonaws.com/%EB%85%B8%EB%A5%B4%EC%9B%A8%EC%9D%B4%EC%9D%98%20%EC%88%B2%20%281%29.png','N',to_timestamp('23/10/25 23:08:59.326000000','RR/MM/DD HH24:MI:SSXFF'),'admin',to_timestamp('23/10/25 23:09:08.044000000','RR/MM/DD HH24:MI:SSXFF'),'admin','52120231025230859326',82,9999,0);
Insert into PRODUCT (PRODUCT_ID,CATEGORY_ID,PRODUCT_NM,PRODUCT_CONTENT,PRODUCT_PRICE,PRODUCT_STOCK,PRODUCT_OPTION_FIRST,PRODUCT_OPTION_SECOND,PRODUCT_OPTION_THIRD,PRODUCT_IMAGE_FIRST,PRODUCT_IMAGE_SECOND,PRODUCT_IMAGE_THIRD,STATUS,CREATE_DT,CREATOR,MODIFY_DT,MODIFIER,PRODUCT_CODE,PRODUCT_GROUP_ID,PRODUCT_MAX_GET,DISCOUNT_RATE) values (522,23,'노르웨이의 숲',null,99999999,9999999,'9','-','-','https://daitso.s3.ap-northeast-2.amazonaws.com/%EB%85%B8%EB%A5%B4%EC%9B%A8%EC%9D%B4%EC%9D%98%20%EC%88%B2%283%29.png','https://daitso.s3.ap-northeast-2.amazonaws.com/%EB%85%B8%EB%A5%B4%EC%9B%A8%EC%9D%B4%EC%9D%98%20%EC%88%B2%20%282%29.png','https://daitso.s3.ap-northeast-2.amazonaws.com/%EB%85%B8%EB%A5%B4%EC%9B%A8%EC%9D%B4%EC%9D%98%20%EC%88%B2%20%281%29.png','N',to_timestamp('23/10/25 23:09:20.228000000','RR/MM/DD HH24:MI:SSXFF'),'admin',to_timestamp('23/10/25 23:09:26.104000000','RR/MM/DD HH24:MI:SSXFF'),'admin','52220231025230920228',82,9999,0);
Insert into PRODUCT (PRODUCT_ID,CATEGORY_ID,PRODUCT_NM,PRODUCT_CONTENT,PRODUCT_PRICE,PRODUCT_STOCK,PRODUCT_OPTION_FIRST,PRODUCT_OPTION_SECOND,PRODUCT_OPTION_THIRD,PRODUCT_IMAGE_FIRST,PRODUCT_IMAGE_SECOND,PRODUCT_IMAGE_THIRD,STATUS,CREATE_DT,CREATOR,MODIFY_DT,MODIFIER,PRODUCT_CODE,PRODUCT_GROUP_ID,PRODUCT_MAX_GET,DISCOUNT_RATE) values (528,3,'바시티자켓&#40;테스트시나리오용&#41;',null,250000,10,'L','Green','-','https://daitso.s3.ap-northeast-2.amazonaws.com/%EB%B0%94%EC%9E%90%EC%BC%93.JPG','https://daitso.s3.ap-northeast-2.amazonaws.com/%EB%B0%94%EC%9E%90%EC%BC%932.JPG','https://daitso.s3.ap-northeast-2.amazonaws.com/%EB%B0%94%EC%9E%90%EC%BC%933.JPG','N',to_timestamp('23/10/26 14:31:33.500000000','RR/MM/DD HH24:MI:SSXFF'),'admin',to_timestamp('23/10/27 00:39:39.824000000','RR/MM/DD HH24:MI:SSXFF'),'admin','52820231026143133500',87,10,0);
Insert into PRODUCT (PRODUCT_ID,CATEGORY_ID,PRODUCT_NM,PRODUCT_CONTENT,PRODUCT_PRICE,PRODUCT_STOCK,PRODUCT_OPTION_FIRST,PRODUCT_OPTION_SECOND,PRODUCT_OPTION_THIRD,PRODUCT_IMAGE_FIRST,PRODUCT_IMAGE_SECOND,PRODUCT_IMAGE_THIRD,STATUS,CREATE_DT,CREATOR,MODIFY_DT,MODIFIER,PRODUCT_CODE,PRODUCT_GROUP_ID,PRODUCT_MAX_GET,DISCOUNT_RATE) values (21,3,'스페로네 남성용 시어링 집업 무스탕','Masion de Sperone 2020 Fall/Winter Collection',360000,99,'L','-','-','https://daitso.s3.ap-northeast-2.amazonaws.com/%EC%8A%A4%ED%8E%98%EB%A1%9C%EB%84%A4%20%EB%82%A8%EC%84%B1%EC%9A%A9%20%EC%8B%9C%EC%96%B4%EB%A7%81%20%EC%A7%91%EC%97%85%20%EB%AC%B4%EC%8A%A4%ED%83%951.png','https://daitso.s3.ap-northeast-2.amazonaws.com/%EC%8A%A4%ED%8E%98%EB%A1%9C%EB%84%A4%20%EB%82%A8%EC%84%B1%EC%9A%A9%20%EC%8B%9C%EC%96%B4%EB%A7%81%20%EC%A7%91%EC%97%85%20%EB%AC%B4%EC%8A%A4%ED%83%952.png','https://daitso.s3.ap-northeast-2.amazonaws.com/%EC%8A%A4%ED%8E%98%EB%A1%9C%EB%84%A4%20%EB%82%A8%EC%84%B1%EC%9A%A9%20%EC%8B%9C%EC%96%B4%EB%A7%81%20%EC%A7%91%EC%97%85%20%EB%AC%B4%EC%8A%A4%ED%83%953.png','Y',to_timestamp('23/08/22 00:00:00.000000000','RR/MM/DD HH24:MI:SSXFF'),'admin',null,null,'0000018',27,10,0);
Insert into PRODUCT (PRODUCT_ID,CATEGORY_ID,PRODUCT_NM,PRODUCT_CONTENT,PRODUCT_PRICE,PRODUCT_STOCK,PRODUCT_OPTION_FIRST,PRODUCT_OPTION_SECOND,PRODUCT_OPTION_THIRD,PRODUCT_IMAGE_FIRST,PRODUCT_IMAGE_SECOND,PRODUCT_IMAGE_THIRD,STATUS,CREATE_DT,CREATOR,MODIFY_DT,MODIFIER,PRODUCT_CODE,PRODUCT_GROUP_ID,PRODUCT_MAX_GET,DISCOUNT_RATE) values (503,20,'프레시지 듬뿍담은 사골 칼만두 밀키트',null,19800,99999,'610g','-','-','https://daitso.s3.ap-northeast-2.amazonaws.com/%ED%94%84%EB%A0%88%EC%8B%9C%EC%A7%80%20%EB%93%AC%EB%BF%8D%EB%8B%B4%EC%9D%80%20%EC%82%AC%EA%B3%A8%20%EC%B9%BC%EB%A7%8C%EB%91%90%20%EB%B0%80%ED%82%A4%ED%8A%B8%20%281%29.png','https://daitso.s3.ap-northeast-2.amazonaws.com/%ED%94%84%EB%A0%88%EC%8B%9C%EC%A7%80%20%EB%93%AC%EB%BF%8D%EB%8B%B4%EC%9D%80%20%EC%82%AC%EA%B3%A8%20%EC%B9%BC%EB%A7%8C%EB%91%90%20%EB%B0%80%ED%82%A4%ED%8A%B8%20%282%29.png','https://daitso.s3.ap-northeast-2.amazonaws.com/%ED%94%84%EB%A0%88%EC%8B%9C%EC%A7%80%20%EB%93%AC%EB%BF%8D%EB%8B%B4%EC%9D%80%20%EC%82%AC%EA%B3%A8%20%EC%B9%BC%EB%A7%8C%EB%91%90%20%EB%B0%80%ED%82%A4%ED%8A%B8%20%283%29.png','Y',to_timestamp('23/10/16 11:55:12.692000000','RR/MM/DD HH24:MI:SSXFF'),'admin',to_timestamp('23/10/18 23:19:50.340000000','RR/MM/DD HH24:MI:SSXFF'),'admin','50320231016115512692',81,10,10);
Insert into PRODUCT (PRODUCT_ID,CATEGORY_ID,PRODUCT_NM,PRODUCT_CONTENT,PRODUCT_PRICE,PRODUCT_STOCK,PRODUCT_OPTION_FIRST,PRODUCT_OPTION_SECOND,PRODUCT_OPTION_THIRD,PRODUCT_IMAGE_FIRST,PRODUCT_IMAGE_SECOND,PRODUCT_IMAGE_THIRD,STATUS,CREATE_DT,CREATOR,MODIFY_DT,MODIFIER,PRODUCT_CODE,PRODUCT_GROUP_ID,PRODUCT_MAX_GET,DISCOUNT_RATE) values (22,3,'갤럭시 남성용 제냐 트로페오 수트 상의','남성용 봄/가을용 그레이계열 싱글 브레스트 여밈 타입 수트 상의입니다.',490000,9500,'L','-','-','https://daitso.s3.ap-northeast-2.amazonaws.com/%EA%B0%A4%EB%9F%AD%EC%8B%9C%20%EB%82%A8%EC%84%B1%EC%9A%A9%20%EC%A0%9C%EB%83%90%20%ED%8A%B8%EB%A1%9C%ED%8E%98%EC%98%A4%20%EC%88%98%ED%8A%B8%20%EC%83%81%EC%9D%981.png',null,null,'Y',to_timestamp('23/08/22 00:00:00.000000000','RR/MM/DD HH24:MI:SSXFF'),'admin',to_timestamp('23/10/17 11:38:08.328000000','RR/MM/DD HH24:MI:SSXFF'),'admin','0000019',7,3,0);
Insert into PRODUCT (PRODUCT_ID,CATEGORY_ID,PRODUCT_NM,PRODUCT_CONTENT,PRODUCT_PRICE,PRODUCT_STOCK,PRODUCT_OPTION_FIRST,PRODUCT_OPTION_SECOND,PRODUCT_OPTION_THIRD,PRODUCT_IMAGE_FIRST,PRODUCT_IMAGE_SECOND,PRODUCT_IMAGE_THIRD,STATUS,CREATE_DT,CREATOR,MODIFY_DT,MODIFIER,PRODUCT_CODE,PRODUCT_GROUP_ID,PRODUCT_MAX_GET,DISCOUNT_RATE) values (496,4,'에뜨와 럭키반소우주복',null,55000,100,'75','-','-','https://daitso.s3.ap-northeast-2.amazonaws.com/%EC%97%90%EB%9C%A8%EC%99%80%20%EB%9F%AD%ED%82%A4%EB%B0%98%EC%86%8C%EC%9A%B0%EC%A3%BC%EB%B3%B51.png','https://daitso.s3.ap-northeast-2.amazonaws.com/%EC%97%90%EB%9C%A8%EC%99%80%20%EB%9F%AD%ED%82%A4%EB%B0%98%EC%86%8C%EC%9A%B0%EC%A3%BC%EB%B3%B52.png','https://daitso.s3.ap-northeast-2.amazonaws.com/%EC%97%90%EB%9C%A8%EC%99%80%20%EB%9F%AD%ED%82%A4%EB%B0%98%EC%86%8C%EC%9A%B0%EC%A3%BC%EB%B3%B53.png','N',to_timestamp('23/10/13 15:16:49.256000000','RR/MM/DD HH24:MI:SSXFF'),'admin',to_timestamp('23/10/13 15:17:03.047000000','RR/MM/DD HH24:MI:SSXFF'),'admin','49620231013151649256',1,3,0);
Insert into PRODUCT (PRODUCT_ID,CATEGORY_ID,PRODUCT_NM,PRODUCT_CONTENT,PRODUCT_PRICE,PRODUCT_STOCK,PRODUCT_OPTION_FIRST,PRODUCT_OPTION_SECOND,PRODUCT_OPTION_THIRD,PRODUCT_IMAGE_FIRST,PRODUCT_IMAGE_SECOND,PRODUCT_IMAGE_THIRD,STATUS,CREATE_DT,CREATOR,MODIFY_DT,MODIFIER,PRODUCT_CODE,PRODUCT_GROUP_ID,PRODUCT_MAX_GET,DISCOUNT_RATE) values (23,4,'몰리멜리 아동용 뉴탐나요 뽀글이 롱점퍼','몰리멜리만의 포인트컬러를 살려 스포티한 감성을 더한 웜 보아 롱점퍼로 간절기에 따뜻하게 입을 수 있는 머스트헤브아이템!',30000,95,'90','-','-','https://daitso.s3.ap-northeast-2.amazonaws.com/%EB%AA%B0%EB%A6%AC%EB%A9%9C%EB%A6%AC%20%EC%95%84%EB%8F%99%EC%9A%A9%20%EB%89%B4%ED%83%90%EB%82%98%EC%9A%94%20%EB%BD%80%EA%B8%80%EC%9D%B4%20%EB%A1%B1%EC%A0%90%ED%8D%BC1.png','https://daitso.s3.ap-northeast-2.amazonaws.com/%EB%AA%B0%EB%A6%AC%EB%A9%9C%EB%A6%AC%20%EC%95%84%EB%8F%99%EC%9A%A9%20%EB%89%B4%ED%83%90%EB%82%98%EC%9A%94%20%EB%BD%80%EA%B8%80%EC%9D%B4%20%EB%A1%B1%EC%A0%90%ED%8D%BC%282%29.png',null,'Y',to_timestamp('23/08/22 00:00:00.000000000','RR/MM/DD HH24:MI:SSXFF'),'admin',to_timestamp('23/10/17 16:03:12.116000000','RR/MM/DD HH24:MI:SSXFF'),'admin','0000020',8,5,0);
Insert into PRODUCT (PRODUCT_ID,CATEGORY_ID,PRODUCT_NM,PRODUCT_CONTENT,PRODUCT_PRICE,PRODUCT_STOCK,PRODUCT_OPTION_FIRST,PRODUCT_OPTION_SECOND,PRODUCT_OPTION_THIRD,PRODUCT_IMAGE_FIRST,PRODUCT_IMAGE_SECOND,PRODUCT_IMAGE_THIRD,STATUS,CREATE_DT,CREATOR,MODIFY_DT,MODIFIER,PRODUCT_CODE,PRODUCT_GROUP_ID,PRODUCT_MAX_GET,DISCOUNT_RATE) values (474,26,'밀카 초코 슈프림','자연 그대로 알프스 초콜릿과 웨이퍼의 만',4800,89991,'180g','-','-','https://daitso.s3.ap-northeast-2.amazonaws.com/%EB%B0%80%EC%B9%B4%20%EC%B4%88%EC%BD%94%20%EC%8A%88%ED%94%84%EB%A6%BC%20%281%29.png','https://daitso.s3.ap-northeast-2.amazonaws.com/%EB%B0%80%EC%B9%B4%20%EC%B4%88%EC%BD%94%20%EC%8A%88%ED%94%84%EB%A6%BC%20%282%29.png','https://daitso.s3.ap-northeast-2.amazonaws.com/%EB%B0%80%EC%B9%B4%20%EC%B4%88%EC%BD%94%20%EC%8A%88%ED%94%84%EB%A6%BC%20%283%29.png','Y',to_timestamp('23/10/06 14:16:33.946000000','RR/MM/DD HH24:MI:SSXFF'),'admin',null,null,'47420231006141633946',75,10,0);
Insert into PRODUCT (PRODUCT_ID,CATEGORY_ID,PRODUCT_NM,PRODUCT_CONTENT,PRODUCT_PRICE,PRODUCT_STOCK,PRODUCT_OPTION_FIRST,PRODUCT_OPTION_SECOND,PRODUCT_OPTION_THIRD,PRODUCT_IMAGE_FIRST,PRODUCT_IMAGE_SECOND,PRODUCT_IMAGE_THIRD,STATUS,CREATE_DT,CREATOR,MODIFY_DT,MODIFIER,PRODUCT_CODE,PRODUCT_GROUP_ID,PRODUCT_MAX_GET,DISCOUNT_RATE) values (475,26,'딜라이트 프로젝트 더티초코프레첼','중독성 있는 단짠 매력, 진한 초콜릿과 카카오 파우더, 그리고 짭짤한 프레첼의 멈출 수 없는 환상 조',4600,8998,'-','-','-','https://daitso.s3.ap-northeast-2.amazonaws.com/%EB%94%9C%EB%9D%BC%EC%9D%B4%ED%8A%B8%20%ED%94%84%EB%A1%9C%EC%A0%9D%ED%8A%B8%20%EB%8D%94%ED%8B%B0%EC%B4%88%EC%BD%94%ED%94%84%EB%A0%88%EC%B2%BC%20%281%29.png','https://daitso.s3.ap-northeast-2.amazonaws.com/%EB%94%9C%EB%9D%BC%EC%9D%B4%ED%8A%B8%20%ED%94%84%EB%A1%9C%EC%A0%9D%ED%8A%B8%20%EB%8D%94%ED%8B%B0%EC%B4%88%EC%BD%94%ED%94%84%EB%A0%88%EC%B2%BC%20%282%29.png','https://daitso.s3.ap-northeast-2.amazonaws.com/%EB%94%9C%EB%9D%BC%EC%9D%B4%ED%8A%B8%20%ED%94%84%EB%A1%9C%EC%A0%9D%ED%8A%B8%20%EB%8D%94%ED%8B%B0%EC%B4%88%EC%BD%94%ED%94%84%EB%A0%88%EC%B2%BC%20%283%29.png','Y',to_timestamp('23/10/06 14:21:38.849000000','RR/MM/DD HH24:MI:SSXFF'),'admin',to_timestamp('23/10/08 17:33:27.361000000','RR/MM/DD HH24:MI:SSXFF'),'admin','47520231006142138849',76,20,0);
Insert into PRODUCT (PRODUCT_ID,CATEGORY_ID,PRODUCT_NM,PRODUCT_CONTENT,PRODUCT_PRICE,PRODUCT_STOCK,PRODUCT_OPTION_FIRST,PRODUCT_OPTION_SECOND,PRODUCT_OPTION_THIRD,PRODUCT_IMAGE_FIRST,PRODUCT_IMAGE_SECOND,PRODUCT_IMAGE_THIRD,STATUS,CREATE_DT,CREATOR,MODIFY_DT,MODIFIER,PRODUCT_CODE,PRODUCT_GROUP_ID,PRODUCT_MAX_GET,DISCOUNT_RATE) values (505,4,'몰리멜리 아동용 뉴탐나요 뽀글이 롱점퍼',null,99999999,9999999,'-','-','-','https://daitso.s3.ap-northeast-2.amazonaws.com/%EB%AA%B0%EB%A6%AC%EB%A9%9C%EB%A6%AC%20%EC%95%84%EB%8F%99%EC%9A%A9%20%EB%89%B4%ED%83%90%EB%82%98%EC%9A%94%20%EB%BD%80%EA%B8%80%EC%9D%B4%20%EB%A1%B1%EC%A0%90%ED%8D%BC1.png',null,null,'N',to_timestamp('23/10/18 23:48:07.392000000','RR/MM/DD HH24:MI:SSXFF'),'admin',to_timestamp('23/10/18 23:54:25.509000000','RR/MM/DD HH24:MI:SSXFF'),'admin','50520231018234807392',8,1,0);
Insert into PRODUCT (PRODUCT_ID,CATEGORY_ID,PRODUCT_NM,PRODUCT_CONTENT,PRODUCT_PRICE,PRODUCT_STOCK,PRODUCT_OPTION_FIRST,PRODUCT_OPTION_SECOND,PRODUCT_OPTION_THIRD,PRODUCT_IMAGE_FIRST,PRODUCT_IMAGE_SECOND,PRODUCT_IMAGE_THIRD,STATUS,CREATE_DT,CREATOR,MODIFY_DT,MODIFIER,PRODUCT_CODE,PRODUCT_GROUP_ID,PRODUCT_MAX_GET,DISCOUNT_RATE) values (529,13,'부케가르니 에코 주방세제 자몽향',null,115,111,'111','-','-','https://daitso.s3.ap-northeast-2.amazonaws.com/%EB%B6%80%EC%BC%80%EA%B0%80%EB%A5%B4%EB%8B%88%20%EC%97%90%EC%BD%94%20%EC%A3%BC%EB%B0%A9%EC%84%B8%EC%A0%9C%20%EC%9E%90%EB%AA%BD%ED%96%A5%20%281%29.png',null,'https://daitso.s3.ap-northeast-2.amazonaws.com/%EB%B6%80%EC%BC%80%EA%B0%80%EB%A5%B4%EB%8B%88%20%EC%97%90%EC%BD%94%20%EC%A3%BC%EB%B0%A9%EC%84%B8%EC%A0%9C%20%EC%9E%90%EB%AA%BD%ED%96%A5%20%283%29.png','Y',to_timestamp('23/10/26 14:35:36.274000000','RR/MM/DD HH24:MI:SSXFF'),'admin',null,null,'52920231026143536274',84,1111,0);
Insert into PRODUCT (PRODUCT_ID,CATEGORY_ID,PRODUCT_NM,PRODUCT_CONTENT,PRODUCT_PRICE,PRODUCT_STOCK,PRODUCT_OPTION_FIRST,PRODUCT_OPTION_SECOND,PRODUCT_OPTION_THIRD,PRODUCT_IMAGE_FIRST,PRODUCT_IMAGE_SECOND,PRODUCT_IMAGE_THIRD,STATUS,CREATE_DT,CREATOR,MODIFY_DT,MODIFIER,PRODUCT_CODE,PRODUCT_GROUP_ID,PRODUCT_MAX_GET,DISCOUNT_RATE) values (507,4,'몰리멜리 아동용 뉴탐나요 뽀글이 롱점퍼',null,55000,100,'80','-','-','https://daitso.s3.ap-northeast-2.amazonaws.com/%EB%AA%B0%EB%A6%AC%EB%A9%9C%EB%A6%AC%20%EC%95%84%EB%8F%99%EC%9A%A9%20%EB%89%B4%ED%83%90%EB%82%98%EC%9A%94%20%EB%BD%80%EA%B8%80%EC%9D%B4%20%EB%A1%B1%EC%A0%90%ED%8D%BC1.png','https://daitso.s3.ap-northeast-2.amazonaws.com/%EB%AA%B0%EB%A6%AC%EB%A9%9C%EB%A6%AC%20%EC%95%84%EB%8F%99%EC%9A%A9%20%EB%89%B4%ED%83%90%EB%82%98%EC%9A%94%20%EB%BD%80%EA%B8%80%EC%9D%B4%20%EB%A1%B1%EC%A0%90%ED%8D%BC%282%29.png',null,'N',to_timestamp('23/10/19 00:18:17.225000000','RR/MM/DD HH24:MI:SSXFF'),'admin',to_timestamp('23/10/19 00:18:30.160000000','RR/MM/DD HH24:MI:SSXFF'),'admin','50720231019001817225',8,1,0);
Insert into PRODUCT (PRODUCT_ID,CATEGORY_ID,PRODUCT_NM,PRODUCT_CONTENT,PRODUCT_PRICE,PRODUCT_STOCK,PRODUCT_OPTION_FIRST,PRODUCT_OPTION_SECOND,PRODUCT_OPTION_THIRD,PRODUCT_IMAGE_FIRST,PRODUCT_IMAGE_SECOND,PRODUCT_IMAGE_THIRD,STATUS,CREATE_DT,CREATOR,MODIFY_DT,MODIFIER,PRODUCT_CODE,PRODUCT_GROUP_ID,PRODUCT_MAX_GET,DISCOUNT_RATE) values (477,25,'하리보 웜즈 사우어',null,9800,100,'500g','-','-','https://daitso.s3.ap-northeast-2.amazonaws.com/%ED%95%98%EB%A6%AC%EB%B3%B4%20%EC%9B%9C%EC%A6%88%20%EC%82%AC%EC%9A%B0%EC%96%B4%20%283%29.png','https://daitso.s3.ap-northeast-2.amazonaws.com/%ED%95%98%EB%A6%AC%EB%B3%B4%20%EC%9B%9C%EC%A6%88%20%EC%82%AC%EC%9A%B0%EC%96%B4%20%282%29.png','https://daitso.s3.ap-northeast-2.amazonaws.com/%ED%95%98%EB%A6%AC%EB%B3%B4%20%EC%9B%9C%EC%A6%88%20%EC%82%AC%EC%9A%B0%EC%96%B4%20%281%29.png','Y',to_timestamp('23/10/12 14:22:34.160000000','RR/MM/DD HH24:MI:SSXFF'),'admin',to_timestamp('23/10/12 14:23:20.535000000','RR/MM/DD HH24:MI:SSXFF'),'admin','47720231012142234160',77,10,0);
Insert into PRODUCT (PRODUCT_ID,CATEGORY_ID,PRODUCT_NM,PRODUCT_CONTENT,PRODUCT_PRICE,PRODUCT_STOCK,PRODUCT_OPTION_FIRST,PRODUCT_OPTION_SECOND,PRODUCT_OPTION_THIRD,PRODUCT_IMAGE_FIRST,PRODUCT_IMAGE_SECOND,PRODUCT_IMAGE_THIRD,STATUS,CREATE_DT,CREATOR,MODIFY_DT,MODIFIER,PRODUCT_CODE,PRODUCT_GROUP_ID,PRODUCT_MAX_GET,DISCOUNT_RATE) values (508,4,'몰리멜리 아동용 뉴탐나요 뽀글이 롱점퍼',null,30000,99,'80','-','-','https://daitso.s3.ap-northeast-2.amazonaws.com/%EB%AA%B0%EB%A6%AC%EB%A9%9C%EB%A6%AC%20%EC%95%84%EB%8F%99%EC%9A%A9%20%EB%89%B4%ED%83%90%EB%82%98%EC%9A%94%20%EB%BD%80%EA%B8%80%EC%9D%B4%20%EB%A1%B1%EC%A0%90%ED%8D%BC1.png','https://daitso.s3.ap-northeast-2.amazonaws.com/%EB%AA%B0%EB%A6%AC%EB%A9%9C%EB%A6%AC%20%EC%95%84%EB%8F%99%EC%9A%A9%20%EB%89%B4%ED%83%90%EB%82%98%EC%9A%94%20%EB%BD%80%EA%B8%80%EC%9D%B4%20%EB%A1%B1%EC%A0%90%ED%8D%BC%282%29.png',null,'Y',to_timestamp('23/10/19 00:18:44.762000000','RR/MM/DD HH24:MI:SSXFF'),'admin',null,null,'50820231019001844762',8,1,0);
commit;
Insert into PRODUCT (PRODUCT_ID,CATEGORY_ID,PRODUCT_NM,PRODUCT_CONTENT,PRODUCT_PRICE,PRODUCT_STOCK,PRODUCT_OPTION_FIRST,PRODUCT_OPTION_SECOND,PRODUCT_OPTION_THIRD,PRODUCT_IMAGE_FIRST,PRODUCT_IMAGE_SECOND,PRODUCT_IMAGE_THIRD,STATUS,CREATE_DT,CREATOR,MODIFY_DT,MODIFIER,PRODUCT_CODE,PRODUCT_GROUP_ID,PRODUCT_MAX_GET,DISCOUNT_RATE) values (509,23,'노르웨이의 숲',null,17000,989995,'-','-','-','https://daitso.s3.ap-northeast-2.amazonaws.com/%EB%85%B8%EB%A5%B4%EC%9B%A8%EC%9D%B4%EC%9D%98%20%EC%88%B2%283%29.png','https://daitso.s3.ap-northeast-2.amazonaws.com/%EB%85%B8%EB%A5%B4%EC%9B%A8%EC%9D%B4%EC%9D%98%20%EC%88%B2%20%282%29.png','https://daitso.s3.ap-northeast-2.amazonaws.com/%EB%85%B8%EB%A5%B4%EC%9B%A8%EC%9D%B4%EC%9D%98%20%EC%88%B2%20%281%29.png','Y',to_timestamp('23/10/19 00:19:38.396000000','RR/MM/DD HH24:MI:SSXFF'),'admin',to_timestamp('23/10/25 20:31:43.583000000','RR/MM/DD HH24:MI:SSXFF'),'admin','50920231019001938396',82,100,0);
Insert into PRODUCT (PRODUCT_ID,CATEGORY_ID,PRODUCT_NM,PRODUCT_CONTENT,PRODUCT_PRICE,PRODUCT_STOCK,PRODUCT_OPTION_FIRST,PRODUCT_OPTION_SECOND,PRODUCT_OPTION_THIRD,PRODUCT_IMAGE_FIRST,PRODUCT_IMAGE_SECOND,PRODUCT_IMAGE_THIRD,STATUS,CREATE_DT,CREATOR,MODIFY_DT,MODIFIER,PRODUCT_CODE,PRODUCT_GROUP_ID,PRODUCT_MAX_GET,DISCOUNT_RATE) values (510,23,'노르웨이의 숲',null,17000,9900000,'-','-','-','https://daitso.s3.ap-northeast-2.amazonaws.com/%EB%85%B8%EB%A5%B4%EC%9B%A8%EC%9D%B4%EC%9D%98%20%EC%88%B2%20%281%29.png','https://daitso.s3.ap-northeast-2.amazonaws.com/%EB%85%B8%EB%A5%B4%EC%9B%A8%EC%9D%B4%EC%9D%98%20%EC%88%B2%20%282%29.png','https://daitso.s3.ap-northeast-2.amazonaws.com/%EB%85%B8%EB%A5%B4%EC%9B%A8%EC%9D%B4%EC%9D%98%20%EC%88%B2%283%29.png','N',to_timestamp('23/10/19 00:21:40.213000000','RR/MM/DD HH24:MI:SSXFF'),'admin',to_timestamp('23/10/19 00:21:47.360000000','RR/MM/DD HH24:MI:SSXFF'),'admin','51020231019002140213',83,100,0);
Insert into PRODUCT (PRODUCT_ID,CATEGORY_ID,PRODUCT_NM,PRODUCT_CONTENT,PRODUCT_PRICE,PRODUCT_STOCK,PRODUCT_OPTION_FIRST,PRODUCT_OPTION_SECOND,PRODUCT_OPTION_THIRD,PRODUCT_IMAGE_FIRST,PRODUCT_IMAGE_SECOND,PRODUCT_IMAGE_THIRD,STATUS,CREATE_DT,CREATOR,MODIFY_DT,MODIFIER,PRODUCT_CODE,PRODUCT_GROUP_ID,PRODUCT_MAX_GET,DISCOUNT_RATE) values (511,19,'포카리 스웨트',null,700,998995,'700ml','-','-','https://daitso.s3.ap-northeast-2.amazonaws.com/%ED%8F%AC%EC%B9%B4%EB%A6%AC%20%EC%8A%A4%EC%9B%A8%ED%8A%B8%281%29.jpg','https://daitso.s3.ap-northeast-2.amazonaws.com/%ED%8F%AC%EC%B9%B4%EB%A6%AC%20%EC%8A%A4%EC%9B%A8%ED%8A%B8%282%29.jpg','https://daitso.s3.ap-northeast-2.amazonaws.com/%ED%8F%AC%EC%B9%B4%EB%A6%AC%20%EC%8A%A4%EC%9B%A8%ED%8A%B8%283%29.jpg','Y',to_timestamp('23/10/19 00:22:50.553000000','RR/MM/DD HH24:MI:SSXFF'),'admin',null,null,'51120231019002250553',11,100,0);
Insert into PRODUCT (PRODUCT_ID,CATEGORY_ID,PRODUCT_NM,PRODUCT_CONTENT,PRODUCT_PRICE,PRODUCT_STOCK,PRODUCT_OPTION_FIRST,PRODUCT_OPTION_SECOND,PRODUCT_OPTION_THIRD,PRODUCT_IMAGE_FIRST,PRODUCT_IMAGE_SECOND,PRODUCT_IMAGE_THIRD,STATUS,CREATE_DT,CREATOR,MODIFY_DT,MODIFIER,PRODUCT_CODE,PRODUCT_GROUP_ID,PRODUCT_MAX_GET,DISCOUNT_RATE) values (518,23,'노르웨이의 숲',null,3,4,'1','-','-','https://daitso.s3.ap-northeast-2.amazonaws.com/%EB%85%B8%EB%A5%B4%EC%9B%A8%EC%9D%B4%EC%9D%98%20%EC%88%B2%20%281%29.png','https://daitso.s3.ap-northeast-2.amazonaws.com/%EB%85%B8%EB%A5%B4%EC%9B%A8%EC%9D%B4%EC%9D%98%20%EC%88%B2%20%282%29.png','https://daitso.s3.ap-northeast-2.amazonaws.com/%EB%85%B8%EB%A5%B4%EC%9B%A8%EC%9D%B4%EC%9D%98%20%EC%88%B2%283%29.png','N',to_timestamp('23/10/22 20:58:48.251000000','RR/MM/DD HH24:MI:SSXFF'),'admin',to_timestamp('23/10/22 20:58:58.629000000','RR/MM/DD HH24:MI:SSXFF'),'admin','51820231022205848251',82,6,0);
Insert into PRODUCT (PRODUCT_ID,CATEGORY_ID,PRODUCT_NM,PRODUCT_CONTENT,PRODUCT_PRICE,PRODUCT_STOCK,PRODUCT_OPTION_FIRST,PRODUCT_OPTION_SECOND,PRODUCT_OPTION_THIRD,PRODUCT_IMAGE_FIRST,PRODUCT_IMAGE_SECOND,PRODUCT_IMAGE_THIRD,STATUS,CREATE_DT,CREATOR,MODIFY_DT,MODIFIER,PRODUCT_CODE,PRODUCT_GROUP_ID,PRODUCT_MAX_GET,DISCOUNT_RATE) values (520,18,'오레오 화이트 크림 초콜릿 샌드위치 쿠키',null,1,1,'-','-','-','https://daitso.s3.ap-northeast-2.amazonaws.com/%EC%98%A4%EB%A0%88%EC%98%A4%20%ED%99%94%EC%9D%B4%ED%8A%B8%20%ED%81%AC%EB%A6%BC%20%EC%B4%88%EC%BD%9C%EB%A6%BF%20%EC%83%8C%EB%93%9C%EC%9C%84%EC%B9%98%20%EC%BF%A0%ED%82%A4%281%29.jpg','https://daitso.s3.ap-northeast-2.amazonaws.com/%EC%98%A4%EB%A0%88%EC%98%A4%20%ED%99%94%EC%9D%B4%ED%8A%B8%20%ED%81%AC%EB%A6%BC%20%EC%B4%88%EC%BD%9C%EB%A6%BF%20%EC%83%8C%EB%93%9C%EC%9C%84%EC%B9%98%20%EC%BF%A0%ED%82%A4%282%29.jpg','https://daitso.s3.ap-northeast-2.amazonaws.com/%EC%98%A4%EB%A0%88%EC%98%A4%20%ED%99%94%EC%9D%B4%ED%8A%B8%20%ED%81%AC%EB%A6%BC%20%EC%B4%88%EC%BD%9C%EB%A6%BF%20%EC%83%8C%EB%93%9C%EC%9C%84%EC%B9%98%20%EC%BF%A0%ED%82%A4%283%29.jpg','N',to_timestamp('23/10/25 21:57:59.297000000','RR/MM/DD HH24:MI:SSXFF'),'admin',to_timestamp('23/10/25 21:58:10.643000000','RR/MM/DD HH24:MI:SSXFF'),'admin','52020231025215759297',30,1,0);
Insert into PRODUCT (PRODUCT_ID,CATEGORY_ID,PRODUCT_NM,PRODUCT_CONTENT,PRODUCT_PRICE,PRODUCT_STOCK,PRODUCT_OPTION_FIRST,PRODUCT_OPTION_SECOND,PRODUCT_OPTION_THIRD,PRODUCT_IMAGE_FIRST,PRODUCT_IMAGE_SECOND,PRODUCT_IMAGE_THIRD,STATUS,CREATE_DT,CREATOR,MODIFY_DT,MODIFIER,PRODUCT_CODE,PRODUCT_GROUP_ID,PRODUCT_MAX_GET,DISCOUNT_RATE) values (524,3,'바시티자켓&#40;테스트시나리오용&#41;',null,250000,10,'L','Green','-','https://daitso.s3.ap-northeast-2.amazonaws.com/%EB%B0%94%EC%9E%90%EC%BC%93.JPG','https://daitso.s3.ap-northeast-2.amazonaws.com/%EB%B0%94%EC%9E%90%EC%BC%932.JPG','https://daitso.s3.ap-northeast-2.amazonaws.com/%EB%B0%94%EC%9E%90%EC%BC%933.JPG','N',to_timestamp('23/10/26 11:57:50.822000000','RR/MM/DD HH24:MI:SSXFF'),'admin',to_timestamp('23/10/26 12:05:30.507000000','RR/MM/DD HH24:MI:SSXFF'),'admin','52420231026115750822',85,10,0);
Insert into PRODUCT (PRODUCT_ID,CATEGORY_ID,PRODUCT_NM,PRODUCT_CONTENT,PRODUCT_PRICE,PRODUCT_STOCK,PRODUCT_OPTION_FIRST,PRODUCT_OPTION_SECOND,PRODUCT_OPTION_THIRD,PRODUCT_IMAGE_FIRST,PRODUCT_IMAGE_SECOND,PRODUCT_IMAGE_THIRD,STATUS,CREATE_DT,CREATOR,MODIFY_DT,MODIFIER,PRODUCT_CODE,PRODUCT_GROUP_ID,PRODUCT_MAX_GET,DISCOUNT_RATE) values (526,3,'바시티자켓&#40;테스트시나리오용&#41;',null,240000,10,'L','Green','-','https://daitso.s3.ap-northeast-2.amazonaws.com/%EB%B0%94%EC%9E%90%EC%BC%93.JPG','https://daitso.s3.ap-northeast-2.amazonaws.com/%EB%B0%94%EC%9E%90%EC%BC%932.JPG','https://daitso.s3.ap-northeast-2.amazonaws.com/%EB%B0%94%EC%9E%90%EC%BC%933.JPG','N',to_timestamp('23/10/26 11:59:39.284000000','RR/MM/DD HH24:MI:SSXFF'),'admin',to_timestamp('23/10/27 00:39:39.824000000','RR/MM/DD HH24:MI:SSXFF'),'admin','52620231026115939284',87,10,0);
Insert into PRODUCT (PRODUCT_ID,CATEGORY_ID,PRODUCT_NM,PRODUCT_CONTENT,PRODUCT_PRICE,PRODUCT_STOCK,PRODUCT_OPTION_FIRST,PRODUCT_OPTION_SECOND,PRODUCT_OPTION_THIRD,PRODUCT_IMAGE_FIRST,PRODUCT_IMAGE_SECOND,PRODUCT_IMAGE_THIRD,STATUS,CREATE_DT,CREATOR,MODIFY_DT,MODIFIER,PRODUCT_CODE,PRODUCT_GROUP_ID,PRODUCT_MAX_GET,DISCOUNT_RATE) values (527,3,'바시티자켓&#40;테스트시나리오용&#41;',null,240000,10,'M','Green','-','https://daitso.s3.ap-northeast-2.amazonaws.com/%EB%B0%94%EC%9E%90%EC%BC%93.JPG','https://daitso.s3.ap-northeast-2.amazonaws.com/%EB%B0%94%EC%9E%90%EC%BC%932.JPG',null,'N',to_timestamp('23/10/26 12:07:42.823000000','RR/MM/DD HH24:MI:SSXFF'),'admin',to_timestamp('23/10/27 00:39:39.824000000','RR/MM/DD HH24:MI:SSXFF'),'admin','52720231026120742823',87,10,0);
Insert into PRODUCT (PRODUCT_ID,CATEGORY_ID,PRODUCT_NM,PRODUCT_CONTENT,PRODUCT_PRICE,PRODUCT_STOCK,PRODUCT_OPTION_FIRST,PRODUCT_OPTION_SECOND,PRODUCT_OPTION_THIRD,PRODUCT_IMAGE_FIRST,PRODUCT_IMAGE_SECOND,PRODUCT_IMAGE_THIRD,STATUS,CREATE_DT,CREATOR,MODIFY_DT,MODIFIER,PRODUCT_CODE,PRODUCT_GROUP_ID,PRODUCT_MAX_GET,DISCOUNT_RATE) values (504,4,'에뜨와 럭키반소우주복',null,55000,9000,'75','-','-','https://daitso.s3.ap-northeast-2.amazonaws.com/%EC%97%90%EB%9C%A8%EC%99%80%20%EB%9F%AD%ED%82%A4%EB%B0%98%EC%86%8C%EC%9A%B0%EC%A3%BC%EB%B3%B51.png','https://daitso.s3.ap-northeast-2.amazonaws.com/%EC%97%90%EB%9C%A8%EC%99%80%20%EB%9F%AD%ED%82%A4%EB%B0%98%EC%86%8C%EC%9A%B0%EC%A3%BC%EB%B3%B52.png',null,'Y',to_timestamp('23/10/17 16:12:56.082000000','RR/MM/DD HH24:MI:SSXFF'),'admin',null,null,'50420231017161256082',1,5,0);
Insert into PRODUCT (PRODUCT_ID,CATEGORY_ID,PRODUCT_NM,PRODUCT_CONTENT,PRODUCT_PRICE,PRODUCT_STOCK,PRODUCT_OPTION_FIRST,PRODUCT_OPTION_SECOND,PRODUCT_OPTION_THIRD,PRODUCT_IMAGE_FIRST,PRODUCT_IMAGE_SECOND,PRODUCT_IMAGE_THIRD,STATUS,CREATE_DT,CREATOR,MODIFY_DT,MODIFIER,PRODUCT_CODE,PRODUCT_GROUP_ID,PRODUCT_MAX_GET,DISCOUNT_RATE) values (512,23,'브릿마리 여기 있다',null,1,1,'1','-','-','https://daitso.s3.ap-northeast-2.amazonaws.com/%EB%B8%8C%EB%A6%BF%EB%A7%88%EB%A6%AC%20%EC%97%AC%EA%B8%B0%EC%9E%88%EB%8B%A41.png','null','null','N',to_timestamp('23/10/19 00:48:36.877000000','RR/MM/DD HH24:MI:SSXFF'),'admin',to_timestamp('23/10/19 00:48:47.206000000','RR/MM/DD HH24:MI:SSXFF'),'admin','51220231019004836877',17,1,0);
Insert into PRODUCT (PRODUCT_ID,CATEGORY_ID,PRODUCT_NM,PRODUCT_CONTENT,PRODUCT_PRICE,PRODUCT_STOCK,PRODUCT_OPTION_FIRST,PRODUCT_OPTION_SECOND,PRODUCT_OPTION_THIRD,PRODUCT_IMAGE_FIRST,PRODUCT_IMAGE_SECOND,PRODUCT_IMAGE_THIRD,STATUS,CREATE_DT,CREATOR,MODIFY_DT,MODIFIER,PRODUCT_CODE,PRODUCT_GROUP_ID,PRODUCT_MAX_GET,DISCOUNT_RATE) values (513,23,'브릿마리 여기 있다',null,1,1,'1','-','-','https://daitso.s3.ap-northeast-2.amazonaws.com/%EB%B8%8C%EB%A6%BF%EB%A7%88%EB%A6%AC%20%EC%97%AC%EA%B8%B0%EC%9E%88%EB%8B%A41.png','null','null','N',to_timestamp('23/10/19 01:05:53.018000000','RR/MM/DD HH24:MI:SSXFF'),'admin',to_timestamp('23/10/19 01:06:02.235000000','RR/MM/DD HH24:MI:SSXFF'),'admin','51320231019010553018',17,1,0);
Insert into PRODUCT (PRODUCT_ID,CATEGORY_ID,PRODUCT_NM,PRODUCT_CONTENT,PRODUCT_PRICE,PRODUCT_STOCK,PRODUCT_OPTION_FIRST,PRODUCT_OPTION_SECOND,PRODUCT_OPTION_THIRD,PRODUCT_IMAGE_FIRST,PRODUCT_IMAGE_SECOND,PRODUCT_IMAGE_THIRD,STATUS,CREATE_DT,CREATOR,MODIFY_DT,MODIFIER,PRODUCT_CODE,PRODUCT_GROUP_ID,PRODUCT_MAX_GET,DISCOUNT_RATE) values (519,23,'너의 췌장을 먹고싶어',null,1,1,'ㅂ','-','-','https://daitso.s3.ap-northeast-2.amazonaws.com/%EB%84%88%EC%9D%98%20%EC%B7%8C%EC%9E%A5%EC%9D%84%20%EB%A8%B9%EA%B3%A0%EC%8B%B6%EC%96%B41.png','null','null','N',to_timestamp('23/10/22 22:58:47.997000000','RR/MM/DD HH24:MI:SSXFF'),'admin',to_timestamp('23/10/22 22:58:56.298000000','RR/MM/DD HH24:MI:SSXFF'),'admin','51920231022225847997',20,1,0);
Insert into PRODUCT (PRODUCT_ID,CATEGORY_ID,PRODUCT_NM,PRODUCT_CONTENT,PRODUCT_PRICE,PRODUCT_STOCK,PRODUCT_OPTION_FIRST,PRODUCT_OPTION_SECOND,PRODUCT_OPTION_THIRD,PRODUCT_IMAGE_FIRST,PRODUCT_IMAGE_SECOND,PRODUCT_IMAGE_THIRD,STATUS,CREATE_DT,CREATOR,MODIFY_DT,MODIFIER,PRODUCT_CODE,PRODUCT_GROUP_ID,PRODUCT_MAX_GET,DISCOUNT_RATE) values (525,3,'바시티자켓&#40;테스트시나리오용&#41;',null,250000,100000,'L','Green','-','https://daitso.s3.ap-northeast-2.amazonaws.com/%EB%B0%94%EC%9E%90%EC%BC%93.JPG','https://daitso.s3.ap-northeast-2.amazonaws.com/%EB%B0%94%EC%9E%90%EC%BC%932.JPG','https://daitso.s3.ap-northeast-2.amazonaws.com/%EB%B0%94%EC%9E%90%EC%BC%933.JPG','N',to_timestamp('23/10/26 11:58:38.932000000','RR/MM/DD HH24:MI:SSXFF'),'admin',to_timestamp('23/10/27 00:39:46.372000000','RR/MM/DD HH24:MI:SSXFF'),'admin','52520231026115838932',86,1000,0);
Insert into PRODUCT (PRODUCT_ID,CATEGORY_ID,PRODUCT_NM,PRODUCT_CONTENT,PRODUCT_PRICE,PRODUCT_STOCK,PRODUCT_OPTION_FIRST,PRODUCT_OPTION_SECOND,PRODUCT_OPTION_THIRD,PRODUCT_IMAGE_FIRST,PRODUCT_IMAGE_SECOND,PRODUCT_IMAGE_THIRD,STATUS,CREATE_DT,CREATOR,MODIFY_DT,MODIFIER,PRODUCT_CODE,PRODUCT_GROUP_ID,PRODUCT_MAX_GET,DISCOUNT_RATE) values (539,2,'모니카 자수 맨투맨',null,23900,95000,'-','네이비','-','https://daitso.s3.ap-northeast-2.amazonaws.com/%EB%AA%A8%EB%8B%88%EC%B9%B4%20%EC%9E%90%EC%88%98%20%EB%A7%A8%ED%88%AC%EB%A7%A8%20N%20%281%29.png','https://daitso.s3.ap-northeast-2.amazonaws.com/%EB%AA%A8%EB%8B%88%EC%B9%B4%20%EC%9E%90%EC%88%98%20%EB%A7%A8%ED%88%AC%EB%A7%A8%20N%20%282%29.png','https://daitso.s3.ap-northeast-2.amazonaws.com/%EB%AA%A8%EB%8B%88%EC%B9%B4%20%EC%9E%90%EC%88%98%20%EB%A7%A8%ED%88%AC%EB%A7%A8%20N%20%283%29.png','Y',to_timestamp('23/10/30 10:45:28.948000000','RR/MM/DD HH24:MI:SSXFF'),'admin',null,null,'53920231030104528948',92,10,0);
Insert into PRODUCT (PRODUCT_ID,CATEGORY_ID,PRODUCT_NM,PRODUCT_CONTENT,PRODUCT_PRICE,PRODUCT_STOCK,PRODUCT_OPTION_FIRST,PRODUCT_OPTION_SECOND,PRODUCT_OPTION_THIRD,PRODUCT_IMAGE_FIRST,PRODUCT_IMAGE_SECOND,PRODUCT_IMAGE_THIRD,STATUS,CREATE_DT,CREATOR,MODIFY_DT,MODIFIER,PRODUCT_CODE,PRODUCT_GROUP_ID,PRODUCT_MAX_GET,DISCOUNT_RATE) values (540,2,'모니카 자수 맨투맨',null,23900,9000,'-','그레이','-','https://daitso.s3.ap-northeast-2.amazonaws.com/%EB%AA%A8%EB%8B%88%EC%B9%B4%20%EC%9E%90%EC%88%98%20%EB%A7%A8%ED%88%AC%EB%A7%A8G%20%281%29.png','https://daitso.s3.ap-northeast-2.amazonaws.com/%EB%AA%A8%EB%8B%88%EC%B9%B4%20%EC%9E%90%EC%88%98%20%EB%A7%A8%ED%88%AC%EB%A7%A8G%20%282%29.png','https://daitso.s3.ap-northeast-2.amazonaws.com/%EB%AA%A8%EB%8B%88%EC%B9%B4%20%EC%9E%90%EC%88%98%20%EB%A7%A8%ED%88%AC%EB%A7%A8G%20%283%29.png','Y',to_timestamp('23/10/30 10:46:07.381000000','RR/MM/DD HH24:MI:SSXFF'),'admin',null,null,'54020231030104607381',92,10,0);
Insert into PRODUCT (PRODUCT_ID,CATEGORY_ID,PRODUCT_NM,PRODUCT_CONTENT,PRODUCT_PRICE,PRODUCT_STOCK,PRODUCT_OPTION_FIRST,PRODUCT_OPTION_SECOND,PRODUCT_OPTION_THIRD,PRODUCT_IMAGE_FIRST,PRODUCT_IMAGE_SECOND,PRODUCT_IMAGE_THIRD,STATUS,CREATE_DT,CREATOR,MODIFY_DT,MODIFIER,PRODUCT_CODE,PRODUCT_GROUP_ID,PRODUCT_MAX_GET,DISCOUNT_RATE) values (20,2,'닥스 여성용 체크 면 긴팔셔츠','2011년도 봄/가을용 베이지 계열 일반 카라 긴팔셔츠입니다.',150000,100,'085','-','-','https://daitso.s3.ap-northeast-2.amazonaws.com/%EB%8B%A5%EC%8A%A4%20%EC%97%AC%EC%84%B1%EC%9A%A9%20%EC%B2%B4%ED%81%AC%20%EB%A9%B4%20%EA%B8%B4%ED%8C%94%EC%85%94%EC%B8%A01.png','https://daitso.s3.ap-northeast-2.amazonaws.com/%EB%8B%A5%EC%8A%A4%20%EC%97%AC%EC%84%B1%EC%9A%A9%20%EC%B2%B4%ED%81%AC%20%EB%A9%B4%20%EA%B8%B4%ED%8C%94%EC%85%94%EC%B8%A02.png',null,'Y',to_timestamp('23/08/22 00:00:00.000000000','RR/MM/DD HH24:MI:SSXFF'),'admin',null,null,'0000017',26,10,0);
Insert into PRODUCT (PRODUCT_ID,CATEGORY_ID,PRODUCT_NM,PRODUCT_CONTENT,PRODUCT_PRICE,PRODUCT_STOCK,PRODUCT_OPTION_FIRST,PRODUCT_OPTION_SECOND,PRODUCT_OPTION_THIRD,PRODUCT_IMAGE_FIRST,PRODUCT_IMAGE_SECOND,PRODUCT_IMAGE_THIRD,STATUS,CREATE_DT,CREATOR,MODIFY_DT,MODIFIER,PRODUCT_CODE,PRODUCT_GROUP_ID,PRODUCT_MAX_GET,DISCOUNT_RATE) values (502,17,'곰곰 손질 갈치',null,9999999,9999999,'test','-','-','https://daitso.s3.ap-northeast-2.amazonaws.com/%EA%B3%B0%EA%B3%B0%20%EC%86%90%EC%A7%88%20%EA%B0%88%EC%B9%98%20%281%29.png','https://daitso.s3.ap-northeast-2.amazonaws.com/%EA%B3%B0%EA%B3%B0%20%EC%86%90%EC%A7%88%20%EA%B0%88%EC%B9%98%20%282%29.png','https://daitso.s3.ap-northeast-2.amazonaws.com/%EA%B3%B0%EA%B3%B0%20%EC%86%90%EC%A7%88%20%EA%B0%88%EC%B9%98%20%283%29.png','N',to_timestamp('23/10/16 11:49:26.844000000','RR/MM/DD HH24:MI:SSXFF'),'admin',to_timestamp('23/10/16 11:49:33.269000000','RR/MM/DD HH24:MI:SSXFF'),'admin','50220231016114926844',80,1,0);
Insert into PRODUCT (PRODUCT_ID,CATEGORY_ID,PRODUCT_NM,PRODUCT_CONTENT,PRODUCT_PRICE,PRODUCT_STOCK,PRODUCT_OPTION_FIRST,PRODUCT_OPTION_SECOND,PRODUCT_OPTION_THIRD,PRODUCT_IMAGE_FIRST,PRODUCT_IMAGE_SECOND,PRODUCT_IMAGE_THIRD,STATUS,CREATE_DT,CREATOR,MODIFY_DT,MODIFIER,PRODUCT_CODE,PRODUCT_GROUP_ID,PRODUCT_MAX_GET,DISCOUNT_RATE) values (483,25,'하리보 웜즈 사우어',null,5500,9000,'300g','-','-','https://daitso.s3.ap-northeast-2.amazonaws.com/%ED%95%98%EB%A6%AC%EB%B3%B4%20%EC%9B%9C%EC%A6%88%20%EC%82%AC%EC%9A%B0%EC%96%B4%20%283%29.png','https://daitso.s3.ap-northeast-2.amazonaws.com/%ED%95%98%EB%A6%AC%EB%B3%B4%20%EC%9B%9C%EC%A6%88%20%EC%82%AC%EC%9A%B0%EC%96%B4%20%282%29.png','https://daitso.s3.ap-northeast-2.amazonaws.com/%ED%95%98%EB%A6%AC%EB%B3%B4%20%EC%9B%9C%EC%A6%88%20%EC%82%AC%EC%9A%B0%EC%96%B4%20%281%29.png','Y',to_timestamp('23/10/12 17:09:24.212000000','RR/MM/DD HH24:MI:SSXFF'),'admin',to_timestamp('23/10/13 15:13:29.968000000','RR/MM/DD HH24:MI:SSXFF'),'admin','48320231012170924212',77,10,0);
Insert into PRODUCT (PRODUCT_ID,CATEGORY_ID,PRODUCT_NM,PRODUCT_CONTENT,PRODUCT_PRICE,PRODUCT_STOCK,PRODUCT_OPTION_FIRST,PRODUCT_OPTION_SECOND,PRODUCT_OPTION_THIRD,PRODUCT_IMAGE_FIRST,PRODUCT_IMAGE_SECOND,PRODUCT_IMAGE_THIRD,STATUS,CREATE_DT,CREATOR,MODIFY_DT,MODIFIER,PRODUCT_CODE,PRODUCT_GROUP_ID,PRODUCT_MAX_GET,DISCOUNT_RATE) values (486,17,'프리미엄 킹크랩 대게',null,128000,50000,'3kg','-','-','https://daitso.s3.ap-northeast-2.amazonaws.com/%ED%94%84%EB%A6%AC%EB%AF%B8%EC%97%84%20%ED%82%B9%ED%81%AC%EB%9E%A9%20%EB%8C%80%EA%B2%8C%20%281%29.png','https://daitso.s3.ap-northeast-2.amazonaws.com/%ED%94%84%EB%A6%AC%EB%AF%B8%EC%97%84%20%ED%82%B9%ED%81%AC%EB%9E%A9%20%EB%8C%80%EA%B2%8C%20%282%29.png','https://daitso.s3.ap-northeast-2.amazonaws.com/%ED%94%84%EB%A6%AC%EB%AF%B8%EC%97%84%20%ED%82%B9%ED%81%AC%EB%9E%A9%20%EB%8C%80%EA%B2%8C%20%283%29.png','Y',to_timestamp('23/10/12 17:15:48.119000000','RR/MM/DD HH24:MI:SSXFF'),'admin',null,null,'48620231012171548119',78,10,0);
Insert into PRODUCT (PRODUCT_ID,CATEGORY_ID,PRODUCT_NM,PRODUCT_CONTENT,PRODUCT_PRICE,PRODUCT_STOCK,PRODUCT_OPTION_FIRST,PRODUCT_OPTION_SECOND,PRODUCT_OPTION_THIRD,PRODUCT_IMAGE_FIRST,PRODUCT_IMAGE_SECOND,PRODUCT_IMAGE_THIRD,STATUS,CREATE_DT,CREATOR,MODIFY_DT,MODIFIER,PRODUCT_CODE,PRODUCT_GROUP_ID,PRODUCT_MAX_GET,DISCOUNT_RATE) values (523,13,'부케가르니 에코 주방세제 자몽향',null,30000,89998,'-','-','-','https://daitso.s3.ap-northeast-2.amazonaws.com/%EB%B6%80%EC%BC%80%EA%B0%80%EB%A5%B4%EB%8B%88%20%EC%97%90%EC%BD%94%20%EC%A3%BC%EB%B0%A9%EC%84%B8%EC%A0%9C%20%EC%9E%90%EB%AA%BD%ED%96%A5%20%281%29.png','https://daitso.s3.ap-northeast-2.amazonaws.com/%EB%B6%80%EC%BC%80%EA%B0%80%EB%A5%B4%EB%8B%88%20%EC%97%90%EC%BD%94%20%EC%A3%BC%EB%B0%A9%EC%84%B8%EC%A0%9C%20%EC%9E%90%EB%AA%BD%ED%96%A5%20%282%29.png','https://daitso.s3.ap-northeast-2.amazonaws.com/%EB%B6%80%EC%BC%80%EA%B0%80%EB%A5%B4%EB%8B%88%20%EC%97%90%EC%BD%94%20%EC%A3%BC%EB%B0%A9%EC%84%B8%EC%A0%9C%20%EC%9E%90%EB%AA%BD%ED%96%A5%20%283%29.png','Y',to_timestamp('23/10/25 23:19:39.583000000','RR/MM/DD HH24:MI:SSXFF'),'admin',null,null,'52320231025231939583',84,10,0);
Insert into PRODUCT (PRODUCT_ID,CATEGORY_ID,PRODUCT_NM,PRODUCT_CONTENT,PRODUCT_PRICE,PRODUCT_STOCK,PRODUCT_OPTION_FIRST,PRODUCT_OPTION_SECOND,PRODUCT_OPTION_THIRD,PRODUCT_IMAGE_FIRST,PRODUCT_IMAGE_SECOND,PRODUCT_IMAGE_THIRD,STATUS,CREATE_DT,CREATOR,MODIFY_DT,MODIFIER,PRODUCT_CODE,PRODUCT_GROUP_ID,PRODUCT_MAX_GET,DISCOUNT_RATE) values (488,17,'프리미엄 킹크랩 대게',null,88000,4996,'2kg','-','-','https://daitso.s3.ap-northeast-2.amazonaws.com/%ED%94%84%EB%A6%AC%EB%AF%B8%EC%97%84%20%ED%82%B9%ED%81%AC%EB%9E%A9%20%EB%8C%80%EA%B2%8C%20%281%29.png',null,'https://daitso.s3.ap-northeast-2.amazonaws.com/%ED%94%84%EB%A6%AC%EB%AF%B8%EC%97%84%20%ED%82%B9%ED%81%AC%EB%9E%A9%20%EB%8C%80%EA%B2%8C%20%283%29.png','Y',to_timestamp('23/10/12 17:18:01.575000000','RR/MM/DD HH24:MI:SSXFF'),'admin',null,null,'48820231012171801575',78,5,0);
Insert into PRODUCT (PRODUCT_ID,CATEGORY_ID,PRODUCT_NM,PRODUCT_CONTENT,PRODUCT_PRICE,PRODUCT_STOCK,PRODUCT_OPTION_FIRST,PRODUCT_OPTION_SECOND,PRODUCT_OPTION_THIRD,PRODUCT_IMAGE_FIRST,PRODUCT_IMAGE_SECOND,PRODUCT_IMAGE_THIRD,STATUS,CREATE_DT,CREATOR,MODIFY_DT,MODIFIER,PRODUCT_CODE,PRODUCT_GROUP_ID,PRODUCT_MAX_GET,DISCOUNT_RATE) values (490,17,'은하수산 연어 필렛 스테이크용',null,24900,49998,'400g','-','-','https://daitso.s3.ap-northeast-2.amazonaws.com/%EC%9D%80%ED%95%98%EC%88%98%EC%82%B0%20%EC%97%B0%EC%96%B4%20%ED%95%84%EB%A0%9B%20%EC%8A%A4%ED%85%8C%EC%9D%B4%ED%81%AC%EC%9A%A9%20%281%29.png','https://daitso.s3.ap-northeast-2.amazonaws.com/%EC%9D%80%ED%95%98%EC%88%98%EC%82%B0%20%EC%97%B0%EC%96%B4%20%ED%95%84%EB%A0%9B%20%EC%8A%A4%ED%85%8C%EC%9D%B4%ED%81%AC%EC%9A%A9%20%282%29.png','https://daitso.s3.ap-northeast-2.amazonaws.com/%EC%9D%80%ED%95%98%EC%88%98%EC%82%B0%20%EC%97%B0%EC%96%B4%20%ED%95%84%EB%A0%9B%20%EC%8A%A4%ED%85%8C%EC%9D%B4%ED%81%AC%EC%9A%A9%20%283%29.png','Y',to_timestamp('23/10/12 17:23:52.058000000','RR/MM/DD HH24:MI:SSXFF'),'admin',to_timestamp('23/10/16 01:01:02.729000000','RR/MM/DD HH24:MI:SSXFF'),'admin','49020231012172352058',79,11,10);
Insert into PRODUCT (PRODUCT_ID,CATEGORY_ID,PRODUCT_NM,PRODUCT_CONTENT,PRODUCT_PRICE,PRODUCT_STOCK,PRODUCT_OPTION_FIRST,PRODUCT_OPTION_SECOND,PRODUCT_OPTION_THIRD,PRODUCT_IMAGE_FIRST,PRODUCT_IMAGE_SECOND,PRODUCT_IMAGE_THIRD,STATUS,CREATE_DT,CREATOR,MODIFY_DT,MODIFIER,PRODUCT_CODE,PRODUCT_GROUP_ID,PRODUCT_MAX_GET,DISCOUNT_RATE) values (492,17,'은하수산 연어 필렛 스테이크용',null,1,1,'-','-','test','https://daitso.s3.ap-northeast-2.amazonaws.com/%EC%9D%80%ED%95%98%EC%88%98%EC%82%B0%20%EC%97%B0%EC%96%B4%20%ED%95%84%EB%A0%9B%20%EC%8A%A4%ED%85%8C%EC%9D%B4%ED%81%AC%EC%9A%A9%20%281%29.png','https://daitso.s3.ap-northeast-2.amazonaws.com/%EC%9D%80%ED%95%98%EC%88%98%EC%82%B0%20%EC%97%B0%EC%96%B4%20%ED%95%84%EB%A0%9B%20%EC%8A%A4%ED%85%8C%EC%9D%B4%ED%81%AC%EC%9A%A9%20%282%29.png','https://daitso.s3.ap-northeast-2.amazonaws.com/%EC%9D%80%ED%95%98%EC%88%98%EC%82%B0%20%EC%97%B0%EC%96%B4%20%ED%95%84%EB%A0%9B%20%EC%8A%A4%ED%85%8C%EC%9D%B4%ED%81%AC%EC%9A%A9%20%283%29.png','N',to_timestamp('23/10/12 17:43:51.090000000','RR/MM/DD HH24:MI:SSXFF'),'admin',to_timestamp('23/10/12 17:44:01.358000000','RR/MM/DD HH24:MI:SSXFF'),'admin','49220231012174351090',79,1,0);
Insert into PRODUCT (PRODUCT_ID,CATEGORY_ID,PRODUCT_NM,PRODUCT_CONTENT,PRODUCT_PRICE,PRODUCT_STOCK,PRODUCT_OPTION_FIRST,PRODUCT_OPTION_SECOND,PRODUCT_OPTION_THIRD,PRODUCT_IMAGE_FIRST,PRODUCT_IMAGE_SECOND,PRODUCT_IMAGE_THIRD,STATUS,CREATE_DT,CREATOR,MODIFY_DT,MODIFIER,PRODUCT_CODE,PRODUCT_GROUP_ID,PRODUCT_MAX_GET,DISCOUNT_RATE) values (495,17,'곰곰 손질 갈치',null,34860,9800,'2kg','-','-','https://daitso.s3.ap-northeast-2.amazonaws.com/%EA%B3%B0%EA%B3%B0%20%EC%86%90%EC%A7%88%20%EA%B0%88%EC%B9%98%20%281%29.png','https://daitso.s3.ap-northeast-2.amazonaws.com/%EA%B3%B0%EA%B3%B0%20%EC%86%90%EC%A7%88%20%EA%B0%88%EC%B9%98%20%282%29.png','https://daitso.s3.ap-northeast-2.amazonaws.com/%EA%B3%B0%EA%B3%B0%20%EC%86%90%EC%A7%88%20%EA%B0%88%EC%B9%98%20%283%29.png','Y',to_timestamp('23/10/12 17:47:22.989000000','RR/MM/DD HH24:MI:SSXFF'),'admin',to_timestamp('23/10/19 17:31:05.271000000','RR/MM/DD HH24:MI:SSXFF'),'admin','49520231012174722989',80,6,0);
Insert into PRODUCT (PRODUCT_ID,CATEGORY_ID,PRODUCT_NM,PRODUCT_CONTENT,PRODUCT_PRICE,PRODUCT_STOCK,PRODUCT_OPTION_FIRST,PRODUCT_OPTION_SECOND,PRODUCT_OPTION_THIRD,PRODUCT_IMAGE_FIRST,PRODUCT_IMAGE_SECOND,PRODUCT_IMAGE_THIRD,STATUS,CREATE_DT,CREATOR,MODIFY_DT,MODIFIER,PRODUCT_CODE,PRODUCT_GROUP_ID,PRODUCT_MAX_GET,DISCOUNT_RATE) values (538,2,'모니카 자수 맨투맨',null,23900,90000,'-','아이보리','-','https://daitso.s3.ap-northeast-2.amazonaws.com/%EB%AA%A8%EB%8B%88%EC%B9%B4%20%EC%9E%90%EC%88%98%20%EB%A7%A8%ED%88%AC%EB%A7%A8%20%281%29.png','https://daitso.s3.ap-northeast-2.amazonaws.com/%EB%AA%A8%EB%8B%88%EC%B9%B4%20%EC%9E%90%EC%88%98%20%EB%A7%A8%ED%88%AC%EB%A7%A8%20%282%29.png','https://daitso.s3.ap-northeast-2.amazonaws.com/%EB%AA%A8%EB%8B%88%EC%B9%B4%20%EC%9E%90%EC%88%98%20%EB%A7%A8%ED%88%AC%EB%A7%A8%20%283%29.png','Y',to_timestamp('23/10/30 10:22:39.729000000','RR/MM/DD HH24:MI:SSXFF'),'admin',null,null,'53820231030102239729',92,10,0);
Insert into PRODUCT (PRODUCT_ID,CATEGORY_ID,PRODUCT_NM,PRODUCT_CONTENT,PRODUCT_PRICE,PRODUCT_STOCK,PRODUCT_OPTION_FIRST,PRODUCT_OPTION_SECOND,PRODUCT_OPTION_THIRD,PRODUCT_IMAGE_FIRST,PRODUCT_IMAGE_SECOND,PRODUCT_IMAGE_THIRD,STATUS,CREATE_DT,CREATOR,MODIFY_DT,MODIFIER,PRODUCT_CODE,PRODUCT_GROUP_ID,PRODUCT_MAX_GET,DISCOUNT_RATE) values (25,4,'에뜨와 럭키반소우주복','40수 싱글 소재의 블랙 선염을 이용하며 세련되고 깔끔한 느낌을 주었고 포니인형과 화이트 컬러의 비조로 포인트를 준 반소 우주복',55000,98,'80','-','-','https://daitso.s3.ap-northeast-2.amazonaws.com/%EC%97%90%EB%9C%A8%EC%99%80%20%EB%9F%AD%ED%82%A4%EB%B0%98%EC%86%8C%EC%9A%B0%EC%A3%BC%EB%B3%B51.png','https://daitso.s3.ap-northeast-2.amazonaws.com/%EC%97%90%EB%9C%A8%EC%99%80%20%EB%9F%AD%ED%82%A4%EB%B0%98%EC%86%8C%EC%9A%B0%EC%A3%BC%EB%B3%B52.png',null,'Y',to_timestamp('23/08/22 00:00:00.000000000','RR/MM/DD HH24:MI:SSXFF'),'admin',null,null,'0000021',1,10,0);
Insert into PRODUCT (PRODUCT_ID,CATEGORY_ID,PRODUCT_NM,PRODUCT_CONTENT,PRODUCT_PRICE,PRODUCT_STOCK,PRODUCT_OPTION_FIRST,PRODUCT_OPTION_SECOND,PRODUCT_OPTION_THIRD,PRODUCT_IMAGE_FIRST,PRODUCT_IMAGE_SECOND,PRODUCT_IMAGE_THIRD,STATUS,CREATE_DT,CREATOR,MODIFY_DT,MODIFIER,PRODUCT_CODE,PRODUCT_GROUP_ID,PRODUCT_MAX_GET,DISCOUNT_RATE) values (17,11,'바이레도 바디 로션 집시 워터','BYREDO의 집시 워터 향을 담은 바디 로션입니다. 솔잎의 우디함과 샌들우드의 향이 짙은 앰버와 신선한 시트러스 향과 어우러집니다.',398000,189,'225ml','-','-','https://daitso.s3.ap-northeast-2.amazonaws.com/%EB%B0%94%EC%9D%B4%EB%A0%88%EB%8F%84%20%EB%B0%94%EB%94%94%20%EB%A1%9C%EC%85%98%20%EC%A7%91%EC%8B%9C%20%EC%9B%8C%ED%84%B01.png',null,null,'Y',to_timestamp('23/08/22 00:00:00.000000000','RR/MM/DD HH24:MI:SSXFF'),'admin',null,null,'0000014',23,10,0);
Insert into PRODUCT (PRODUCT_ID,CATEGORY_ID,PRODUCT_NM,PRODUCT_CONTENT,PRODUCT_PRICE,PRODUCT_STOCK,PRODUCT_OPTION_FIRST,PRODUCT_OPTION_SECOND,PRODUCT_OPTION_THIRD,PRODUCT_IMAGE_FIRST,PRODUCT_IMAGE_SECOND,PRODUCT_IMAGE_THIRD,STATUS,CREATE_DT,CREATOR,MODIFY_DT,MODIFIER,PRODUCT_CODE,PRODUCT_GROUP_ID,PRODUCT_MAX_GET,DISCOUNT_RATE) values (497,17,'곰곰 손질 갈치',null,1,1,'test','-','-','https://daitso.s3.ap-northeast-2.amazonaws.com/%EA%B3%B0%EA%B3%B0%20%EC%86%90%EC%A7%88%20%EA%B0%88%EC%B9%98%20%281%29.png','https://daitso.s3.ap-northeast-2.amazonaws.com/%EA%B3%B0%EA%B3%B0%20%EC%86%90%EC%A7%88%20%EA%B0%88%EC%B9%98%20%282%29.png','https://daitso.s3.ap-northeast-2.amazonaws.com/%EA%B3%B0%EA%B3%B0%20%EC%86%90%EC%A7%88%20%EA%B0%88%EC%B9%98%20%283%29.png','N',to_timestamp('23/10/16 01:02:28.432000000','RR/MM/DD HH24:MI:SSXFF'),'admin',to_timestamp('23/10/16 01:02:36.487000000','RR/MM/DD HH24:MI:SSXFF'),'admin','49720231016010228432',80,1,0);
Insert into PRODUCT (PRODUCT_ID,CATEGORY_ID,PRODUCT_NM,PRODUCT_CONTENT,PRODUCT_PRICE,PRODUCT_STOCK,PRODUCT_OPTION_FIRST,PRODUCT_OPTION_SECOND,PRODUCT_OPTION_THIRD,PRODUCT_IMAGE_FIRST,PRODUCT_IMAGE_SECOND,PRODUCT_IMAGE_THIRD,STATUS,CREATE_DT,CREATOR,MODIFY_DT,MODIFIER,PRODUCT_CODE,PRODUCT_GROUP_ID,PRODUCT_MAX_GET,DISCOUNT_RATE) values (498,17,'곰곰 손질 갈치',null,1,1,'test','-','-','https://daitso.s3.ap-northeast-2.amazonaws.com/%EA%B3%B0%EA%B3%B0%20%EC%86%90%EC%A7%88%20%EA%B0%88%EC%B9%98%20%281%29.png','https://daitso.s3.ap-northeast-2.amazonaws.com/%EA%B3%B0%EA%B3%B0%20%EC%86%90%EC%A7%88%20%EA%B0%88%EC%B9%98%20%282%29.png','https://daitso.s3.ap-northeast-2.amazonaws.com/%EA%B3%B0%EA%B3%B0%20%EC%86%90%EC%A7%88%20%EA%B0%88%EC%B9%98%20%283%29.png','N',to_timestamp('23/10/16 01:30:08.110000000','RR/MM/DD HH24:MI:SSXFF'),'admin',to_timestamp('23/10/16 01:30:29.358000000','RR/MM/DD HH24:MI:SSXFF'),'admin','49820231016013008110',80,2,0);
Insert into PRODUCT (PRODUCT_ID,CATEGORY_ID,PRODUCT_NM,PRODUCT_CONTENT,PRODUCT_PRICE,PRODUCT_STOCK,PRODUCT_OPTION_FIRST,PRODUCT_OPTION_SECOND,PRODUCT_OPTION_THIRD,PRODUCT_IMAGE_FIRST,PRODUCT_IMAGE_SECOND,PRODUCT_IMAGE_THIRD,STATUS,CREATE_DT,CREATOR,MODIFY_DT,MODIFIER,PRODUCT_CODE,PRODUCT_GROUP_ID,PRODUCT_MAX_GET,DISCOUNT_RATE) values (501,17,'곰곰 손질 갈치',null,1,1,'-','-','-','https://daitso.s3.ap-northeast-2.amazonaws.com/%EA%B3%B0%EA%B3%B0%20%EC%86%90%EC%A7%88%20%EA%B0%88%EC%B9%98%20%281%29.png','https://daitso.s3.ap-northeast-2.amazonaws.com/%EA%B3%B0%EA%B3%B0%20%EC%86%90%EC%A7%88%20%EA%B0%88%EC%B9%98%20%282%29.png','https://daitso.s3.ap-northeast-2.amazonaws.com/%EA%B3%B0%EA%B3%B0%20%EC%86%90%EC%A7%88%20%EA%B0%88%EC%B9%98%20%283%29.png','N',to_timestamp('23/10/16 01:41:58.157000000','RR/MM/DD HH24:MI:SSXFF'),'admin',to_timestamp('23/10/16 01:42:04.535000000','RR/MM/DD HH24:MI:SSXFF'),'admin','50120231016014158157',80,1,0);
Insert into PRODUCT (PRODUCT_ID,CATEGORY_ID,PRODUCT_NM,PRODUCT_CONTENT,PRODUCT_PRICE,PRODUCT_STOCK,PRODUCT_OPTION_FIRST,PRODUCT_OPTION_SECOND,PRODUCT_OPTION_THIRD,PRODUCT_IMAGE_FIRST,PRODUCT_IMAGE_SECOND,PRODUCT_IMAGE_THIRD,STATUS,CREATE_DT,CREATOR,MODIFY_DT,MODIFIER,PRODUCT_CODE,PRODUCT_GROUP_ID,PRODUCT_MAX_GET,DISCOUNT_RATE) values (514,23,'노르웨이의 숲',null,11111111,2222222,'안녕하세요테스트입다','안녕하세요테스트입니','안녕하세요테스트입니','https://daitso.s3.ap-northeast-2.amazonaws.com/%EB%85%B8%EB%A5%B4%EC%9B%A8%EC%9D%B4%EC%9D%98%20%EC%88%B2%20%281%29.png','https://daitso.s3.ap-northeast-2.amazonaws.com/%EB%85%B8%EB%A5%B4%EC%9B%A8%EC%9D%B4%EC%9D%98%20%EC%88%B2%20%282%29.png','https://daitso.s3.ap-northeast-2.amazonaws.com/%EB%85%B8%EB%A5%B4%EC%9B%A8%EC%9D%B4%EC%9D%98%20%EC%88%B2%283%29.png','N',to_timestamp('23/10/20 00:41:16.232000000','RR/MM/DD HH24:MI:SSXFF'),'admin',to_timestamp('23/10/20 00:43:04.137000000','RR/MM/DD HH24:MI:SSXFF'),'admin','51420231020004116232',82,0,0);
Insert into PRODUCT (PRODUCT_ID,CATEGORY_ID,PRODUCT_NM,PRODUCT_CONTENT,PRODUCT_PRICE,PRODUCT_STOCK,PRODUCT_OPTION_FIRST,PRODUCT_OPTION_SECOND,PRODUCT_OPTION_THIRD,PRODUCT_IMAGE_FIRST,PRODUCT_IMAGE_SECOND,PRODUCT_IMAGE_THIRD,STATUS,CREATE_DT,CREATOR,MODIFY_DT,MODIFIER,PRODUCT_CODE,PRODUCT_GROUP_ID,PRODUCT_MAX_GET,DISCOUNT_RATE) values (515,23,'너의 췌장을 먹고싶어',null,18000,100000,'1','-','-','https://daitso.s3.ap-northeast-2.amazonaws.com/%EB%84%88%EC%9D%98%20%EC%B7%8C%EC%9E%A5%EC%9D%84%20%EB%A8%B9%EA%B3%A0%EC%8B%B6%EC%96%B41.png','null','null','N',to_timestamp('23/10/20 00:44:55.044000000','RR/MM/DD HH24:MI:SSXFF'),'admin',to_timestamp('23/10/20 00:45:07.816000000','RR/MM/DD HH24:MI:SSXFF'),'admin','51520231020004455044',20,100,0);
Insert into PRODUCT (PRODUCT_ID,CATEGORY_ID,PRODUCT_NM,PRODUCT_CONTENT,PRODUCT_PRICE,PRODUCT_STOCK,PRODUCT_OPTION_FIRST,PRODUCT_OPTION_SECOND,PRODUCT_OPTION_THIRD,PRODUCT_IMAGE_FIRST,PRODUCT_IMAGE_SECOND,PRODUCT_IMAGE_THIRD,STATUS,CREATE_DT,CREATOR,MODIFY_DT,MODIFIER,PRODUCT_CODE,PRODUCT_GROUP_ID,PRODUCT_MAX_GET,DISCOUNT_RATE) values (516,26,'밀카 초코 슈프림',null,1,1,'-','-','-','https://daitso.s3.ap-northeast-2.amazonaws.com/%EB%B0%80%EC%B9%B4%20%EC%B4%88%EC%BD%94%20%EC%8A%88%ED%94%84%EB%A6%BC%20%281%29.png','https://daitso.s3.ap-northeast-2.amazonaws.com/%EB%B0%80%EC%B9%B4%20%EC%B4%88%EC%BD%94%20%EC%8A%88%ED%94%84%EB%A6%BC%20%282%29.png','https://daitso.s3.ap-northeast-2.amazonaws.com/%EB%B0%80%EC%B9%B4%20%EC%B4%88%EC%BD%94%20%EC%8A%88%ED%94%84%EB%A6%BC%20%283%29.png','N',to_timestamp('23/10/20 01:00:36.782000000','RR/MM/DD HH24:MI:SSXFF'),'admin',to_timestamp('23/10/20 01:03:05.571000000','RR/MM/DD HH24:MI:SSXFF'),'admin','51620231020010036782',75,1,0);
Insert into PRODUCT (PRODUCT_ID,CATEGORY_ID,PRODUCT_NM,PRODUCT_CONTENT,PRODUCT_PRICE,PRODUCT_STOCK,PRODUCT_OPTION_FIRST,PRODUCT_OPTION_SECOND,PRODUCT_OPTION_THIRD,PRODUCT_IMAGE_FIRST,PRODUCT_IMAGE_SECOND,PRODUCT_IMAGE_THIRD,STATUS,CREATE_DT,CREATOR,MODIFY_DT,MODIFIER,PRODUCT_CODE,PRODUCT_GROUP_ID,PRODUCT_MAX_GET,DISCOUNT_RATE) values (517,26,'밀카 초코 슈프림',null,1414141,414141,'111111111','1111414141','141414','https://daitso.s3.ap-northeast-2.amazonaws.com/%EB%B0%80%EC%B9%B4%20%EC%B4%88%EC%BD%94%20%EC%8A%88%ED%94%84%EB%A6%BC%20%281%29.png','https://daitso.s3.ap-northeast-2.amazonaws.com/%EB%B0%80%EC%B9%B4%20%EC%B4%88%EC%BD%94%20%EC%8A%88%ED%94%84%EB%A6%BC%20%282%29.png','https://daitso.s3.ap-northeast-2.amazonaws.com/%EB%B0%80%EC%B9%B4%20%EC%B4%88%EC%BD%94%20%EC%8A%88%ED%94%84%EB%A6%BC%20%283%29.png','N',to_timestamp('23/10/20 01:03:38.230000000','RR/MM/DD HH24:MI:SSXFF'),'admin',to_timestamp('23/10/26 02:05:52.482000000','RR/MM/DD HH24:MI:SSXFF'),'admin','51720231020010338230',75,4141,0);
Insert into PRODUCT (PRODUCT_ID,CATEGORY_ID,PRODUCT_NM,PRODUCT_CONTENT,PRODUCT_PRICE,PRODUCT_STOCK,PRODUCT_OPTION_FIRST,PRODUCT_OPTION_SECOND,PRODUCT_OPTION_THIRD,PRODUCT_IMAGE_FIRST,PRODUCT_IMAGE_SECOND,PRODUCT_IMAGE_THIRD,STATUS,CREATE_DT,CREATOR,MODIFY_DT,MODIFIER,PRODUCT_CODE,PRODUCT_GROUP_ID,PRODUCT_MAX_GET,DISCOUNT_RATE) values (530,12,'깃테스트',null,100,100,'10','-','-','https://daitso.s3.ap-northeast-2.amazonaws.com/%E1%84%89%E1%85%B3%E1%84%8F%E1%85%B3%E1%84%85%E1%85%B5%E1%86%AB%E1%84%89%E1%85%A3%E1%86%BA%202023-08-14%20%E1%84%8B%E1%85%A9%E1%84%8C%E1%85%A5%E1%86%AB%2012.21.14.png',null,null,'N',to_timestamp('23/10/27 00:22:51.141000000','RR/MM/DD HH24:MI:SSXFF'),'admin',to_timestamp('23/10/27 15:37:09.358000000','RR/MM/DD HH24:MI:SSXFF'),'admin','53020231027002251141',88,100,0);
Insert into PRODUCT (PRODUCT_ID,CATEGORY_ID,PRODUCT_NM,PRODUCT_CONTENT,PRODUCT_PRICE,PRODUCT_STOCK,PRODUCT_OPTION_FIRST,PRODUCT_OPTION_SECOND,PRODUCT_OPTION_THIRD,PRODUCT_IMAGE_FIRST,PRODUCT_IMAGE_SECOND,PRODUCT_IMAGE_THIRD,STATUS,CREATE_DT,CREATOR,MODIFY_DT,MODIFIER,PRODUCT_CODE,PRODUCT_GROUP_ID,PRODUCT_MAX_GET,DISCOUNT_RATE) values (531,12,'깃테스트',null,200,200,'20','-','-','https://daitso.s3.ap-northeast-2.amazonaws.com/%E1%84%89%E1%85%B3%E1%84%8F%E1%85%B3%E1%84%85%E1%85%B5%E1%86%AB%E1%84%89%E1%85%A3%E1%86%BA%202023-08-14%20%E1%84%8B%E1%85%A9%E1%84%8C%E1%85%A5%E1%86%AB%2012.21.14.png',null,'https://daitso.s3.ap-northeast-2.amazonaws.com/git.png','N',to_timestamp('23/10/27 00:23:20.167000000','RR/MM/DD HH24:MI:SSXFF'),'admin',to_timestamp('23/10/27 15:37:09.358000000','RR/MM/DD HH24:MI:SSXFF'),'admin','53120231027002320167',88,200,0);
Insert into PRODUCT (PRODUCT_ID,CATEGORY_ID,PRODUCT_NM,PRODUCT_CONTENT,PRODUCT_PRICE,PRODUCT_STOCK,PRODUCT_OPTION_FIRST,PRODUCT_OPTION_SECOND,PRODUCT_OPTION_THIRD,PRODUCT_IMAGE_FIRST,PRODUCT_IMAGE_SECOND,PRODUCT_IMAGE_THIRD,STATUS,CREATE_DT,CREATOR,MODIFY_DT,MODIFIER,PRODUCT_CODE,PRODUCT_GROUP_ID,PRODUCT_MAX_GET,DISCOUNT_RATE) values (536,4,'윤상영',null,100,100,'100','100','100','https://daitso.s3.ap-northeast-2.amazonaws.com/%EB%8B%A4%EC%9A%B4%EB%A1%9C%EB%93%9C.jpg','https://daitso.s3.ap-northeast-2.amazonaws.com/Rengoku%20x%20Siempre%20_Los%20Pilares%20KnY.jpg','https://daitso.s3.ap-northeast-2.amazonaws.com/Hoshino%20Ai%C2%A0%28%E6%98%9F%E9%87%8E%20%E3%82%A2%E3%82%A4%29.jpg','N',to_timestamp('23/10/27 15:45:05.368000000','RR/MM/DD HH24:MI:SSXFF'),'admin',to_timestamp('23/10/30 10:16:07.353000000','RR/MM/DD HH24:MI:SSXFF'),'admin','53620231027154505368',91,100,0);
Insert into PRODUCT (PRODUCT_ID,CATEGORY_ID,PRODUCT_NM,PRODUCT_CONTENT,PRODUCT_PRICE,PRODUCT_STOCK,PRODUCT_OPTION_FIRST,PRODUCT_OPTION_SECOND,PRODUCT_OPTION_THIRD,PRODUCT_IMAGE_FIRST,PRODUCT_IMAGE_SECOND,PRODUCT_IMAGE_THIRD,STATUS,CREATE_DT,CREATOR,MODIFY_DT,MODIFIER,PRODUCT_CODE,PRODUCT_GROUP_ID,PRODUCT_MAX_GET,DISCOUNT_RATE) values (537,4,'윤상영',null,200,200,'200','200','200','https://daitso.s3.ap-northeast-2.amazonaws.com/%EB%8B%A4%EC%9A%B4%EB%A1%9C%EB%93%9C.jpg','https://daitso.s3.ap-northeast-2.amazonaws.com/Rengoku%20x%20Siempre%20_Los%20Pilares%20KnY.jpg','https://daitso.s3.ap-northeast-2.amazonaws.com/Hoshino%20Ai%C2%A0%28%E6%98%9F%E9%87%8E%20%E3%82%A2%E3%82%A4%29.jpg','N',to_timestamp('23/10/27 15:45:20.834000000','RR/MM/DD HH24:MI:SSXFF'),'admin',to_timestamp('23/10/30 10:16:07.353000000','RR/MM/DD HH24:MI:SSXFF'),'admin','53720231027154520834',91,200,0);
commit;
REM INSERTING into PURCHASE
SET DEFINE OFF;
Insert into PURCHASE (PURCHASE_ID,PRODUCT_ID,CUSTOMER_ID,SHIPPING_ID,PURCHASE_NUM,PURCHASE_COUNT,PURCHASE_PRICE,TOTAL_COST,ORDER_REQUEST,PURCHASE_DV,STATUS,CREATE_DT,MODIFY_DT,MODIFIER,CREATOR) values (55,150,17,51,'20231011110710000000864',2,32149,32149,'경비실',403,'Y',to_timestamp('23/10/11 11:07:29.694000000','RR/MM/DD HH24:MI:SSXFF'),to_timestamp('23/10/28 18:05:30.428000000','RR/MM/DD HH24:MI:SSXFF'),'admin','17');
Insert into PURCHASE (PURCHASE_ID,PRODUCT_ID,CUSTOMER_ID,SHIPPING_ID,PURCHASE_NUM,PURCHASE_COUNT,PURCHASE_PRICE,TOTAL_COST,ORDER_REQUEST,PURCHASE_DV,STATUS,CREATE_DT,MODIFY_DT,MODIFIER,CREATOR) values (62,11,29,44,'20231011113136000000353',1,10000,89500,'경비실',403,'Y',to_timestamp('23/10/11 11:32:13.685000000','RR/MM/DD HH24:MI:SSXFF'),to_timestamp('23/10/11 11:34:31.391000000','RR/MM/DD HH24:MI:SSXFF'),'admin','29');
Insert into PURCHASE (PURCHASE_ID,PRODUCT_ID,CUSTOMER_ID,SHIPPING_ID,PURCHASE_NUM,PURCHASE_COUNT,PURCHASE_PRICE,TOTAL_COST,ORDER_REQUEST,PURCHASE_DV,STATUS,CREATE_DT,MODIFY_DT,MODIFIER,CREATOR) values (63,16,29,44,'20231011113136000000353',3,79500,89500,'경비실',402,'Y',to_timestamp('23/10/11 11:32:13.685000000','RR/MM/DD HH24:MI:SSXFF'),to_timestamp('23/10/13 10:47:43.179000000','RR/MM/DD HH24:MI:SSXFF'),'admin','29');
Insert into PURCHASE (PURCHASE_ID,PRODUCT_ID,CUSTOMER_ID,SHIPPING_ID,PURCHASE_NUM,PURCHASE_COUNT,PURCHASE_PRICE,TOTAL_COST,ORDER_REQUEST,PURCHASE_DV,STATUS,CREATE_DT,MODIFY_DT,MODIFIER,CREATOR) values (6,19,17,2,'주문번호test9',1,90000,90000,'경비실test',402,'Y',to_timestamp('23/09/18 14:35:30.719000000','RR/MM/DD HH24:MI:SSXFF'),null,null,'0');
Insert into PURCHASE (PURCHASE_ID,PRODUCT_ID,CUSTOMER_ID,SHIPPING_ID,PURCHASE_NUM,PURCHASE_COUNT,PURCHASE_PRICE,TOTAL_COST,ORDER_REQUEST,PURCHASE_DV,STATUS,CREATE_DT,MODIFY_DT,MODIFIER,CREATOR) values (7,19,17,2,'주문번호test9',1,90000,90000,'경비실test',401,'Y',to_timestamp('23/09/18 14:35:34.275000000','RR/MM/DD HH24:MI:SSXFF'),to_timestamp('23/09/22 11:31:59.399000000','RR/MM/DD HH24:MI:SSXFF'),'admin','0');
Insert into PURCHASE (PURCHASE_ID,PRODUCT_ID,CUSTOMER_ID,SHIPPING_ID,PURCHASE_NUM,PURCHASE_COUNT,PURCHASE_PRICE,TOTAL_COST,ORDER_REQUEST,PURCHASE_DV,STATUS,CREATE_DT,MODIFY_DT,MODIFIER,CREATOR) values (8,19,17,2,'주문번호test9',1,90000,90000,'경비실test',403,'Y',to_timestamp('23/09/18 14:35:36.122000000','RR/MM/DD HH24:MI:SSXFF'),null,null,'0');
Insert into PURCHASE (PURCHASE_ID,PRODUCT_ID,CUSTOMER_ID,SHIPPING_ID,PURCHASE_NUM,PURCHASE_COUNT,PURCHASE_PRICE,TOTAL_COST,ORDER_REQUEST,PURCHASE_DV,STATUS,CREATE_DT,MODIFY_DT,MODIFIER,CREATOR) values (9,19,17,2,'주문번호test9',1,90000,90000,'경비실test',402,'Y',to_timestamp('23/09/18 14:35:38.027000000','RR/MM/DD HH24:MI:SSXFF'),to_timestamp('23/09/21 00:34:05.457000000','RR/MM/DD HH24:MI:SSXFF'),'admin','0');
Insert into PURCHASE (PURCHASE_ID,PRODUCT_ID,CUSTOMER_ID,SHIPPING_ID,PURCHASE_NUM,PURCHASE_COUNT,PURCHASE_PRICE,TOTAL_COST,ORDER_REQUEST,PURCHASE_DV,STATUS,CREATE_DT,MODIFY_DT,MODIFIER,CREATOR) values (29,11,16,8,'20230918035927000000414',2,19000,9600,'문 앞',401,'Y',to_timestamp('23/09/18 17:16:55.051000000','RR/MM/DD HH24:MI:SSXFF'),null,null,'0');
Insert into PURCHASE (PURCHASE_ID,PRODUCT_ID,CUSTOMER_ID,SHIPPING_ID,PURCHASE_NUM,PURCHASE_COUNT,PURCHASE_PRICE,TOTAL_COST,ORDER_REQUEST,PURCHASE_DV,STATUS,CREATE_DT,MODIFY_DT,MODIFIER,CREATOR) values (33,27,16,15,'20230919021014000000938',1,51300,100800,'문 앞',401,'Y',to_timestamp('23/09/19 14:10:35.945000000','RR/MM/DD HH24:MI:SSXFF'),null,null,'0');
Insert into PURCHASE (PURCHASE_ID,PRODUCT_ID,CUSTOMER_ID,SHIPPING_ID,PURCHASE_NUM,PURCHASE_COUNT,PURCHASE_PRICE,TOTAL_COST,ORDER_REQUEST,PURCHASE_DV,STATUS,CREATE_DT,MODIFY_DT,MODIFIER,CREATOR) values (35,369,16,4,'20230919055144000000741',1,123,123,'직접 받고 부재 시 문 앞',401,'Y',to_timestamp('23/09/19 17:52:06.847000000','RR/MM/DD HH24:MI:SSXFF'),null,null,'16');
Insert into PURCHASE (PURCHASE_ID,PRODUCT_ID,CUSTOMER_ID,SHIPPING_ID,PURCHASE_NUM,PURCHASE_COUNT,PURCHASE_PRICE,TOTAL_COST,ORDER_REQUEST,PURCHASE_DV,STATUS,CREATE_DT,MODIFY_DT,MODIFIER,CREATOR) values (38,11,16,15,'20230919055517000000790',1,10000,10000,'문 앞',403,'Y',to_timestamp('23/09/19 17:56:47.919000000','RR/MM/DD HH24:MI:SSXFF'),to_timestamp('23/09/26 15:58:51.968000000','RR/MM/DD HH24:MI:SSXFF'),'admin','16');
Insert into PURCHASE (PURCHASE_ID,PRODUCT_ID,CUSTOMER_ID,SHIPPING_ID,PURCHASE_NUM,PURCHASE_COUNT,PURCHASE_PRICE,TOTAL_COST,ORDER_REQUEST,PURCHASE_DV,STATUS,CREATE_DT,MODIFY_DT,MODIFIER,CREATOR) values (45,16,16,4,'20230921022134000000882',1,23931,23931,'직접 받고 부재 시 문 앞',401,'Y',to_timestamp('23/09/21 14:21:54.268000000','RR/MM/DD HH24:MI:SSXFF'),to_timestamp('23/09/22 15:05:20.520000000','RR/MM/DD HH24:MI:SSXFF'),'admin','16');
Insert into PURCHASE (PURCHASE_ID,PRODUCT_ID,CUSTOMER_ID,SHIPPING_ID,PURCHASE_NUM,PURCHASE_COUNT,PURCHASE_PRICE,TOTAL_COST,ORDER_REQUEST,PURCHASE_DV,STATUS,CREATE_DT,MODIFY_DT,MODIFIER,CREATOR) values (48,17,16,27,'20230927033728000000133',1,358200,405400,'경비실',402,'Y',to_timestamp('23/09/27 15:37:48.086000000','RR/MM/DD HH24:MI:SSXFF'),to_timestamp('23/10/02 09:07:13.304000000','RR/MM/DD HH24:MI:SSXFF'),'admin','16');
Insert into PURCHASE (PURCHASE_ID,PRODUCT_ID,CUSTOMER_ID,SHIPPING_ID,PURCHASE_NUM,PURCHASE_COUNT,PURCHASE_PRICE,TOTAL_COST,ORDER_REQUEST,PURCHASE_DV,STATUS,CREATE_DT,MODIFY_DT,MODIFIER,CREATOR) values (18,36,17,2,'주문번호test10',1,90000,90000,'경비실test',401,'Y',to_timestamp('23/09/18 14:49:17.049000000','RR/MM/DD HH24:MI:SSXFF'),null,null,'0');
Insert into PURCHASE (PURCHASE_ID,PRODUCT_ID,CUSTOMER_ID,SHIPPING_ID,PURCHASE_NUM,PURCHASE_COUNT,PURCHASE_PRICE,TOTAL_COST,ORDER_REQUEST,PURCHASE_DV,STATUS,CREATE_DT,MODIFY_DT,MODIFIER,CREATOR) values (19,36,17,2,'주문번호test10',1,90000,90000,'경비실test',402,'Y',to_timestamp('23/09/18 14:49:22.690000000','RR/MM/DD HH24:MI:SSXFF'),null,null,'0');
Insert into PURCHASE (PURCHASE_ID,PRODUCT_ID,CUSTOMER_ID,SHIPPING_ID,PURCHASE_NUM,PURCHASE_COUNT,PURCHASE_PRICE,TOTAL_COST,ORDER_REQUEST,PURCHASE_DV,STATUS,CREATE_DT,MODIFY_DT,MODIFIER,CREATOR) values (20,22,17,2,'주문번호test11',1,90000,90000,'경비실test',402,'Y',to_timestamp('23/09/18 14:49:48.699000000','RR/MM/DD HH24:MI:SSXFF'),to_timestamp('23/09/25 22:34:39.576000000','RR/MM/DD HH24:MI:SSXFF'),'admin','0');
Insert into PURCHASE (PURCHASE_ID,PRODUCT_ID,CUSTOMER_ID,SHIPPING_ID,PURCHASE_NUM,PURCHASE_COUNT,PURCHASE_PRICE,TOTAL_COST,ORDER_REQUEST,PURCHASE_DV,STATUS,CREATE_DT,MODIFY_DT,MODIFIER,CREATOR) values (21,22,17,2,'주문번호test12',1,90000,90000,'경비실test',402,'Y',to_timestamp('23/09/18 14:49:52.454000000','RR/MM/DD HH24:MI:SSXFF'),to_timestamp('23/10/10 17:53:53.823000000','RR/MM/DD HH24:MI:SSXFF'),'admin','0');
Insert into PURCHASE (PURCHASE_ID,PRODUCT_ID,CUSTOMER_ID,SHIPPING_ID,PURCHASE_NUM,PURCHASE_COUNT,PURCHASE_PRICE,TOTAL_COST,ORDER_REQUEST,PURCHASE_DV,STATUS,CREATE_DT,MODIFY_DT,MODIFIER,CREATOR) values (22,23,17,2,'주문번호test13',1,90000,90000,'경비실test',401,'Y',to_timestamp('23/09/18 14:49:58.268000000','RR/MM/DD HH24:MI:SSXFF'),null,null,'0');
Insert into PURCHASE (PURCHASE_ID,PRODUCT_ID,CUSTOMER_ID,SHIPPING_ID,PURCHASE_NUM,PURCHASE_COUNT,PURCHASE_PRICE,TOTAL_COST,ORDER_REQUEST,PURCHASE_DV,STATUS,CREATE_DT,MODIFY_DT,MODIFIER,CREATOR) values (23,23,17,2,'주문번호test14',1,90000,90000,'경비실test',403,'Y',to_timestamp('23/09/18 14:50:01.437000000','RR/MM/DD HH24:MI:SSXFF'),to_timestamp('23/09/23 23:19:29.928000000','RR/MM/DD HH24:MI:SSXFF'),'admin','0');
Insert into PURCHASE (PURCHASE_ID,PRODUCT_ID,CUSTOMER_ID,SHIPPING_ID,PURCHASE_NUM,PURCHASE_COUNT,PURCHASE_PRICE,TOTAL_COST,ORDER_REQUEST,PURCHASE_DV,STATUS,CREATE_DT,MODIFY_DT,MODIFIER,CREATOR) values (24,35,17,2,'주문번호test14',1,90000,90000,'경비실test',401,'Y',to_timestamp('23/09/18 14:50:04.332000000','RR/MM/DD HH24:MI:SSXFF'),null,null,'0');
Insert into PURCHASE (PURCHASE_ID,PRODUCT_ID,CUSTOMER_ID,SHIPPING_ID,PURCHASE_NUM,PURCHASE_COUNT,PURCHASE_PRICE,TOTAL_COST,ORDER_REQUEST,PURCHASE_DV,STATUS,CREATE_DT,MODIFY_DT,MODIFIER,CREATOR) values (25,2,17,2,'주문번호test15',1,90000,90000,'경비실test',401,'Y',to_timestamp('23/09/18 14:50:09.823000000','RR/MM/DD HH24:MI:SSXFF'),to_timestamp('23/10/13 10:49:13.696000000','RR/MM/DD HH24:MI:SSXFF'),'admin','0');
Insert into PURCHASE (PURCHASE_ID,PRODUCT_ID,CUSTOMER_ID,SHIPPING_ID,PURCHASE_NUM,PURCHASE_COUNT,PURCHASE_PRICE,TOTAL_COST,ORDER_REQUEST,PURCHASE_DV,STATUS,CREATE_DT,MODIFY_DT,MODIFIER,CREATOR) values (27,5,17,2,'주문번호test16',1,90000,90000,'경비실test',401,'Y',to_timestamp('23/09/18 14:50:22.930000000','RR/MM/DD HH24:MI:SSXFF'),to_timestamp('23/09/22 17:19:20.651000000','RR/MM/DD HH24:MI:SSXFF'),'admin','0');
Insert into PURCHASE (PURCHASE_ID,PRODUCT_ID,CUSTOMER_ID,SHIPPING_ID,PURCHASE_NUM,PURCHASE_COUNT,PURCHASE_PRICE,TOTAL_COST,ORDER_REQUEST,PURCHASE_DV,STATUS,CREATE_DT,MODIFY_DT,MODIFIER,CREATOR) values (66,19,29,44,'20231011115513000000727',1,40000,40000,'경비실',403,'Y',to_timestamp('23/10/11 11:55:34.532000000','RR/MM/DD HH24:MI:SSXFF'),to_timestamp('23/10/11 11:56:07.642000000','RR/MM/DD HH24:MI:SSXFF'),'admin','29');
Insert into PURCHASE (PURCHASE_ID,PRODUCT_ID,CUSTOMER_ID,SHIPPING_ID,PURCHASE_NUM,PURCHASE_COUNT,PURCHASE_PRICE,TOTAL_COST,ORDER_REQUEST,PURCHASE_DV,STATUS,CREATE_DT,MODIFY_DT,MODIFIER,CREATOR) values (68,475,29,44,'20231011121743000000630',1,4140,4140,'경비실',403,'Y',to_timestamp('23/10/11 12:18:02.686000000','RR/MM/DD HH24:MI:SSXFF'),to_timestamp('23/10/11 12:18:20.756000000','RR/MM/DD HH24:MI:SSXFF'),'admin','29');
Insert into PURCHASE (PURCHASE_ID,PRODUCT_ID,CUSTOMER_ID,SHIPPING_ID,PURCHASE_NUM,PURCHASE_COUNT,PURCHASE_PRICE,TOTAL_COST,ORDER_REQUEST,PURCHASE_DV,STATUS,CREATE_DT,MODIFY_DT,MODIFIER,CREATOR) values (158,468,27,66,'20231020014600000000297',1,13205,13205,'문 앞',403,'Y',to_timestamp('23/10/20 13:46:19.728000000','RR/MM/DD HH24:MI:SSXFF'),to_timestamp('23/10/26 19:57:42.581000000','RR/MM/DD HH24:MI:SSXFF'),'admin','27');
Insert into PURCHASE (PURCHASE_ID,PRODUCT_ID,CUSTOMER_ID,SHIPPING_ID,PURCHASE_NUM,PURCHASE_COUNT,PURCHASE_PRICE,TOTAL_COST,ORDER_REQUEST,PURCHASE_DV,STATUS,CREATE_DT,MODIFY_DT,MODIFIER,CREATOR) values (159,18,28,62,'20231020033205000000224',2,369000,414000,'택배함',402,'Y',to_timestamp('23/10/20 15:32:28.121000000','RR/MM/DD HH24:MI:SSXFF'),to_timestamp('23/10/23 00:03:19.712000000','RR/MM/DD HH24:MI:SSXFF'),'admin','28');
Insert into PURCHASE (PURCHASE_ID,PRODUCT_ID,CUSTOMER_ID,SHIPPING_ID,PURCHASE_NUM,PURCHASE_COUNT,PURCHASE_PRICE,TOTAL_COST,ORDER_REQUEST,PURCHASE_DV,STATUS,CREATE_DT,MODIFY_DT,MODIFIER,CREATOR) values (160,3,28,62,'20231020033205000000224',5,45000,414000,'택배함',403,'Y',to_timestamp('23/10/20 15:32:28.121000000','RR/MM/DD HH24:MI:SSXFF'),to_timestamp('23/10/23 10:36:08.177000000','RR/MM/DD HH24:MI:SSXFF'),'admin','28');
Insert into PURCHASE (PURCHASE_ID,PRODUCT_ID,CUSTOMER_ID,SHIPPING_ID,PURCHASE_NUM,PURCHASE_COUNT,PURCHASE_PRICE,TOTAL_COST,ORDER_REQUEST,PURCHASE_DV,STATUS,CREATE_DT,MODIFY_DT,MODIFIER,CREATOR) values (202,28,17,51,'20231025040405000000904',1,10000,415765,'경비실',402,'Y',to_timestamp('23/10/25 16:04:22.489000000','RR/MM/DD HH24:MI:SSXFF'),to_timestamp('23/10/26 19:48:56.620000000','RR/MM/DD HH24:MI:SSXFF'),'admin','17');
Insert into PURCHASE (PURCHASE_ID,PRODUCT_ID,CUSTOMER_ID,SHIPPING_ID,PURCHASE_NUM,PURCHASE_COUNT,PURCHASE_PRICE,TOTAL_COST,ORDER_REQUEST,PURCHASE_DV,STATUS,CREATE_DT,MODIFY_DT,MODIFIER,CREATOR) values (206,30,14,93,'20231025040838000000472',1,51750,144540,'직접 받고 부재 시 문 앞',401,'Y',to_timestamp('23/10/25 16:08:57.060000000','RR/MM/DD HH24:MI:SSXFF'),to_timestamp('23/10/27 09:08:27.610000000','RR/MM/DD HH24:MI:SSXFF'),'admin','14');
Insert into PURCHASE (PURCHASE_ID,PRODUCT_ID,CUSTOMER_ID,SHIPPING_ID,PURCHASE_NUM,PURCHASE_COUNT,PURCHASE_PRICE,TOTAL_COST,ORDER_REQUEST,PURCHASE_DV,STATUS,CREATE_DT,MODIFY_DT,MODIFIER,CREATOR) values (214,6,16,52,'20231026102624000000536',5,45000,100000,'문 앞',402,'Y',to_timestamp('23/10/26 10:26:50.170000000','RR/MM/DD HH24:MI:SSXFF'),to_timestamp('23/10/26 18:25:26.097000000','RR/MM/DD HH24:MI:SSXFF'),'admin','16');
Insert into PURCHASE (PURCHASE_ID,PRODUCT_ID,CUSTOMER_ID,SHIPPING_ID,PURCHASE_NUM,PURCHASE_COUNT,PURCHASE_PRICE,TOTAL_COST,ORDER_REQUEST,PURCHASE_DV,STATUS,CREATE_DT,MODIFY_DT,MODIFIER,CREATOR) values (42,11,16,4,'20230919072742000000572',3,9600,28800,'직접 받고 부재 시 문 앞',402,'Y',to_timestamp('23/09/19 19:28:05.932000000','RR/MM/DD HH24:MI:SSXFF'),null,null,'16');
Insert into PURCHASE (PURCHASE_ID,PRODUCT_ID,CUSTOMER_ID,SHIPPING_ID,PURCHASE_NUM,PURCHASE_COUNT,PURCHASE_PRICE,TOTAL_COST,ORDER_REQUEST,PURCHASE_DV,STATUS,CREATE_DT,MODIFY_DT,MODIFIER,CREATOR) values (54,457,27,42,'20231010111526000000891',1,21970,21970,'문 앞',403,'Y',to_timestamp('23/10/10 11:15:45.918000000','RR/MM/DD HH24:MI:SSXFF'),to_timestamp('23/10/12 09:27:42.708000000','RR/MM/DD HH24:MI:SSXFF'),'admin','27');
Insert into PURCHASE (PURCHASE_ID,PRODUCT_ID,CUSTOMER_ID,SHIPPING_ID,PURCHASE_NUM,PURCHASE_COUNT,PURCHASE_PRICE,TOTAL_COST,ORDER_REQUEST,PURCHASE_DV,STATUS,CREATE_DT,MODIFY_DT,MODIFIER,CREATOR) values (56,9,17,51,'20231011110838000000444',2,20000,20000,'경비실',401,'Y',to_timestamp('23/10/11 11:08:54.203000000','RR/MM/DD HH24:MI:SSXFF'),null,null,'17');
Insert into PURCHASE (PURCHASE_ID,PRODUCT_ID,CUSTOMER_ID,SHIPPING_ID,PURCHASE_NUM,PURCHASE_COUNT,PURCHASE_PRICE,TOTAL_COST,ORDER_REQUEST,PURCHASE_DV,STATUS,CREATE_DT,MODIFY_DT,MODIFIER,CREATOR) values (59,471,17,51,'20231011111504000000199',3,12150,12150,'경비실',403,'Y',to_timestamp('23/10/11 11:15:18.607000000','RR/MM/DD HH24:MI:SSXFF'),to_timestamp('23/10/28 18:05:45.666000000','RR/MM/DD HH24:MI:SSXFF'),'admin','17');
Insert into PURCHASE (PURCHASE_ID,PRODUCT_ID,CUSTOMER_ID,SHIPPING_ID,PURCHASE_NUM,PURCHASE_COUNT,PURCHASE_PRICE,TOTAL_COST,ORDER_REQUEST,PURCHASE_DV,STATUS,CREATE_DT,MODIFY_DT,MODIFIER,CREATOR) values (67,11,29,44,'20231011121618000000230',1,10000,10000,'경비실',403,'Y',to_timestamp('23/10/11 12:16:37.829000000','RR/MM/DD HH24:MI:SSXFF'),to_timestamp('23/10/11 12:16:57.831000000','RR/MM/DD HH24:MI:SSXFF'),'admin','29');
Insert into PURCHASE (PURCHASE_ID,PRODUCT_ID,CUSTOMER_ID,SHIPPING_ID,PURCHASE_NUM,PURCHASE_COUNT,PURCHASE_PRICE,TOTAL_COST,ORDER_REQUEST,PURCHASE_DV,STATUS,CREATE_DT,MODIFY_DT,MODIFIER,CREATOR) values (72,3,17,51,'20231011031152000000730',3,27000,27000,'경비실',401,'Y',to_timestamp('23/10/11 15:12:06.244000000','RR/MM/DD HH24:MI:SSXFF'),to_timestamp('23/10/12 10:46:11.344000000','RR/MM/DD HH24:MI:SSXFF'),'admin','17');
Insert into PURCHASE (PURCHASE_ID,PRODUCT_ID,CUSTOMER_ID,SHIPPING_ID,PURCHASE_NUM,PURCHASE_COUNT,PURCHASE_PRICE,TOTAL_COST,ORDER_REQUEST,PURCHASE_DV,STATUS,CREATE_DT,MODIFY_DT,MODIFIER,CREATOR) values (91,41,17,51,'20231013122751000000614',1,1000,399000,'경비실',403,'Y',to_timestamp('23/10/13 00:28:11.544000000','RR/MM/DD HH24:MI:SSXFF'),to_timestamp('23/10/19 16:23:19.762000000','RR/MM/DD HH24:MI:SSXFF'),'admin','17');
Insert into PURCHASE (PURCHASE_ID,PRODUCT_ID,CUSTOMER_ID,SHIPPING_ID,PURCHASE_NUM,PURCHASE_COUNT,PURCHASE_PRICE,TOTAL_COST,ORDER_REQUEST,PURCHASE_DV,STATUS,CREATE_DT,MODIFY_DT,MODIFIER,CREATOR) values (93,372,27,58,'20231013093149000000386',1,10000,10000,'직접 받고 부재 시 문 앞',401,'Y',to_timestamp('23/10/13 09:32:38.224000000','RR/MM/DD HH24:MI:SSXFF'),null,null,'27');
Insert into PURCHASE (PURCHASE_ID,PRODUCT_ID,CUSTOMER_ID,SHIPPING_ID,PURCHASE_NUM,PURCHASE_COUNT,PURCHASE_PRICE,TOTAL_COST,ORDER_REQUEST,PURCHASE_DV,STATUS,CREATE_DT,MODIFY_DT,MODIFIER,CREATOR) values (157,509,28,62,'20231020112418000000552',1,15300,15300,'택배함',403,'Y',to_timestamp('23/10/20 11:24:40.775000000','RR/MM/DD HH24:MI:SSXFF'),to_timestamp('23/10/23 10:36:12.550000000','RR/MM/DD HH24:MI:SSXFF'),'admin','28');
Insert into PURCHASE (PURCHASE_ID,PRODUCT_ID,CUSTOMER_ID,SHIPPING_ID,PURCHASE_NUM,PURCHASE_COUNT,PURCHASE_PRICE,TOTAL_COST,ORDER_REQUEST,PURCHASE_DV,STATUS,CREATE_DT,MODIFY_DT,MODIFIER,CREATOR) values (209,17,42,94,'20231026092508000000215',9,3582000,4449000,'경비실',402,'Y',to_timestamp('23/10/26 09:25:24.560000000','RR/MM/DD HH24:MI:SSXFF'),to_timestamp('23/10/26 19:38:05.446000000','RR/MM/DD HH24:MI:SSXFF'),'admin','42');
Insert into PURCHASE (PURCHASE_ID,PRODUCT_ID,CUSTOMER_ID,SHIPPING_ID,PURCHASE_NUM,PURCHASE_COUNT,PURCHASE_PRICE,TOTAL_COST,ORDER_REQUEST,PURCHASE_DV,STATUS,CREATE_DT,MODIFY_DT,MODIFIER,CREATOR) values (220,3,17,51,'20231028073618000000093',1,9000,9000,'경비실',403,'Y',to_timestamp('23/10/28 19:36:39.893000000','RR/MM/DD HH24:MI:SSXFF'),to_timestamp('23/10/28 19:37:57.359000000','RR/MM/DD HH24:MI:SSXFF'),'admin','17');
Insert into PURCHASE (PURCHASE_ID,PRODUCT_ID,CUSTOMER_ID,SHIPPING_ID,PURCHASE_NUM,PURCHASE_COUNT,PURCHASE_PRICE,TOTAL_COST,ORDER_REQUEST,PURCHASE_DV,STATUS,CREATE_DT,MODIFY_DT,MODIFIER,CREATOR) values (1,251,102,1,'주문번호test',2,1000,1000,'문앞test',403,'Y',to_timestamp('23/09/13 09:14:52.638000000','RR/MM/DD HH24:MI:SSXFF'),to_timestamp('23/10/12 13:27:34.986000000','RR/MM/DD HH24:MI:SSXFF'),'admin','0');
Insert into PURCHASE (PURCHASE_ID,PRODUCT_ID,CUSTOMER_ID,SHIPPING_ID,PURCHASE_NUM,PURCHASE_COUNT,PURCHASE_PRICE,TOTAL_COST,ORDER_REQUEST,PURCHASE_DV,STATUS,CREATE_DT,MODIFY_DT,MODIFIER,CREATOR) values (60,470,17,51,'20231011111750000000117',1,4000,4000,'경비실',403,'Y',to_timestamp('23/08/11 11:18:05.387000000','RR/MM/DD HH24:MI:SSXFF'),to_timestamp('23/10/28 18:05:18.643000000','RR/MM/DD HH24:MI:SSXFF'),'admin','17');
Insert into PURCHASE (PURCHASE_ID,PRODUCT_ID,CUSTOMER_ID,SHIPPING_ID,PURCHASE_NUM,PURCHASE_COUNT,PURCHASE_PRICE,TOTAL_COST,ORDER_REQUEST,PURCHASE_DV,STATUS,CREATE_DT,MODIFY_DT,MODIFIER,CREATOR) values (65,22,17,51,'20231011113801000000150',5,2450000,2450000,'경비실',401,'Y',to_timestamp('23/10/06 11:38:20.488000000','RR/MM/DD HH24:MI:SSXFF'),null,null,'17');
Insert into PURCHASE (PURCHASE_ID,PRODUCT_ID,CUSTOMER_ID,SHIPPING_ID,PURCHASE_NUM,PURCHASE_COUNT,PURCHASE_PRICE,TOTAL_COST,ORDER_REQUEST,PURCHASE_DV,STATUS,CREATE_DT,MODIFY_DT,MODIFIER,CREATOR) values (41,137,16,4,'20230919072523000000627',1,13500,13500,'직접 받고 부재 시 문 앞',402,'Y',to_timestamp('23/09/19 19:25:42.202000000','RR/MM/DD HH24:MI:SSXFF'),to_timestamp('23/09/21 16:23:06.499000000','RR/MM/DD HH24:MI:SSXFF'),'admin','16');
Insert into PURCHASE (PURCHASE_ID,PRODUCT_ID,CUSTOMER_ID,SHIPPING_ID,PURCHASE_NUM,PURCHASE_COUNT,PURCHASE_PRICE,TOTAL_COST,ORDER_REQUEST,PURCHASE_DV,STATUS,CREATE_DT,MODIFY_DT,MODIFIER,CREATOR) values (43,35,20,22,'20230919074431000000653',1,17900,17900,'양정열 입으로 갖다주세요!',401,'Y',to_timestamp('23/09/19 19:44:47.230000000','RR/MM/DD HH24:MI:SSXFF'),to_timestamp('23/09/25 09:09:52.312000000','RR/MM/DD HH24:MI:SSXFF'),'admin','20');
Insert into PURCHASE (PURCHASE_ID,PRODUCT_ID,CUSTOMER_ID,SHIPPING_ID,PURCHASE_NUM,PURCHASE_COUNT,PURCHASE_PRICE,TOTAL_COST,ORDER_REQUEST,PURCHASE_DV,STATUS,CREATE_DT,MODIFY_DT,MODIFIER,CREATOR) values (46,41,16,4,'20230921023433000000637',1,1000,1000,'직접 받고 부재 시 문 앞',401,'Y',to_timestamp('23/09/05 14:34:47.298000000','RR/MM/DD HH24:MI:SSXFF'),to_timestamp('23/09/26 16:11:59.744000000','RR/MM/DD HH24:MI:SSXFF'),'admin','16');
Insert into PURCHASE (PURCHASE_ID,PRODUCT_ID,CUSTOMER_ID,SHIPPING_ID,PURCHASE_NUM,PURCHASE_COUNT,PURCHASE_PRICE,TOTAL_COST,ORDER_REQUEST,PURCHASE_DV,STATUS,CREATE_DT,MODIFY_DT,MODIFIER,CREATOR) values (47,9,16,27,'20230927033728000000133',4,40000,405400,'경비실',403,'Y',to_timestamp('23/09/27 15:37:48.082000000','RR/MM/DD HH24:MI:SSXFF'),to_timestamp('23/10/17 23:54:43.813000000','RR/MM/DD HH24:MI:SSXFF'),'admin','16');
Insert into PURCHASE (PURCHASE_ID,PRODUCT_ID,CUSTOMER_ID,SHIPPING_ID,PURCHASE_NUM,PURCHASE_COUNT,PURCHASE_PRICE,TOTAL_COST,ORDER_REQUEST,PURCHASE_DV,STATUS,CREATE_DT,MODIFY_DT,MODIFIER,CREATOR) values (125,488,28,62,'20231018055505000000434',1,88000,88000,'택배함',403,'Y',to_timestamp('23/10/18 17:55:23.949000000','RR/MM/DD HH24:MI:SSXFF'),to_timestamp('23/10/18 18:01:24.274000000','RR/MM/DD HH24:MI:SSXFF'),'admin','28');
Insert into PURCHASE (PURCHASE_ID,PRODUCT_ID,CUSTOMER_ID,SHIPPING_ID,PURCHASE_NUM,PURCHASE_COUNT,PURCHASE_PRICE,TOTAL_COST,ORDER_REQUEST,PURCHASE_DV,STATUS,CREATE_DT,MODIFY_DT,MODIFIER,CREATOR) values (205,21,17,51,'20231025040405000000904',1,324000,415765,'경비실',403,'Y',to_timestamp('23/10/25 16:04:22.491000000','RR/MM/DD HH24:MI:SSXFF'),to_timestamp('23/10/26 19:38:23.024000000','RR/MM/DD HH24:MI:SSXFF'),'admin','17');
Insert into PURCHASE (PURCHASE_ID,PRODUCT_ID,CUSTOMER_ID,SHIPPING_ID,PURCHASE_NUM,PURCHASE_COUNT,PURCHASE_PRICE,TOTAL_COST,ORDER_REQUEST,PURCHASE_DV,STATUS,CREATE_DT,MODIFY_DT,MODIFIER,CREATOR) values (207,34,14,93,'20231025040838000000472',4,89640,144540,'직접 받고 부재 시 문 앞',403,'Y',to_timestamp('23/10/25 16:08:57.067000000','RR/MM/DD HH24:MI:SSXFF'),to_timestamp('23/10/26 19:38:08.753000000','RR/MM/DD HH24:MI:SSXFF'),'admin','14');
Insert into PURCHASE (PURCHASE_ID,PRODUCT_ID,CUSTOMER_ID,SHIPPING_ID,PURCHASE_NUM,PURCHASE_COUNT,PURCHASE_PRICE,TOTAL_COST,ORDER_REQUEST,PURCHASE_DV,STATUS,CREATE_DT,MODIFY_DT,MODIFIER,CREATOR) values (213,523,42,94,'20231026092508000000215',2,54000,4449000,'경비실',402,'Y',to_timestamp('23/10/26 09:25:24.571000000','RR/MM/DD HH24:MI:SSXFF'),to_timestamp('23/10/26 20:27:56.833000000','RR/MM/DD HH24:MI:SSXFF'),'admin','42');
Insert into PURCHASE (PURCHASE_ID,PRODUCT_ID,CUSTOMER_ID,SHIPPING_ID,PURCHASE_NUM,PURCHASE_COUNT,PURCHASE_PRICE,TOTAL_COST,ORDER_REQUEST,PURCHASE_DV,STATUS,CREATE_DT,MODIFY_DT,MODIFIER,CREATOR) values (215,25,16,52,'20231026102624000000536',1,55000,100000,'문 앞',403,'Y',to_timestamp('23/10/26 10:26:50.182000000','RR/MM/DD HH24:MI:SSXFF'),to_timestamp('23/10/26 11:41:40.547000000','RR/MM/DD HH24:MI:SSXFF'),'admin','16');
Insert into PURCHASE (PURCHASE_ID,PRODUCT_ID,CUSTOMER_ID,SHIPPING_ID,PURCHASE_NUM,PURCHASE_COUNT,PURCHASE_PRICE,TOTAL_COST,ORDER_REQUEST,PURCHASE_DV,STATUS,CREATE_DT,MODIFY_DT,MODIFIER,CREATOR) values (221,475,34,98,'20231029050627000000277',1,4140,4140,'당도최고 밀감',401,'Y',to_timestamp('23/10/29 17:06:43.200000000','RR/MM/DD HH24:MI:SSXFF'),null,null,'34');
Insert into PURCHASE (PURCHASE_ID,PRODUCT_ID,CUSTOMER_ID,SHIPPING_ID,PURCHASE_NUM,PURCHASE_COUNT,PURCHASE_PRICE,TOTAL_COST,ORDER_REQUEST,PURCHASE_DV,STATUS,CREATE_DT,MODIFY_DT,MODIFIER,CREATOR) values (34,32,16,4,'20230919025245000000633',1,655000,655000,'직접 받고 부재 시 문 앞',401,'Y',to_timestamp('23/09/19 14:53:11.350000000','RR/MM/DD HH24:MI:SSXFF'),null,null,'16');
Insert into PURCHASE (PURCHASE_ID,PRODUCT_ID,CUSTOMER_ID,SHIPPING_ID,PURCHASE_NUM,PURCHASE_COUNT,PURCHASE_PRICE,TOTAL_COST,ORDER_REQUEST,PURCHASE_DV,STATUS,CREATE_DT,MODIFY_DT,MODIFIER,CREATOR) values (58,23,17,51,'20231011111410000000616',1,30000,30000,'경비실',401,'Y',to_timestamp('23/10/11 11:14:26.121000000','RR/MM/DD HH24:MI:SSXFF'),null,null,'17');
Insert into PURCHASE (PURCHASE_ID,PRODUCT_ID,CUSTOMER_ID,SHIPPING_ID,PURCHASE_NUM,PURCHASE_COUNT,PURCHASE_PRICE,TOTAL_COST,ORDER_REQUEST,PURCHASE_DV,STATUS,CREATE_DT,MODIFY_DT,MODIFIER,CREATOR) values (44,19,21,23,'20230919075055000000248',2,980000,980000,'지하에 놔주세요',403,'Y',to_timestamp('23/09/19 19:51:15.392000000','RR/MM/DD HH24:MI:SSXFF'),to_timestamp('23/09/26 15:59:35.798000000','RR/MM/DD HH24:MI:SSXFF'),'admin','21');
Insert into PURCHASE (PURCHASE_ID,PRODUCT_ID,CUSTOMER_ID,SHIPPING_ID,PURCHASE_NUM,PURCHASE_COUNT,PURCHASE_PRICE,TOTAL_COST,ORDER_REQUEST,PURCHASE_DV,STATUS,CREATE_DT,MODIFY_DT,MODIFIER,CREATOR) values (64,28,17,51,'20231011113729000000621',3,27000,27000,'경비실',401,'Y',to_timestamp('23/07/11 11:37:45.102000000','RR/MM/DD HH24:MI:SSXFF'),null,null,'17');
Insert into PURCHASE (PURCHASE_ID,PRODUCT_ID,CUSTOMER_ID,SHIPPING_ID,PURCHASE_NUM,PURCHASE_COUNT,PURCHASE_PRICE,TOTAL_COST,ORDER_REQUEST,PURCHASE_DV,STATUS,CREATE_DT,MODIFY_DT,MODIFIER,CREATOR) values (74,11,16,8,'20231012114358000000029',10,100000,200000,'문 앞',402,'Y',to_timestamp('23/10/12 11:43:58.582000000','RR/MM/DD HH24:MI:SSXFF'),to_timestamp('23/10/13 10:49:00.986000000','RR/MM/DD HH24:MI:SSXFF'),'admin','16');
Insert into PURCHASE (PURCHASE_ID,PRODUCT_ID,CUSTOMER_ID,SHIPPING_ID,PURCHASE_NUM,PURCHASE_COUNT,PURCHASE_PRICE,TOTAL_COST,ORDER_REQUEST,PURCHASE_DV,STATUS,CREATE_DT,MODIFY_DT,MODIFIER,CREATOR) values (92,17,17,51,'20231013122751000000614',1,398000,399000,'경비실',401,'Y',to_timestamp('23/10/13 00:28:11.544000000','RR/MM/DD HH24:MI:SSXFF'),null,null,'17');
Insert into PURCHASE (PURCHASE_ID,PRODUCT_ID,CUSTOMER_ID,SHIPPING_ID,PURCHASE_NUM,PURCHASE_COUNT,PURCHASE_PRICE,TOTAL_COST,ORDER_REQUEST,PURCHASE_DV,STATUS,CREATE_DT,MODIFY_DT,MODIFIER,CREATOR) values (97,488,17,51,'20231013015317000000140',1,79200,79200,'경비실',403,'Y',to_timestamp('23/10/13 13:53:30.656000000','RR/MM/DD HH24:MI:SSXFF'),to_timestamp('23/10/13 13:54:03.168000000','RR/MM/DD HH24:MI:SSXFF'),'admin','17');
Insert into PURCHASE (PURCHASE_ID,PRODUCT_ID,CUSTOMER_ID,SHIPPING_ID,PURCHASE_NUM,PURCHASE_COUNT,PURCHASE_PRICE,TOTAL_COST,ORDER_REQUEST,PURCHASE_DV,STATUS,CREATE_DT,MODIFY_DT,MODIFIER,CREATOR) values (204,34,17,51,'20231025040405000000904',3,67230,415765,'경비실',403,'Y',to_timestamp('23/10/25 16:04:22.490000000','RR/MM/DD HH24:MI:SSXFF'),to_timestamp('23/10/28 18:06:03.877000000','RR/MM/DD HH24:MI:SSXFF'),'admin','17');
Insert into PURCHASE (PURCHASE_ID,PRODUCT_ID,CUSTOMER_ID,SHIPPING_ID,PURCHASE_NUM,PURCHASE_COUNT,PURCHASE_PRICE,TOTAL_COST,ORDER_REQUEST,PURCHASE_DV,STATUS,CREATE_DT,MODIFY_DT,MODIFIER,CREATOR) values (210,32,42,94,'20231026092508000000215',1,655000,4449000,'경비실',401,'Y',to_timestamp('23/10/26 09:25:24.560000000','RR/MM/DD HH24:MI:SSXFF'),to_timestamp('23/10/27 09:08:16.945000000','RR/MM/DD HH24:MI:SSXFF'),'admin','42');
Insert into PURCHASE (PURCHASE_ID,PRODUCT_ID,CUSTOMER_ID,SHIPPING_ID,PURCHASE_NUM,PURCHASE_COUNT,PURCHASE_PRICE,TOTAL_COST,ORDER_REQUEST,PURCHASE_DV,STATUS,CREATE_DT,MODIFY_DT,MODIFIER,CREATOR) values (49,212,16,27,'20230927033728000000133',4,7200,405400,'경비실',403,'Y',to_timestamp('23/10/03 15:37:48.090000000','RR/MM/DD HH24:MI:SSXFF'),to_timestamp('23/10/10 23:37:37.438000000','RR/MM/DD HH24:MI:SSXFF'),'admin','16');
Insert into PURCHASE (PURCHASE_ID,PRODUCT_ID,CUSTOMER_ID,SHIPPING_ID,PURCHASE_NUM,PURCHASE_COUNT,PURCHASE_PRICE,TOTAL_COST,ORDER_REQUEST,PURCHASE_DV,STATUS,CREATE_DT,MODIFY_DT,MODIFIER,CREATOR) values (32,25,16,15,'20230919021014000000938',1,49500,100800,'문 앞',401,'Y',to_timestamp('23/09/19 14:10:35.943000000','RR/MM/DD HH24:MI:SSXFF'),null,null,'0');
Insert into PURCHASE (PURCHASE_ID,PRODUCT_ID,CUSTOMER_ID,SHIPPING_ID,PURCHASE_NUM,PURCHASE_COUNT,PURCHASE_PRICE,TOTAL_COST,ORDER_REQUEST,PURCHASE_DV,STATUS,CREATE_DT,MODIFY_DT,MODIFIER,CREATOR) values (57,474,17,51,'20231011111303000000009',6,25920,25920,'경비실',401,'Y',to_timestamp('23/10/11 11:13:17.290000000','RR/MM/DD HH24:MI:SSXFF'),null,null,'17');
Insert into PURCHASE (PURCHASE_ID,PRODUCT_ID,CUSTOMER_ID,SHIPPING_ID,PURCHASE_NUM,PURCHASE_COUNT,PURCHASE_PRICE,TOTAL_COST,ORDER_REQUEST,PURCHASE_DV,STATUS,CREATE_DT,MODIFY_DT,MODIFIER,CREATOR) values (61,23,22,50,'20231011112724000000788',1,30000,30000,'문 앞',403,'Y',to_timestamp('23/10/11 11:27:45.988000000','RR/MM/DD HH24:MI:SSXFF'),to_timestamp('23/10/11 11:28:38.467000000','RR/MM/DD HH24:MI:SSXFF'),'admin','22');
Insert into PURCHASE (PURCHASE_ID,PRODUCT_ID,CUSTOMER_ID,SHIPPING_ID,PURCHASE_NUM,PURCHASE_COUNT,PURCHASE_PRICE,TOTAL_COST,ORDER_REQUEST,PURCHASE_DV,STATUS,CREATE_DT,MODIFY_DT,MODIFIER,CREATOR) values (71,456,17,51,'20231011031127000000675',3,177552,177552,'경비실',402,'Y',to_timestamp('23/10/11 15:11:40.390000000','RR/MM/DD HH24:MI:SSXFF'),to_timestamp('23/10/13 02:14:27.288000000','RR/MM/DD HH24:MI:SSXFF'),'admin','17');
Insert into PURCHASE (PURCHASE_ID,PRODUCT_ID,CUSTOMER_ID,SHIPPING_ID,PURCHASE_NUM,PURCHASE_COUNT,PURCHASE_PRICE,TOTAL_COST,ORDER_REQUEST,PURCHASE_DV,STATUS,CREATE_DT,MODIFY_DT,MODIFIER,CREATOR) values (73,19,17,51,'20231011041519000000557',1,40000,40000,'경비실',402,'Y',to_timestamp('23/10/05 16:15:42.237000000','RR/MM/DD HH24:MI:SSXFF'),to_timestamp('23/10/12 13:28:10.928000000','RR/MM/DD HH24:MI:SSXFF'),'admin','17');
Insert into PURCHASE (PURCHASE_ID,PRODUCT_ID,CUSTOMER_ID,SHIPPING_ID,PURCHASE_NUM,PURCHASE_COUNT,PURCHASE_PRICE,TOTAL_COST,ORDER_REQUEST,PURCHASE_DV,STATUS,CREATE_DT,MODIFY_DT,MODIFIER,CREATOR) values (76,476,16,8,'20231012015941000000900',1,1800,200000,'문 앞',402,'Y',to_timestamp('23/10/12 13:59:42.541000000','RR/MM/DD HH24:MI:SSXFF'),to_timestamp('23/10/13 00:23:45.210000000','RR/MM/DD HH24:MI:SSXFF'),'admin','16');
Insert into PURCHASE (PURCHASE_ID,PRODUCT_ID,CUSTOMER_ID,SHIPPING_ID,PURCHASE_NUM,PURCHASE_COUNT,PURCHASE_PRICE,TOTAL_COST,ORDER_REQUEST,PURCHASE_DV,STATUS,CREATE_DT,MODIFY_DT,MODIFIER,CREATOR) values (77,476,16,8,'20231012021346000000572',1,1800,200000,'문 앞',401,'Y',to_timestamp('23/10/12 14:13:47.265000000','RR/MM/DD HH24:MI:SSXFF'),null,null,'16');
Insert into PURCHASE (PURCHASE_ID,PRODUCT_ID,CUSTOMER_ID,SHIPPING_ID,PURCHASE_NUM,PURCHASE_COUNT,PURCHASE_PRICE,TOTAL_COST,ORDER_REQUEST,PURCHASE_DV,STATUS,CREATE_DT,MODIFY_DT,MODIFIER,CREATOR) values (203,509,17,51,'20231025040405000000904',1,14535,415765,'경비실',402,'Y',to_timestamp('23/10/25 16:04:22.490000000','RR/MM/DD HH24:MI:SSXFF'),to_timestamp('23/10/26 02:30:12.376000000','RR/MM/DD HH24:MI:SSXFF'),'admin','17');
Insert into PURCHASE (PURCHASE_ID,PRODUCT_ID,CUSTOMER_ID,SHIPPING_ID,PURCHASE_NUM,PURCHASE_COUNT,PURCHASE_PRICE,TOTAL_COST,ORDER_REQUEST,PURCHASE_DV,STATUS,CREATE_DT,MODIFY_DT,MODIFIER,CREATOR) values (208,511,14,93,'20231025040838000000472',5,3150,144540,'직접 받고 부재 시 문 앞',402,'Y',to_timestamp('23/10/25 16:08:57.067000000','RR/MM/DD HH24:MI:SSXFF'),to_timestamp('23/10/26 18:31:07.527000000','RR/MM/DD HH24:MI:SSXFF'),'admin','14');
Insert into PURCHASE (PURCHASE_ID,PRODUCT_ID,CUSTOMER_ID,SHIPPING_ID,PURCHASE_NUM,PURCHASE_COUNT,PURCHASE_PRICE,TOTAL_COST,ORDER_REQUEST,PURCHASE_DV,STATUS,CREATE_DT,MODIFY_DT,MODIFIER,CREATOR) values (211,3,42,94,'20231026092508000000215',1,9000,4449000,'경비실',403,'Y',to_timestamp('23/10/26 09:25:24.568000000','RR/MM/DD HH24:MI:SSXFF'),to_timestamp('23/10/26 19:48:13.759000000','RR/MM/DD HH24:MI:SSXFF'),'admin','42');
Insert into PURCHASE (PURCHASE_ID,PRODUCT_ID,CUSTOMER_ID,SHIPPING_ID,PURCHASE_NUM,PURCHASE_COUNT,PURCHASE_PRICE,TOTAL_COST,ORDER_REQUEST,PURCHASE_DV,STATUS,CREATE_DT,MODIFY_DT,MODIFIER,CREATOR) values (212,454,42,94,'20231026092508000000215',1,149000,4449000,'경비실',401,'Y',to_timestamp('23/10/26 09:25:24.568000000','RR/MM/DD HH24:MI:SSXFF'),to_timestamp('23/10/26 20:26:51.275000000','RR/MM/DD HH24:MI:SSXFF'),'admin','42');
commit;
REM INSERTING into REVIEW
SET DEFINE OFF;
Insert into REVIEW (REVIEW_ID,PRODUCT_ID,CUSTOMER_ID,REVIEW_CONTENT,REVIEW_STAR_POINT,REVIEW_IMAGE_FIRST,REVIEW_IMAGE_SECOND,REVIEW_IMAGE_THIRD,STATUS,CREATE_DT,CREATOR,MODIFY_DT,MODIFIER,REVIEW_TITLE,PURCHASE_ID) values (96,3,28,'코가 예민해서 옷에서 악취가 날 때마다 너무 힘들었는데 다우니 덕분에 항상 꽃향기만 맡습니다~',5,'https://daitso.s3.ap-northeast-2.amazonaws.com/%EB%8B%A4%EC%9A%B0%EB%8B%88%20%ED%9B%84%EA%B8%B0.jpg','https://daitso.s3.ap-northeast-2.amazonaws.com/%EB%8B%A4%EC%9A%B0%EB%8B%88%ED%9B%84%EA%B8%B02.jpeg','null','Y',to_timestamp('23/10/23 10:39:47.605000000','RR/MM/DD HH24:MI:SSXFF'),'admin',null,null,'다우니 진짜최고',160);
Insert into REVIEW (REVIEW_ID,PRODUCT_ID,CUSTOMER_ID,REVIEW_CONTENT,REVIEW_STAR_POINT,REVIEW_IMAGE_FIRST,REVIEW_IMAGE_SECOND,REVIEW_IMAGE_THIRD,STATUS,CREATE_DT,CREATOR,MODIFY_DT,MODIFIER,REVIEW_TITLE,PURCHASE_ID) values (98,9,16,'음...별이 3개 정도가 적당한 듯요...',3,'https://daitso.s3.ap-northeast-2.amazonaws.com/99CBF83A5A82A7BF0A.png','https://daitso.s3.ap-northeast-2.amazonaws.com/Untitled.png','null','N',to_timestamp('23/10/26 11:44:01.099000000','RR/MM/DD HH24:MI:SSXFF'),'admin',null,null,'센트럴파크 연남동',47);
Insert into REVIEW (REVIEW_ID,PRODUCT_ID,CUSTOMER_ID,REVIEW_CONTENT,REVIEW_STAR_POINT,REVIEW_IMAGE_FIRST,REVIEW_IMAGE_SECOND,REVIEW_IMAGE_THIRD,STATUS,CREATE_DT,CREATOR,MODIFY_DT,MODIFIER,REVIEW_TITLE,PURCHASE_ID) values (83,488,28,'손가락이 잘릴 뻔 했어요.',1,'https://daitso.s3.ap-northeast-2.amazonaws.com/%EB%82%98%EC%9D%B4%ED%82%A4%20%EC%97%90%EC%96%B4%20%ED%8F%AC%EC%8A%A4%201%20%2707%20White%20%281%29.png','null','null','Y',to_timestamp('23/10/18 18:02:43.696000000','RR/MM/DD HH24:MI:SSXFF'),'admin',null,null,'살아있어요',125);
Insert into REVIEW (REVIEW_ID,PRODUCT_ID,CUSTOMER_ID,REVIEW_CONTENT,REVIEW_STAR_POINT,REVIEW_IMAGE_FIRST,REVIEW_IMAGE_SECOND,REVIEW_IMAGE_THIRD,STATUS,CREATE_DT,CREATOR,MODIFY_DT,MODIFIER,REVIEW_TITLE,PURCHASE_ID) values (101,3,17,'항상 믿고 씁니다. 향기 좋아요',4,'https://daitso.s3.ap-northeast-2.amazonaws.com/%E1%84%83%E1%85%A1%E1%84%8B%E1%85%AE%E1%84%82%E1%85%B5.jpeg','null','null','Y',to_timestamp('23/10/28 19:40:52.471000000','RR/MM/DD HH24:MI:SSXFF'),'admin',null,null,'항상 쓰는 제품',220);
Insert into REVIEW (REVIEW_ID,PRODUCT_ID,CUSTOMER_ID,REVIEW_CONTENT,REVIEW_STAR_POINT,REVIEW_IMAGE_FIRST,REVIEW_IMAGE_SECOND,REVIEW_IMAGE_THIRD,STATUS,CREATE_DT,CREATOR,MODIFY_DT,MODIFIER,REVIEW_TITLE,PURCHASE_ID) values (74,488,17,'아주 신선하고 맛있었어요 :-&#41;',4,'https://daitso.s3.ap-northeast-2.amazonaws.com/%EC%9A%B0%EB%A6%AC%EB%8A%94%20%EC%97%AC%EC%A0%84%ED%9E%88%20%EC%82%B6%EC%9D%84%20%EC%82%AC%EB%9E%91%ED%95%98%EB%8A%94%EA%B0%80%20%283%29.png','https://daitso.s3.ap-northeast-2.amazonaws.com/%EC%9D%80%ED%95%98%EC%88%98%EC%82%B0%20%EC%97%B0%EC%96%B4%20%ED%95%84%EB%A0%9B%20%EC%8A%A4%ED%85%8C%EC%9D%B4%ED%81%AC%EC%9A%A9%20%283%29.png','https://daitso.s3.ap-northeast-2.amazonaws.com/%EC%A7%80%EB%A0%81%EC%9D%B4%EC%A0%A4%EB%A6%AC%282%29.png','Y',to_timestamp('23/10/13 13:55:31.503000000','RR/MM/DD HH24:MI:SSXFF'),'admin',null,null,'맛있었어요',97);
Insert into REVIEW (REVIEW_ID,PRODUCT_ID,CUSTOMER_ID,REVIEW_CONTENT,REVIEW_STAR_POINT,REVIEW_IMAGE_FIRST,REVIEW_IMAGE_SECOND,REVIEW_IMAGE_THIRD,STATUS,CREATE_DT,CREATOR,MODIFY_DT,MODIFIER,REVIEW_TITLE,PURCHASE_ID) values (81,23,17,'아들 어린이날 선물로 사줬는데 너무 좋아합니다.',3,'null','null','null','Y',to_timestamp('23/10/18 16:43:40.523000000','RR/MM/DD HH24:MI:SSXFF'),'admin',null,null,'아들 선물',23);
Insert into REVIEW (REVIEW_ID,PRODUCT_ID,CUSTOMER_ID,REVIEW_CONTENT,REVIEW_STAR_POINT,REVIEW_IMAGE_FIRST,REVIEW_IMAGE_SECOND,REVIEW_IMAGE_THIRD,STATUS,CREATE_DT,CREATOR,MODIFY_DT,MODIFIER,REVIEW_TITLE,PURCHASE_ID) values (97,509,28,'소굴',5,'null','null','null','N',to_timestamp('23/10/23 10:40:20.721000000','RR/MM/DD HH24:MI:SSXFF'),'admin',null,null,'호랑이',157);
Insert into REVIEW (REVIEW_ID,PRODUCT_ID,CUSTOMER_ID,REVIEW_CONTENT,REVIEW_STAR_POINT,REVIEW_IMAGE_FIRST,REVIEW_IMAGE_SECOND,REVIEW_IMAGE_THIRD,STATUS,CREATE_DT,CREATOR,MODIFY_DT,MODIFIER,REVIEW_TITLE,PURCHASE_ID) values (103,25,16,'사이즈도 적당하고 세탁해도 줄임문제 없네요!',3,'null','null','null','Y',to_timestamp('23/10/30 10:20:20.755000000','RR/MM/DD HH24:MI:SSXFF'),'admin',null,null,'좋아요!',215);
commit;
REM INSERTING into REVIEW_HEART
SET DEFINE OFF;
Insert into REVIEW_HEART (REVIEW_ID,HEART_CLICK_CUSTOMER_ID,CREATE_DT,CREATOR,MODIFY_DT,MODIFIER) values (98,16,to_timestamp('23/10/26 11:44:23.000000000','RR/MM/DD HH24:MI:SSXFF'),0,null,null);
Insert into REVIEW_HEART (REVIEW_ID,HEART_CLICK_CUSTOMER_ID,CREATE_DT,CREATOR,MODIFY_DT,MODIFIER) values (103,16,to_timestamp('23/10/30 10:21:36.000000000','RR/MM/DD HH24:MI:SSXFF'),0,null,null);
Insert into REVIEW_HEART (REVIEW_ID,HEART_CLICK_CUSTOMER_ID,CREATE_DT,CREATOR,MODIFY_DT,MODIFIER) values (96,34,to_timestamp('23/10/28 18:52:03.000000000','RR/MM/DD HH24:MI:SSXFF'),0,null,null);
Insert into REVIEW_HEART (REVIEW_ID,HEART_CLICK_CUSTOMER_ID,CREATE_DT,CREATOR,MODIFY_DT,MODIFIER) values (101,18,to_timestamp('23/10/28 19:43:42.000000000','RR/MM/DD HH24:MI:SSXFF'),0,null,null);
Insert into REVIEW_HEART (REVIEW_ID,HEART_CLICK_CUSTOMER_ID,CREATE_DT,CREATOR,MODIFY_DT,MODIFIER) values (96,17,to_timestamp('23/10/28 19:41:11.000000000','RR/MM/DD HH24:MI:SSXFF'),0,null,null);
Insert into REVIEW_HEART (REVIEW_ID,HEART_CLICK_CUSTOMER_ID,CREATE_DT,CREATOR,MODIFY_DT,MODIFIER) values (74,0,to_timestamp('23/10/20 15:43:53.000000000','RR/MM/DD HH24:MI:SSXFF'),0,null,null);
Insert into REVIEW_HEART (REVIEW_ID,HEART_CLICK_CUSTOMER_ID,CREATE_DT,CREATOR,MODIFY_DT,MODIFIER) values (81,34,to_timestamp('23/10/23 10:16:23.000000000','RR/MM/DD HH24:MI:SSXFF'),0,null,null);
Insert into REVIEW_HEART (REVIEW_ID,HEART_CLICK_CUSTOMER_ID,CREATE_DT,CREATOR,MODIFY_DT,MODIFIER) values (96,18,to_timestamp('23/10/28 19:53:32.000000000','RR/MM/DD HH24:MI:SSXFF'),0,null,null);
Insert into REVIEW_HEART (REVIEW_ID,HEART_CLICK_CUSTOMER_ID,CREATE_DT,CREATOR,MODIFY_DT,MODIFIER) values (96,0,to_timestamp('23/10/28 18:51:11.000000000','RR/MM/DD HH24:MI:SSXFF'),0,null,null);
Insert into REVIEW_HEART (REVIEW_ID,HEART_CLICK_CUSTOMER_ID,CREATE_DT,CREATOR,MODIFY_DT,MODIFIER) values (101,17,to_timestamp('23/10/28 19:41:08.000000000','RR/MM/DD HH24:MI:SSXFF'),0,null,null);
commit;
REM INSERTING into SHIPPING
SET DEFINE OFF;
Insert into SHIPPING (SHIPPING_ID,CUSTOMER_ID,SHIPPING_RECEIVER_NM,SHIPPING_RECEIVER_TELNO,SHIPPING_DMND,SHIPPING_ROAD_NM_ADDR,SHIPPING_DADDR,SHIPPING_DV,STATUS,CREATE_DT,CREATOR,MODIFY_DT,MODIFIER) values (45,16,'옥지얌','010-8745-8992','경비실','경기 성남시 분당구 내정로 54','101동 1103호',302,'N',to_timestamp('23/10/06 10:10:10.100000000','RR/MM/DD HH24:MI:SSXFF'),'16',to_timestamp('23/10/10 12:19:11.095000000','RR/MM/DD HH24:MI:SSXFF'),'16');
Insert into SHIPPING (SHIPPING_ID,CUSTOMER_ID,SHIPPING_RECEIVER_NM,SHIPPING_RECEIVER_TELNO,SHIPPING_DMND,SHIPPING_ROAD_NM_ADDR,SHIPPING_DADDR,SHIPPING_DV,STATUS,CREATE_DT,CREATOR,MODIFY_DT,MODIFIER) values (8,16,'최준원','010-8745-8992','직접 받고 부재 시 문 앞','강원특별자치도 속초시 울산바위길 3','101동 1103호',302,'N',to_timestamp('23/09/13 16:52:28.829000000','RR/MM/DD HH24:MI:SSXFF'),'admin',to_timestamp('23/10/12 15:41:40.368000000','RR/MM/DD HH24:MI:SSXFF'),'16');
Insert into SHIPPING (SHIPPING_ID,CUSTOMER_ID,SHIPPING_RECEIVER_NM,SHIPPING_RECEIVER_TELNO,SHIPPING_DMND,SHIPPING_ROAD_NM_ADDR,SHIPPING_DADDR,SHIPPING_DV,STATUS,CREATE_DT,CREATOR,MODIFY_DT,MODIFIER) values (25,31,'조한나','01095283398','직접 받고 부재 시 문 앞','서울 관악구 관천로24길 19',null,302,'N',to_timestamp('23/09/26 19:39:30.174000000','RR/MM/DD HH24:MI:SSXFF'),'31',to_timestamp('23/09/26 19:41:33.139000000','RR/MM/DD HH24:MI:SSXFF'),'31');
Insert into SHIPPING (SHIPPING_ID,CUSTOMER_ID,SHIPPING_RECEIVER_NM,SHIPPING_RECEIVER_TELNO,SHIPPING_DMND,SHIPPING_ROAD_NM_ADDR,SHIPPING_DADDR,SHIPPING_DV,STATUS,CREATE_DT,CREATOR,MODIFY_DT,MODIFIER) values (24,23,'최준원','010-8745-8992','직접 받고 부재 시 문 앞','서울 강서구 양천로69길 11','101동 1103호',301,'Y',to_timestamp('23/09/26 16:36:30.048000000','RR/MM/DD HH24:MI:SSXFF'),'23',null,null);
Insert into SHIPPING (SHIPPING_ID,CUSTOMER_ID,SHIPPING_RECEIVER_NM,SHIPPING_RECEIVER_TELNO,SHIPPING_DMND,SHIPPING_ROAD_NM_ADDR,SHIPPING_DADDR,SHIPPING_DV,STATUS,CREATE_DT,CREATOR,MODIFY_DT,MODIFIER) values (42,27,'최준원','010-8745-8992','문 앞','서울 강서구 양천로69길 18','101동 1103호',302,'N',to_timestamp('23/10/05 11:21:35.891000000','RR/MM/DD HH24:MI:SSXFF'),'27',to_timestamp('23/10/13 09:30:59.690000000','RR/MM/DD HH24:MI:SSXFF'),'27');
Insert into SHIPPING (SHIPPING_ID,CUSTOMER_ID,SHIPPING_RECEIVER_NM,SHIPPING_RECEIVER_TELNO,SHIPPING_DMND,SHIPPING_ROAD_NM_ADDR,SHIPPING_DADDR,SHIPPING_DV,STATUS,CREATE_DT,CREATOR,MODIFY_DT,MODIFIER) values (65,17,'이세인','010-0000-0000','문 앞','서울 강북구 월계로 173',null,302,'Y',to_timestamp('23/10/19 18:00:04.425000000','RR/MM/DD HH24:MI:SSXFF'),'17',null,null);
Insert into SHIPPING (SHIPPING_ID,CUSTOMER_ID,SHIPPING_RECEIVER_NM,SHIPPING_RECEIVER_TELNO,SHIPPING_DMND,SHIPPING_ROAD_NM_ADDR,SHIPPING_DADDR,SHIPPING_DV,STATUS,CREATE_DT,CREATOR,MODIFY_DT,MODIFIER) values (51,17,'이세인','010-0000-0000','경비실','서울 영등포구 여의대로 14','1층',301,'Y',to_timestamp('23/10/11 11:05:12.224000000','RR/MM/DD HH24:MI:SSXFF'),'17',null,null);
Insert into SHIPPING (SHIPPING_ID,CUSTOMER_ID,SHIPPING_RECEIVER_NM,SHIPPING_RECEIVER_TELNO,SHIPPING_DMND,SHIPPING_ROAD_NM_ADDR,SHIPPING_DADDR,SHIPPING_DV,STATUS,CREATE_DT,CREATOR,MODIFY_DT,MODIFIER) values (57,27,'최준원','010-8745-8992','직접 받고 부재 시 문 앞','서울 강서구 양천로69길 18','101동 1103호',302,'N',to_timestamp('23/10/13 09:30:59.689000000','RR/MM/DD HH24:MI:SSXFF'),'27',to_timestamp('23/10/13 09:31:43.718000000','RR/MM/DD HH24:MI:SSXFF'),'27');
Insert into SHIPPING (SHIPPING_ID,CUSTOMER_ID,SHIPPING_RECEIVER_NM,SHIPPING_RECEIVER_TELNO,SHIPPING_DMND,SHIPPING_ROAD_NM_ADDR,SHIPPING_DADDR,SHIPPING_DV,STATUS,CREATE_DT,CREATOR,MODIFY_DT,MODIFIER) values (55,29,'윤상영','010-8745-8992','택배함','경기 평택시 점촌1로 5','302동 1305호',302,'N',to_timestamp('23/10/12 15:56:45.569000000','RR/MM/DD HH24:MI:SSXFF'),'29',to_timestamp('23/10/13 11:06:36.531000000','RR/MM/DD HH24:MI:SSXFF'),'29');
Insert into SHIPPING (SHIPPING_ID,CUSTOMER_ID,SHIPPING_RECEIVER_NM,SHIPPING_RECEIVER_TELNO,SHIPPING_DMND,SHIPPING_ROAD_NM_ADDR,SHIPPING_DADDR,SHIPPING_DV,STATUS,CREATE_DT,CREATOR,MODIFY_DT,MODIFIER) values (100,34,'ㄴㄹㄴ','010-1234-1234','ㅁㄴㅇ','제주특별자치도 서귀포시 상예동 4576','ㄴㅁㄴㅁㅇ',302,'N',to_timestamp('23/10/29 17:29:14.858000000','RR/MM/DD HH24:MI:SSXFF'),'admin',null,null);
Insert into SHIPPING (SHIPPING_ID,CUSTOMER_ID,SHIPPING_RECEIVER_NM,SHIPPING_RECEIVER_TELNO,SHIPPING_DMND,SHIPPING_ROAD_NM_ADDR,SHIPPING_DADDR,SHIPPING_DV,STATUS,CREATE_DT,CREATOR,MODIFY_DT,MODIFIER) values (15,16,'윤상영','010-8745-8992','문 앞','울산 울주군 범서읍 점촌4길 65','101동 1103호',302,'N',to_timestamp('23/09/14 16:35:39.874000000','RR/MM/DD HH24:MI:SSXFF'),'admin',to_timestamp('23/10/12 15:44:56.537000000','RR/MM/DD HH24:MI:SSXFF'),'16');
Insert into SHIPPING (SHIPPING_ID,CUSTOMER_ID,SHIPPING_RECEIVER_NM,SHIPPING_RECEIVER_TELNO,SHIPPING_DMND,SHIPPING_ROAD_NM_ADDR,SHIPPING_DADDR,SHIPPING_DV,STATUS,CREATE_DT,CREATOR,MODIFY_DT,MODIFIER) values (43,27,'최준원','010-1234-1234','직접 받고 부재 시 문 앞','서울 강서구 양천로1길 25','101동 1103호',302,'N',to_timestamp('23/10/05 16:30:30.650000000','RR/MM/DD HH24:MI:SSXFF'),'27',to_timestamp('23/10/10 10:03:15.988000000','RR/MM/DD HH24:MI:SSXFF'),'27');
Insert into SHIPPING (SHIPPING_ID,CUSTOMER_ID,SHIPPING_RECEIVER_NM,SHIPPING_RECEIVER_TELNO,SHIPPING_DMND,SHIPPING_ROAD_NM_ADDR,SHIPPING_DADDR,SHIPPING_DV,STATUS,CREATE_DT,CREATOR,MODIFY_DT,MODIFIER) values (28,16,'윤사영똥','010-9876-6543','경비실','경기 성남시 분당구 판교역로 4','101동 1103호',302,'N',to_timestamp('23/09/27 15:32:29.335000000','RR/MM/DD HH24:MI:SSXFF'),'16',to_timestamp('23/09/27 15:32:48.624000000','RR/MM/DD HH24:MI:SSXFF'),'16');
Insert into SHIPPING (SHIPPING_ID,CUSTOMER_ID,SHIPPING_RECEIVER_NM,SHIPPING_RECEIVER_TELNO,SHIPPING_DMND,SHIPPING_ROAD_NM_ADDR,SHIPPING_DADDR,SHIPPING_DV,STATUS,CREATE_DT,CREATOR,MODIFY_DT,MODIFIER) values (44,29,'윤상영','010-6237-7640','경비실','울산 울주군 범서읍 점촌4길 9','302동 1305호',302,'N',to_timestamp('23/10/05 18:21:26.072000000','RR/MM/DD HH24:MI:SSXFF'),'29',to_timestamp('23/10/12 15:56:45.570000000','RR/MM/DD HH24:MI:SSXFF'),'29');
Insert into SHIPPING (SHIPPING_ID,CUSTOMER_ID,SHIPPING_RECEIVER_NM,SHIPPING_RECEIVER_TELNO,SHIPPING_DMND,SHIPPING_ROAD_NM_ADDR,SHIPPING_DADDR,SHIPPING_DV,STATUS,CREATE_DT,CREATOR,MODIFY_DT,MODIFIER) values (52,16,'최준원','010-8745-8992','문 앞','서울 강서구 양천로69길 18','101동 1103호',301,'Y',to_timestamp('23/10/12 15:44:56.528000000','RR/MM/DD HH24:MI:SSXFF'),'16',null,null);
Insert into SHIPPING (SHIPPING_ID,CUSTOMER_ID,SHIPPING_RECEIVER_NM,SHIPPING_RECEIVER_TELNO,SHIPPING_DMND,SHIPPING_ROAD_NM_ADDR,SHIPPING_DADDR,SHIPPING_DV,STATUS,CREATE_DT,CREATOR,MODIFY_DT,MODIFIER) values (98,34,'홍길동','010-1234-1234','당도최고 밀감','서울 종로구 청와대로 1','청와대 비서실',301,'N',to_timestamp('23/10/29 15:55:51.201000000','RR/MM/DD HH24:MI:SSXFF'),'admin',null,null);
Insert into SHIPPING (SHIPPING_ID,CUSTOMER_ID,SHIPPING_RECEIVER_NM,SHIPPING_RECEIVER_TELNO,SHIPPING_DMND,SHIPPING_ROAD_NM_ADDR,SHIPPING_DADDR,SHIPPING_DV,STATUS,CREATE_DT,CREATOR,MODIFY_DT,MODIFIER) values (66,27,'최준원','010-8745-8992','문 앞','경기 성남시 분당구 대왕판교로606번길 45',null,301,'Y',to_timestamp('23/10/20 13:45:57.207000000','RR/MM/DD HH24:MI:SSXFF'),'27',null,null);
Insert into SHIPPING (SHIPPING_ID,CUSTOMER_ID,SHIPPING_RECEIVER_NM,SHIPPING_RECEIVER_TELNO,SHIPPING_DMND,SHIPPING_ROAD_NM_ADDR,SHIPPING_DADDR,SHIPPING_DV,STATUS,CREATE_DT,CREATOR,MODIFY_DT,MODIFIER) values (93,14,'이세은','010-1234-5678','직접 받고 부재 시 문 앞','서울 종로구 창경궁로 254',null,301,'Y',to_timestamp('23/10/25 16:08:36.346000000','RR/MM/DD HH24:MI:SSXFF'),'14',null,null);
Insert into SHIPPING (SHIPPING_ID,CUSTOMER_ID,SHIPPING_RECEIVER_NM,SHIPPING_RECEIVER_TELNO,SHIPPING_DMND,SHIPPING_ROAD_NM_ADDR,SHIPPING_DADDR,SHIPPING_DV,STATUS,CREATE_DT,CREATOR,MODIFY_DT,MODIFIER) values (17,16,'이세은','010-8745-8992','직접 받고 부재 시 문 앞','서울 강서구 마곡중앙로 지하 135','101동 1103호',302,'N',to_timestamp('23/09/18 13:26:28.908000000','RR/MM/DD HH24:MI:SSXFF'),'admin',null,null);
Insert into SHIPPING (SHIPPING_ID,CUSTOMER_ID,SHIPPING_RECEIVER_NM,SHIPPING_RECEIVER_TELNO,SHIPPING_DMND,SHIPPING_ROAD_NM_ADDR,SHIPPING_DADDR,SHIPPING_DV,STATUS,CREATE_DT,CREATOR,MODIFY_DT,MODIFIER) values (18,16,'최준원3','010-8745-8992','택배함','서울 강서구 양천로60길 7','101동 1103호',302,'N',to_timestamp('23/09/19 14:37:57.072000000','RR/MM/DD HH24:MI:SSXFF'),'admin',null,null);
Insert into SHIPPING (SHIPPING_ID,CUSTOMER_ID,SHIPPING_RECEIVER_NM,SHIPPING_RECEIVER_TELNO,SHIPPING_DMND,SHIPPING_ROAD_NM_ADDR,SHIPPING_DADDR,SHIPPING_DV,STATUS,CREATE_DT,CREATOR,MODIFY_DT,MODIFIER) values (19,16,'최준원3','010-8745-8992','직접 받고 부재 시 문 앞','서울 서초구 우면산로 359','101동 1103호',302,'N',to_timestamp('23/09/19 14:39:48.912000000','RR/MM/DD HH24:MI:SSXFF'),'16',to_timestamp('23/09/19 14:46:33.970000000','RR/MM/DD HH24:MI:SSXFF'),'16');
Insert into SHIPPING (SHIPPING_ID,CUSTOMER_ID,SHIPPING_RECEIVER_NM,SHIPPING_RECEIVER_TELNO,SHIPPING_DMND,SHIPPING_ROAD_NM_ADDR,SHIPPING_DADDR,SHIPPING_DV,STATUS,CREATE_DT,CREATOR,MODIFY_DT,MODIFIER) values (20,16,'최준원4','010-8745-8992','문 앞','경기 성남시 분당구 판교역로 4','101동 1103호',302,'N',to_timestamp('23/09/19 14:41:37.461000000','RR/MM/DD HH24:MI:SSXFF'),'16',to_timestamp('23/09/19 14:46:44.549000000','RR/MM/DD HH24:MI:SSXFF'),'16');
Insert into SHIPPING (SHIPPING_ID,CUSTOMER_ID,SHIPPING_RECEIVER_NM,SHIPPING_RECEIVER_TELNO,SHIPPING_DMND,SHIPPING_ROAD_NM_ADDR,SHIPPING_DADDR,SHIPPING_DV,STATUS,CREATE_DT,CREATOR,MODIFY_DT,MODIFIER) values (22,20,'양정열','010-6237-7640','양정열 입으로 갖다주세요!','경기 남양주시 화도읍 가곡로 1','302동 1305호',301,'Y',to_timestamp('23/09/19 19:44:11.346000000','RR/MM/DD HH24:MI:SSXFF'),'20',null,null);
Insert into SHIPPING (SHIPPING_ID,CUSTOMER_ID,SHIPPING_RECEIVER_NM,SHIPPING_RECEIVER_TELNO,SHIPPING_DMND,SHIPPING_ROAD_NM_ADDR,SHIPPING_DADDR,SHIPPING_DV,STATUS,CREATE_DT,CREATOR,MODIFY_DT,MODIFIER) values (26,32,'최준원','010-8745-8992','직접 받고 부재 시 문 앞','서울 강서구 염창동 246-23','101동 1103호',301,'Y',to_timestamp('23/09/27 14:07:40.746000000','RR/MM/DD HH24:MI:SSXFF'),'32',to_timestamp('23/10/02 14:02:52.325000000','RR/MM/DD HH24:MI:SSXFF'),'32');
Insert into SHIPPING (SHIPPING_ID,CUSTOMER_ID,SHIPPING_RECEIVER_NM,SHIPPING_RECEIVER_TELNO,SHIPPING_DMND,SHIPPING_ROAD_NM_ADDR,SHIPPING_DADDR,SHIPPING_DV,STATUS,CREATE_DT,CREATOR,MODIFY_DT,MODIFIER) values (27,16,'하모예','010-1234-0923','경비실','울산 북구 가대서길 25','한성에듀센터 403호',302,'N',to_timestamp('23/09/27 15:31:46.939000000','RR/MM/DD HH24:MI:SSXFF'),'16',to_timestamp('23/10/12 15:41:38.540000000','RR/MM/DD HH24:MI:SSXFF'),'16');
Insert into SHIPPING (SHIPPING_ID,CUSTOMER_ID,SHIPPING_RECEIVER_NM,SHIPPING_RECEIVER_TELNO,SHIPPING_DMND,SHIPPING_ROAD_NM_ADDR,SHIPPING_DADDR,SHIPPING_DV,STATUS,CREATE_DT,CREATOR,MODIFY_DT,MODIFIER) values (29,32,'윤상영','010-6237-7640','경비실','울산 울주군 범서읍 점촌4길 20','302동 1305호',302,'N',to_timestamp('23/10/02 14:01:48.064000000','RR/MM/DD HH24:MI:SSXFF'),'32',to_timestamp('23/10/02 14:02:52.326000000','RR/MM/DD HH24:MI:SSXFF'),'32');
Insert into SHIPPING (SHIPPING_ID,CUSTOMER_ID,SHIPPING_RECEIVER_NM,SHIPPING_RECEIVER_TELNO,SHIPPING_DMND,SHIPPING_ROAD_NM_ADDR,SHIPPING_DADDR,SHIPPING_DV,STATUS,CREATE_DT,CREATOR,MODIFY_DT,MODIFIER) values (62,28,'서해초','010-4762-2383','택배함','경기 파주시 문산읍 임진나루길 25',null,301,'Y',to_timestamp('23/10/18 17:54:59.646000000','RR/MM/DD HH24:MI:SSXFF'),'28',null,null);
Insert into SHIPPING (SHIPPING_ID,CUSTOMER_ID,SHIPPING_RECEIVER_NM,SHIPPING_RECEIVER_TELNO,SHIPPING_DMND,SHIPPING_ROAD_NM_ADDR,SHIPPING_DADDR,SHIPPING_DV,STATUS,CREATE_DT,CREATOR,MODIFY_DT,MODIFIER) values (50,22,'나현웅','010-4762-2383','문 앞','경기 성남시 분당구 대왕판교로 477',null,302,'Y',to_timestamp('23/10/10 10:55:37.989000000','RR/MM/DD HH24:MI:SSXFF'),'22',null,null);
Insert into SHIPPING (SHIPPING_ID,CUSTOMER_ID,SHIPPING_RECEIVER_NM,SHIPPING_RECEIVER_TELNO,SHIPPING_DMND,SHIPPING_ROAD_NM_ADDR,SHIPPING_DADDR,SHIPPING_DV,STATUS,CREATE_DT,CREATOR,MODIFY_DT,MODIFIER) values (58,27,'최준원','010-8745-8992','직접 받고 부재 시 문 앞','서울 강서구 양천로69길 11',null,302,'N',to_timestamp('23/10/13 09:31:43.717000000','RR/MM/DD HH24:MI:SSXFF'),'27',to_timestamp('23/10/20 13:45:57.214000000','RR/MM/DD HH24:MI:SSXFF'),'27');
Insert into SHIPPING (SHIPPING_ID,CUSTOMER_ID,SHIPPING_RECEIVER_NM,SHIPPING_RECEIVER_TELNO,SHIPPING_DMND,SHIPPING_ROAD_NM_ADDR,SHIPPING_DADDR,SHIPPING_DV,STATUS,CREATE_DT,CREATOR,MODIFY_DT,MODIFIER) values (59,29,'윤상영','010-6237-7640','문 앞','서울 종로구 혜화로3가길 1','302동 1305호',301,'Y',to_timestamp('23/10/13 10:59:14.627000000','RR/MM/DD HH24:MI:SSXFF'),'29',null,null);
Insert into SHIPPING (SHIPPING_ID,CUSTOMER_ID,SHIPPING_RECEIVER_NM,SHIPPING_RECEIVER_TELNO,SHIPPING_DMND,SHIPPING_ROAD_NM_ADDR,SHIPPING_DADDR,SHIPPING_DV,STATUS,CREATE_DT,CREATOR,MODIFY_DT,MODIFIER) values (94,42,'차은우','010-5678-1234','경비실','서울 강남구 강남대로 298',null,301,'Y',to_timestamp('23/10/26 09:25:02.025000000','RR/MM/DD HH24:MI:SSXFF'),'42',null,null);
Insert into SHIPPING (SHIPPING_ID,CUSTOMER_ID,SHIPPING_RECEIVER_NM,SHIPPING_RECEIVER_TELNO,SHIPPING_DMND,SHIPPING_ROAD_NM_ADDR,SHIPPING_DADDR,SHIPPING_DV,STATUS,CREATE_DT,CREATOR,MODIFY_DT,MODIFIER) values (99,34,'김사무엘','010-1234-1234','경비실에 ','제주특별자치도 서귀포시 가가로 14','울산바위',301,'Y',to_timestamp('23/10/29 17:07:38.232000000','RR/MM/DD HH24:MI:SSXFF'),'admin',null,null);
Insert into SHIPPING (SHIPPING_ID,CUSTOMER_ID,SHIPPING_RECEIVER_NM,SHIPPING_RECEIVER_TELNO,SHIPPING_DMND,SHIPPING_ROAD_NM_ADDR,SHIPPING_DADDR,SHIPPING_DV,STATUS,CREATE_DT,CREATOR,MODIFY_DT,MODIFIER) values (23,21,'윤상영','010-6666-6666','지하에 놔주세요','서울 강남구 신사동 532','지하실',301,'Y',to_timestamp('23/09/19 19:49:48.504000000','RR/MM/DD HH24:MI:SSXFF'),'21',null,null);
Insert into SHIPPING (SHIPPING_ID,CUSTOMER_ID,SHIPPING_RECEIVER_NM,SHIPPING_RECEIVER_TELNO,SHIPPING_DMND,SHIPPING_ROAD_NM_ADDR,SHIPPING_DADDR,SHIPPING_DV,STATUS,CREATE_DT,CREATOR,MODIFY_DT,MODIFIER) values (64,0,'이세인','010-0000-0000','문 앞','서울 영등포구 여의대로 8',null,302,'Y',to_timestamp('23/10/19 17:21:16.168000000','RR/MM/DD HH24:MI:SSXFF'),'0',null,null);
Insert into SHIPPING (SHIPPING_ID,CUSTOMER_ID,SHIPPING_RECEIVER_NM,SHIPPING_RECEIVER_TELNO,SHIPPING_DMND,SHIPPING_ROAD_NM_ADDR,SHIPPING_DADDR,SHIPPING_DV,STATUS,CREATE_DT,CREATOR,MODIFY_DT,MODIFIER) values (86,18,'나현웅','010-4762-2383','문앞','경북 안동시 옥서1길 50','1203호',301,'Y',to_timestamp('23/10/23 11:17:20.191000000','RR/MM/DD HH24:MI:SSXFF'),'admin',null,null);
commit;
REM INSERTING into SPECIAL_PRODUCT
SET DEFINE OFF;
Insert into SPECIAL_PRODUCT (SPECIAL_PRODUCT_ID,STATUS,CREATE_DT,CREATOR,MODIFY_DT,MODIFIER,PRODUCT_ID) values (120231013090659381,'Y',to_timestamp('23/10/13 09:06:59.000000000','RR/MM/DD HH24:MI:SSXFF'),'computer',null,null,19);
Insert into SPECIAL_PRODUCT (SPECIAL_PRODUCT_ID,STATUS,CREATE_DT,CREATOR,MODIFY_DT,MODIFIER,PRODUCT_ID) values (220231013090659381,'Y',to_timestamp('23/10/13 09:06:59.000000000','RR/MM/DD HH24:MI:SSXFF'),'computer',null,null,22);
Insert into SPECIAL_PRODUCT (SPECIAL_PRODUCT_ID,STATUS,CREATE_DT,CREATOR,MODIFY_DT,MODIFIER,PRODUCT_ID) values (320231013090659381,'Y',to_timestamp('23/10/13 09:06:59.000000000','RR/MM/DD HH24:MI:SSXFF'),'computer',null,null,9);
Insert into SPECIAL_PRODUCT (SPECIAL_PRODUCT_ID,STATUS,CREATE_DT,CREATOR,MODIFY_DT,MODIFIER,PRODUCT_ID) values (420231013090659381,'Y',to_timestamp('23/10/13 09:06:59.000000000','RR/MM/DD HH24:MI:SSXFF'),'computer',null,null,474);
Insert into SPECIAL_PRODUCT (SPECIAL_PRODUCT_ID,STATUS,CREATE_DT,CREATOR,MODIFY_DT,MODIFIER,PRODUCT_ID) values (520231013090659381,'Y',to_timestamp('23/10/13 09:06:59.000000000','RR/MM/DD HH24:MI:SSXFF'),'computer',null,null,23);
Insert into SPECIAL_PRODUCT (SPECIAL_PRODUCT_ID,STATUS,CREATE_DT,CREATOR,MODIFY_DT,MODIFIER,PRODUCT_ID) values (620231013090659381,'Y',to_timestamp('23/10/13 09:06:59.000000000','RR/MM/DD HH24:MI:SSXFF'),'computer',null,null,372);
Insert into SPECIAL_PRODUCT (SPECIAL_PRODUCT_ID,STATUS,CREATE_DT,CREATOR,MODIFY_DT,MODIFIER,PRODUCT_ID) values (720231013090659381,'Y',to_timestamp('23/10/13 09:06:59.000000000','RR/MM/DD HH24:MI:SSXFF'),'computer',null,null,16);
Insert into SPECIAL_PRODUCT (SPECIAL_PRODUCT_ID,STATUS,CREATE_DT,CREATOR,MODIFY_DT,MODIFIER,PRODUCT_ID) values (820231013090659381,'Y',to_timestamp('23/10/13 09:06:59.000000000','RR/MM/DD HH24:MI:SSXFF'),'computer',null,null,456);
Insert into SPECIAL_PRODUCT (SPECIAL_PRODUCT_ID,STATUS,CREATE_DT,CREATOR,MODIFY_DT,MODIFIER,PRODUCT_ID) values (920231013090659381,'Y',to_timestamp('23/10/13 09:06:59.000000000','RR/MM/DD HH24:MI:SSXFF'),'computer',null,null,468);
Insert into SPECIAL_PRODUCT (SPECIAL_PRODUCT_ID,STATUS,CREATE_DT,CREATOR,MODIFY_DT,MODIFIER,PRODUCT_ID) values (20231017090659920,'Y',to_timestamp('23/10/17 09:06:59.000000000','RR/MM/DD HH24:MI:SSXFF'),'computer',null,null,11);
Insert into SPECIAL_PRODUCT (SPECIAL_PRODUCT_ID,STATUS,CREATE_DT,CREATOR,MODIFY_DT,MODIFIER,PRODUCT_ID) values (120231017090659920,'Y',to_timestamp('23/10/17 09:06:59.000000000','RR/MM/DD HH24:MI:SSXFF'),'computer',null,null,19);
Insert into SPECIAL_PRODUCT (SPECIAL_PRODUCT_ID,STATUS,CREATE_DT,CREATOR,MODIFY_DT,MODIFIER,PRODUCT_ID) values (220231017090659920,'Y',to_timestamp('23/10/17 09:06:59.000000000','RR/MM/DD HH24:MI:SSXFF'),'computer',null,null,22);
Insert into SPECIAL_PRODUCT (SPECIAL_PRODUCT_ID,STATUS,CREATE_DT,CREATOR,MODIFY_DT,MODIFIER,PRODUCT_ID) values (320231017090659920,'Y',to_timestamp('23/10/17 09:06:59.000000000','RR/MM/DD HH24:MI:SSXFF'),'computer',null,null,9);
Insert into SPECIAL_PRODUCT (SPECIAL_PRODUCT_ID,STATUS,CREATE_DT,CREATOR,MODIFY_DT,MODIFIER,PRODUCT_ID) values (420231017090659920,'Y',to_timestamp('23/10/17 09:06:59.000000000','RR/MM/DD HH24:MI:SSXFF'),'computer',null,null,474);
Insert into SPECIAL_PRODUCT (SPECIAL_PRODUCT_ID,STATUS,CREATE_DT,CREATOR,MODIFY_DT,MODIFIER,PRODUCT_ID) values (520231017090659920,'Y',to_timestamp('23/10/17 09:06:59.000000000','RR/MM/DD HH24:MI:SSXFF'),'computer',null,null,372);
Insert into SPECIAL_PRODUCT (SPECIAL_PRODUCT_ID,STATUS,CREATE_DT,CREATOR,MODIFY_DT,MODIFIER,PRODUCT_ID) values (620231017090659920,'N',to_timestamp('23/10/17 09:06:59.000000000','RR/MM/DD HH24:MI:SSXFF'),'computer',to_timestamp('23/10/17 16:03:12.118000000','RR/MM/DD HH24:MI:SSXFF'),'admin',23);
Insert into SPECIAL_PRODUCT (SPECIAL_PRODUCT_ID,STATUS,CREATE_DT,CREATOR,MODIFY_DT,MODIFIER,PRODUCT_ID) values (720231017090659920,'Y',to_timestamp('23/10/17 09:06:59.000000000','RR/MM/DD HH24:MI:SSXFF'),'computer',null,null,28);
Insert into SPECIAL_PRODUCT (SPECIAL_PRODUCT_ID,STATUS,CREATE_DT,CREATOR,MODIFY_DT,MODIFIER,PRODUCT_ID) values (820231017090659920,'Y',to_timestamp('23/10/17 09:06:59.000000000','RR/MM/DD HH24:MI:SSXFF'),'computer',null,null,16);
Insert into SPECIAL_PRODUCT (SPECIAL_PRODUCT_ID,STATUS,CREATE_DT,CREATOR,MODIFY_DT,MODIFIER,PRODUCT_ID) values (920231017090659920,'Y',to_timestamp('23/10/17 09:06:59.000000000','RR/MM/DD HH24:MI:SSXFF'),'computer',null,null,456);
Insert into SPECIAL_PRODUCT (SPECIAL_PRODUCT_ID,STATUS,CREATE_DT,CREATOR,MODIFY_DT,MODIFIER,PRODUCT_ID) values (20231018090659399,'Y',to_timestamp('23/10/18 09:06:59.000000000','RR/MM/DD HH24:MI:SSXFF'),'computer',null,null,11);
Insert into SPECIAL_PRODUCT (SPECIAL_PRODUCT_ID,STATUS,CREATE_DT,CREATOR,MODIFY_DT,MODIFIER,PRODUCT_ID) values (120231018090659399,'Y',to_timestamp('23/10/18 09:06:59.000000000','RR/MM/DD HH24:MI:SSXFF'),'computer',null,null,19);
Insert into SPECIAL_PRODUCT (SPECIAL_PRODUCT_ID,STATUS,CREATE_DT,CREATOR,MODIFY_DT,MODIFIER,PRODUCT_ID) values (220231018090659399,'Y',to_timestamp('23/10/18 09:06:59.000000000','RR/MM/DD HH24:MI:SSXFF'),'computer',null,null,9);
Insert into SPECIAL_PRODUCT (SPECIAL_PRODUCT_ID,STATUS,CREATE_DT,CREATOR,MODIFY_DT,MODIFIER,PRODUCT_ID) values (320231018090659399,'Y',to_timestamp('23/10/18 09:06:59.000000000','RR/MM/DD HH24:MI:SSXFF'),'computer',null,null,474);
Insert into SPECIAL_PRODUCT (SPECIAL_PRODUCT_ID,STATUS,CREATE_DT,CREATOR,MODIFY_DT,MODIFIER,PRODUCT_ID) values (420231018090659399,'Y',to_timestamp('23/10/18 09:06:59.000000000','RR/MM/DD HH24:MI:SSXFF'),'computer',null,null,22);
Insert into SPECIAL_PRODUCT (SPECIAL_PRODUCT_ID,STATUS,CREATE_DT,CREATOR,MODIFY_DT,MODIFIER,PRODUCT_ID) values (520231018090659399,'Y',to_timestamp('23/10/18 09:06:59.000000000','RR/MM/DD HH24:MI:SSXFF'),'computer',null,null,23);
Insert into SPECIAL_PRODUCT (SPECIAL_PRODUCT_ID,STATUS,CREATE_DT,CREATOR,MODIFY_DT,MODIFIER,PRODUCT_ID) values (620231018090659399,'Y',to_timestamp('23/10/18 09:06:59.000000000','RR/MM/DD HH24:MI:SSXFF'),'computer',null,null,372);
Insert into SPECIAL_PRODUCT (SPECIAL_PRODUCT_ID,STATUS,CREATE_DT,CREATOR,MODIFY_DT,MODIFIER,PRODUCT_ID) values (720231018090659399,'Y',to_timestamp('23/10/18 09:06:59.000000000','RR/MM/DD HH24:MI:SSXFF'),'computer',null,null,28);
Insert into SPECIAL_PRODUCT (SPECIAL_PRODUCT_ID,STATUS,CREATE_DT,CREATOR,MODIFY_DT,MODIFIER,PRODUCT_ID) values (820231018090659399,'Y',to_timestamp('23/10/18 09:06:59.000000000','RR/MM/DD HH24:MI:SSXFF'),'computer',null,null,456);
Insert into SPECIAL_PRODUCT (SPECIAL_PRODUCT_ID,STATUS,CREATE_DT,CREATOR,MODIFY_DT,MODIFIER,PRODUCT_ID) values (920231018090659399,'Y',to_timestamp('23/10/18 09:06:59.000000000','RR/MM/DD HH24:MI:SSXFF'),'computer',null,null,16);
Insert into SPECIAL_PRODUCT (SPECIAL_PRODUCT_ID,STATUS,CREATE_DT,CREATOR,MODIFY_DT,MODIFIER,PRODUCT_ID) values (20231020090700241,'Y',to_timestamp('23/10/20 09:07:00.000000000','RR/MM/DD HH24:MI:SSXFF'),'computer',null,null,11);
Insert into SPECIAL_PRODUCT (SPECIAL_PRODUCT_ID,STATUS,CREATE_DT,CREATOR,MODIFY_DT,MODIFIER,PRODUCT_ID) values (120231020090700241,'Y',to_timestamp('23/10/20 09:07:00.000000000','RR/MM/DD HH24:MI:SSXFF'),'computer',null,null,19);
Insert into SPECIAL_PRODUCT (SPECIAL_PRODUCT_ID,STATUS,CREATE_DT,CREATOR,MODIFY_DT,MODIFIER,PRODUCT_ID) values (220231020090700241,'Y',to_timestamp('23/10/20 09:07:00.000000000','RR/MM/DD HH24:MI:SSXFF'),'computer',null,null,474);
Insert into SPECIAL_PRODUCT (SPECIAL_PRODUCT_ID,STATUS,CREATE_DT,CREATOR,MODIFY_DT,MODIFIER,PRODUCT_ID) values (320231020090700241,'Y',to_timestamp('23/10/20 09:07:00.000000000','RR/MM/DD HH24:MI:SSXFF'),'computer',null,null,372);
Insert into SPECIAL_PRODUCT (SPECIAL_PRODUCT_ID,STATUS,CREATE_DT,CREATOR,MODIFY_DT,MODIFIER,PRODUCT_ID) values (420231020090700241,'Y',to_timestamp('23/10/20 09:07:00.000000000','RR/MM/DD HH24:MI:SSXFF'),'computer',null,null,22);
Insert into SPECIAL_PRODUCT (SPECIAL_PRODUCT_ID,STATUS,CREATE_DT,CREATOR,MODIFY_DT,MODIFIER,PRODUCT_ID) values (520231020090700241,'Y',to_timestamp('23/10/20 09:07:00.000000000','RR/MM/DD HH24:MI:SSXFF'),'computer',null,null,9);
Insert into SPECIAL_PRODUCT (SPECIAL_PRODUCT_ID,STATUS,CREATE_DT,CREATOR,MODIFY_DT,MODIFIER,PRODUCT_ID) values (620231020090700241,'Y',to_timestamp('23/10/20 09:07:00.000000000','RR/MM/DD HH24:MI:SSXFF'),'computer',null,null,508);
Insert into SPECIAL_PRODUCT (SPECIAL_PRODUCT_ID,STATUS,CREATE_DT,CREATOR,MODIFY_DT,MODIFIER,PRODUCT_ID) values (720231020090700241,'Y',to_timestamp('23/10/20 09:07:00.000000000','RR/MM/DD HH24:MI:SSXFF'),'computer',null,null,3);
Insert into SPECIAL_PRODUCT (SPECIAL_PRODUCT_ID,STATUS,CREATE_DT,CREATOR,MODIFY_DT,MODIFIER,PRODUCT_ID) values (820231020090700241,'Y',to_timestamp('23/10/20 09:07:00.000000000','RR/MM/DD HH24:MI:SSXFF'),'computer',null,null,16);
Insert into SPECIAL_PRODUCT (SPECIAL_PRODUCT_ID,STATUS,CREATE_DT,CREATOR,MODIFY_DT,MODIFIER,PRODUCT_ID) values (920231020090700241,'Y',to_timestamp('23/10/20 09:07:00.000000000','RR/MM/DD HH24:MI:SSXFF'),'computer',null,null,28);
Insert into SPECIAL_PRODUCT (SPECIAL_PRODUCT_ID,STATUS,CREATE_DT,CREATOR,MODIFY_DT,MODIFIER,PRODUCT_ID) values (20231027090700219,'Y',to_timestamp('23/10/27 09:07:00.000000000','RR/MM/DD HH24:MI:SSXFF'),'computer',null,null,11);
Insert into SPECIAL_PRODUCT (SPECIAL_PRODUCT_ID,STATUS,CREATE_DT,CREATOR,MODIFY_DT,MODIFIER,PRODUCT_ID) values (120231027090700219,'Y',to_timestamp('23/10/27 09:07:00.000000000','RR/MM/DD HH24:MI:SSXFF'),'computer',null,null,17);
Insert into SPECIAL_PRODUCT (SPECIAL_PRODUCT_ID,STATUS,CREATE_DT,CREATOR,MODIFY_DT,MODIFIER,PRODUCT_ID) values (220231027090700219,'Y',to_timestamp('23/10/27 09:07:00.000000000','RR/MM/DD HH24:MI:SSXFF'),'computer',null,null,3);
Insert into SPECIAL_PRODUCT (SPECIAL_PRODUCT_ID,STATUS,CREATE_DT,CREATOR,MODIFY_DT,MODIFIER,PRODUCT_ID) values (320231027090700219,'Y',to_timestamp('23/10/27 09:07:00.000000000','RR/MM/DD HH24:MI:SSXFF'),'computer',null,null,19);
Insert into SPECIAL_PRODUCT (SPECIAL_PRODUCT_ID,STATUS,CREATE_DT,CREATOR,MODIFY_DT,MODIFIER,PRODUCT_ID) values (420231027090700219,'Y',to_timestamp('23/10/27 09:07:00.000000000','RR/MM/DD HH24:MI:SSXFF'),'computer',null,null,34);
Insert into SPECIAL_PRODUCT (SPECIAL_PRODUCT_ID,STATUS,CREATE_DT,CREATOR,MODIFY_DT,MODIFIER,PRODUCT_ID) values (520231027090700219,'Y',to_timestamp('23/10/27 09:07:00.000000000','RR/MM/DD HH24:MI:SSXFF'),'computer',null,null,474);
Insert into SPECIAL_PRODUCT (SPECIAL_PRODUCT_ID,STATUS,CREATE_DT,CREATOR,MODIFY_DT,MODIFIER,PRODUCT_ID) values (620231027090700219,'Y',to_timestamp('23/10/27 09:07:00.000000000','RR/MM/DD HH24:MI:SSXFF'),'computer',null,null,22);
Insert into SPECIAL_PRODUCT (SPECIAL_PRODUCT_ID,STATUS,CREATE_DT,CREATOR,MODIFY_DT,MODIFIER,PRODUCT_ID) values (720231027090700219,'Y',to_timestamp('23/10/27 09:07:00.000000000','RR/MM/DD HH24:MI:SSXFF'),'computer',null,null,372);
Insert into SPECIAL_PRODUCT (SPECIAL_PRODUCT_ID,STATUS,CREATE_DT,CREATOR,MODIFY_DT,MODIFIER,PRODUCT_ID) values (820231027090700219,'Y',to_timestamp('23/10/27 09:07:00.000000000','RR/MM/DD HH24:MI:SSXFF'),'computer',null,null,9);
Insert into SPECIAL_PRODUCT (SPECIAL_PRODUCT_ID,STATUS,CREATE_DT,CREATOR,MODIFY_DT,MODIFIER,PRODUCT_ID) values (920231027090700219,'Y',to_timestamp('23/10/27 09:07:00.000000000','RR/MM/DD HH24:MI:SSXFF'),'computer',null,null,508);
Insert into SPECIAL_PRODUCT (SPECIAL_PRODUCT_ID,STATUS,CREATE_DT,CREATOR,MODIFY_DT,MODIFIER,PRODUCT_ID) values (20231011111959755,'Y',to_timestamp('23/10/11 11:19:59.000000000','RR/MM/DD HH24:MI:SSXFF'),'computer',null,null,19);
Insert into SPECIAL_PRODUCT (SPECIAL_PRODUCT_ID,STATUS,CREATE_DT,CREATOR,MODIFY_DT,MODIFIER,PRODUCT_ID) values (120231011111959755,'Y',to_timestamp('23/10/11 11:19:59.000000000','RR/MM/DD HH24:MI:SSXFF'),'computer',null,null,474);
Insert into SPECIAL_PRODUCT (SPECIAL_PRODUCT_ID,STATUS,CREATE_DT,CREATOR,MODIFY_DT,MODIFIER,PRODUCT_ID) values (220231011111959755,'Y',to_timestamp('23/10/11 11:19:59.000000000','RR/MM/DD HH24:MI:SSXFF'),'computer',null,null,9);
Insert into SPECIAL_PRODUCT (SPECIAL_PRODUCT_ID,STATUS,CREATE_DT,CREATOR,MODIFY_DT,MODIFIER,PRODUCT_ID) values (320231011111959755,'Y',to_timestamp('23/10/11 11:19:59.000000000','RR/MM/DD HH24:MI:SSXFF'),'computer',null,null,11);
Insert into SPECIAL_PRODUCT (SPECIAL_PRODUCT_ID,STATUS,CREATE_DT,CREATOR,MODIFY_DT,MODIFIER,PRODUCT_ID) values (420231011111959755,'Y',to_timestamp('23/10/11 11:19:59.000000000','RR/MM/DD HH24:MI:SSXFF'),'computer',null,null,471);
Insert into SPECIAL_PRODUCT (SPECIAL_PRODUCT_ID,STATUS,CREATE_DT,CREATOR,MODIFY_DT,MODIFIER,PRODUCT_ID) values (520231011111959755,'Y',to_timestamp('23/10/11 11:19:59.000000000','RR/MM/DD HH24:MI:SSXFF'),'computer',null,null,372);
Insert into SPECIAL_PRODUCT (SPECIAL_PRODUCT_ID,STATUS,CREATE_DT,CREATOR,MODIFY_DT,MODIFIER,PRODUCT_ID) values (620231011111959755,'Y',to_timestamp('23/10/11 11:19:59.000000000','RR/MM/DD HH24:MI:SSXFF'),'computer',null,null,13);
Insert into SPECIAL_PRODUCT (SPECIAL_PRODUCT_ID,STATUS,CREATE_DT,CREATOR,MODIFY_DT,MODIFIER,PRODUCT_ID) values (720231011111959755,'Y',to_timestamp('23/10/11 11:19:59.000000000','RR/MM/DD HH24:MI:SSXFF'),'computer',null,null,23);
Insert into SPECIAL_PRODUCT (SPECIAL_PRODUCT_ID,STATUS,CREATE_DT,CREATOR,MODIFY_DT,MODIFIER,PRODUCT_ID) values (820231011111959755,'Y',to_timestamp('23/10/11 11:19:59.000000000','RR/MM/DD HH24:MI:SSXFF'),'computer',null,null,150);
Insert into SPECIAL_PRODUCT (SPECIAL_PRODUCT_ID,STATUS,CREATE_DT,CREATOR,MODIFY_DT,MODIFIER,PRODUCT_ID) values (920231011111959755,'Y',to_timestamp('23/10/11 11:19:59.000000000','RR/MM/DD HH24:MI:SSXFF'),'computer',null,null,36);
Insert into SPECIAL_PRODUCT (SPECIAL_PRODUCT_ID,STATUS,CREATE_DT,CREATOR,MODIFY_DT,MODIFIER,PRODUCT_ID) values (20231013090659381,'Y',to_timestamp('23/10/13 09:06:59.000000000','RR/MM/DD HH24:MI:SSXFF'),'computer',null,null,11);
Insert into SPECIAL_PRODUCT (SPECIAL_PRODUCT_ID,STATUS,CREATE_DT,CREATOR,MODIFY_DT,MODIFIER,PRODUCT_ID) values (120231011090658480,'Y',to_timestamp('23/10/11 09:06:58.000000000','RR/MM/DD HH24:MI:SSXFF'),'computer',null,null,11);
Insert into SPECIAL_PRODUCT (SPECIAL_PRODUCT_ID,STATUS,CREATE_DT,CREATOR,MODIFY_DT,MODIFIER,PRODUCT_ID) values (220231011090658480,'Y',to_timestamp('23/10/11 09:06:58.000000000','RR/MM/DD HH24:MI:SSXFF'),'computer',null,null,9);
Insert into SPECIAL_PRODUCT (SPECIAL_PRODUCT_ID,STATUS,CREATE_DT,CREATOR,MODIFY_DT,MODIFIER,PRODUCT_ID) values (320231011090658480,'Y',to_timestamp('23/10/11 09:06:58.000000000','RR/MM/DD HH24:MI:SSXFF'),'computer',null,null,372);
Insert into SPECIAL_PRODUCT (SPECIAL_PRODUCT_ID,STATUS,CREATE_DT,CREATOR,MODIFY_DT,MODIFIER,PRODUCT_ID) values (420231011090658480,'Y',to_timestamp('23/10/11 09:06:58.000000000','RR/MM/DD HH24:MI:SSXFF'),'computer',null,null,13);
Insert into SPECIAL_PRODUCT (SPECIAL_PRODUCT_ID,STATUS,CREATE_DT,CREATOR,MODIFY_DT,MODIFIER,PRODUCT_ID) values (520231011090658480,'Y',to_timestamp('23/10/11 09:06:58.000000000','RR/MM/DD HH24:MI:SSXFF'),'computer',null,null,23);
Insert into SPECIAL_PRODUCT (SPECIAL_PRODUCT_ID,STATUS,CREATE_DT,CREATOR,MODIFY_DT,MODIFIER,PRODUCT_ID) values (620231011090658480,'Y',to_timestamp('23/10/11 09:06:58.000000000','RR/MM/DD HH24:MI:SSXFF'),'computer',null,null,22);
Insert into SPECIAL_PRODUCT (SPECIAL_PRODUCT_ID,STATUS,CREATE_DT,CREATOR,MODIFY_DT,MODIFIER,PRODUCT_ID) values (720231011090658480,'Y',to_timestamp('23/10/11 09:06:58.000000000','RR/MM/DD HH24:MI:SSXFF'),'computer',null,null,36);
Insert into SPECIAL_PRODUCT (SPECIAL_PRODUCT_ID,STATUS,CREATE_DT,CREATOR,MODIFY_DT,MODIFIER,PRODUCT_ID) values (820231011090658480,'Y',to_timestamp('23/10/11 09:06:58.000000000','RR/MM/DD HH24:MI:SSXFF'),'computer',null,null,468);
Insert into SPECIAL_PRODUCT (SPECIAL_PRODUCT_ID,STATUS,CREATE_DT,CREATOR,MODIFY_DT,MODIFIER,PRODUCT_ID) values (920231011090658480,'Y',to_timestamp('23/10/11 09:06:58.000000000','RR/MM/DD HH24:MI:SSXFF'),'computer',null,null,32);
Insert into SPECIAL_PRODUCT (SPECIAL_PRODUCT_ID,STATUS,CREATE_DT,CREATOR,MODIFY_DT,MODIFIER,PRODUCT_ID) values (20231015220401920,'Y',to_timestamp('23/10/15 22:04:01.000000000','RR/MM/DD HH24:MI:SSXFF'),'computer',null,null,11);
Insert into SPECIAL_PRODUCT (SPECIAL_PRODUCT_ID,STATUS,CREATE_DT,CREATOR,MODIFY_DT,MODIFIER,PRODUCT_ID) values (120231015220401920,'Y',to_timestamp('23/10/15 22:04:01.000000000','RR/MM/DD HH24:MI:SSXFF'),'computer',null,null,19);
Insert into SPECIAL_PRODUCT (SPECIAL_PRODUCT_ID,STATUS,CREATE_DT,CREATOR,MODIFY_DT,MODIFIER,PRODUCT_ID) values (220231015220401920,'Y',to_timestamp('23/10/15 22:04:01.000000000','RR/MM/DD HH24:MI:SSXFF'),'computer',null,null,22);
Insert into SPECIAL_PRODUCT (SPECIAL_PRODUCT_ID,STATUS,CREATE_DT,CREATOR,MODIFY_DT,MODIFIER,PRODUCT_ID) values (320231015220401920,'Y',to_timestamp('23/10/15 22:04:01.000000000','RR/MM/DD HH24:MI:SSXFF'),'computer',null,null,474);
Insert into SPECIAL_PRODUCT (SPECIAL_PRODUCT_ID,STATUS,CREATE_DT,CREATOR,MODIFY_DT,MODIFIER,PRODUCT_ID) values (420231015220401920,'Y',to_timestamp('23/10/15 22:04:01.000000000','RR/MM/DD HH24:MI:SSXFF'),'computer',null,null,9);
Insert into SPECIAL_PRODUCT (SPECIAL_PRODUCT_ID,STATUS,CREATE_DT,CREATOR,MODIFY_DT,MODIFIER,PRODUCT_ID) values (520231015220401920,'Y',to_timestamp('23/10/15 22:04:01.000000000','RR/MM/DD HH24:MI:SSXFF'),'computer',null,null,16);
Insert into SPECIAL_PRODUCT (SPECIAL_PRODUCT_ID,STATUS,CREATE_DT,CREATOR,MODIFY_DT,MODIFIER,PRODUCT_ID) values (620231015220401920,'Y',to_timestamp('23/10/15 22:04:01.000000000','RR/MM/DD HH24:MI:SSXFF'),'computer',null,null,23);
Insert into SPECIAL_PRODUCT (SPECIAL_PRODUCT_ID,STATUS,CREATE_DT,CREATOR,MODIFY_DT,MODIFIER,PRODUCT_ID) values (720231015220401920,'Y',to_timestamp('23/10/15 22:04:01.000000000','RR/MM/DD HH24:MI:SSXFF'),'computer',null,null,372);
Insert into SPECIAL_PRODUCT (SPECIAL_PRODUCT_ID,STATUS,CREATE_DT,CREATOR,MODIFY_DT,MODIFIER,PRODUCT_ID) values (820231015220401920,'Y',to_timestamp('23/10/15 22:04:01.000000000','RR/MM/DD HH24:MI:SSXFF'),'computer',null,null,456);
Insert into SPECIAL_PRODUCT (SPECIAL_PRODUCT_ID,STATUS,CREATE_DT,CREATOR,MODIFY_DT,MODIFIER,PRODUCT_ID) values (920231015220401920,'Y',to_timestamp('23/10/15 22:04:01.000000000','RR/MM/DD HH24:MI:SSXFF'),'computer',null,null,28);
Insert into SPECIAL_PRODUCT (SPECIAL_PRODUCT_ID,STATUS,CREATE_DT,CREATOR,MODIFY_DT,MODIFIER,PRODUCT_ID) values (20231023090700078,'Y',to_timestamp('23/10/23 09:07:00.000000000','RR/MM/DD HH24:MI:SSXFF'),'computer',null,null,11);
Insert into SPECIAL_PRODUCT (SPECIAL_PRODUCT_ID,STATUS,CREATE_DT,CREATOR,MODIFY_DT,MODIFIER,PRODUCT_ID) values (120231023090700078,'Y',to_timestamp('23/10/23 09:07:00.000000000','RR/MM/DD HH24:MI:SSXFF'),'computer',null,null,3);
Insert into SPECIAL_PRODUCT (SPECIAL_PRODUCT_ID,STATUS,CREATE_DT,CREATOR,MODIFY_DT,MODIFIER,PRODUCT_ID) values (220231023090700078,'Y',to_timestamp('23/10/23 09:07:00.000000000','RR/MM/DD HH24:MI:SSXFF'),'computer',null,null,19);
Insert into SPECIAL_PRODUCT (SPECIAL_PRODUCT_ID,STATUS,CREATE_DT,CREATOR,MODIFY_DT,MODIFIER,PRODUCT_ID) values (320231023090700078,'Y',to_timestamp('23/10/23 09:07:00.000000000','RR/MM/DD HH24:MI:SSXFF'),'computer',null,null,474);
Insert into SPECIAL_PRODUCT (SPECIAL_PRODUCT_ID,STATUS,CREATE_DT,CREATOR,MODIFY_DT,MODIFIER,PRODUCT_ID) values (420231023090700078,'Y',to_timestamp('23/10/23 09:07:00.000000000','RR/MM/DD HH24:MI:SSXFF'),'computer',null,null,22);
Insert into SPECIAL_PRODUCT (SPECIAL_PRODUCT_ID,STATUS,CREATE_DT,CREATOR,MODIFY_DT,MODIFIER,PRODUCT_ID) values (520231023090700078,'Y',to_timestamp('23/10/23 09:07:00.000000000','RR/MM/DD HH24:MI:SSXFF'),'computer',null,null,372);
Insert into SPECIAL_PRODUCT (SPECIAL_PRODUCT_ID,STATUS,CREATE_DT,CREATOR,MODIFY_DT,MODIFIER,PRODUCT_ID) values (620231023090700078,'Y',to_timestamp('23/10/23 09:07:00.000000000','RR/MM/DD HH24:MI:SSXFF'),'computer',null,null,9);
Insert into SPECIAL_PRODUCT (SPECIAL_PRODUCT_ID,STATUS,CREATE_DT,CREATOR,MODIFY_DT,MODIFIER,PRODUCT_ID) values (720231023090700078,'Y',to_timestamp('23/10/23 09:07:00.000000000','RR/MM/DD HH24:MI:SSXFF'),'computer',null,null,508);
Insert into SPECIAL_PRODUCT (SPECIAL_PRODUCT_ID,STATUS,CREATE_DT,CREATOR,MODIFY_DT,MODIFIER,PRODUCT_ID) values (820231023090700078,'Y',to_timestamp('23/10/23 09:07:00.000000000','RR/MM/DD HH24:MI:SSXFF'),'computer',null,null,28);
Insert into SPECIAL_PRODUCT (SPECIAL_PRODUCT_ID,STATUS,CREATE_DT,CREATOR,MODIFY_DT,MODIFIER,PRODUCT_ID) values (920231023090700078,'Y',to_timestamp('23/10/23 09:07:00.000000000','RR/MM/DD HH24:MI:SSXFF'),'computer',null,null,16);
Insert into SPECIAL_PRODUCT (SPECIAL_PRODUCT_ID,STATUS,CREATE_DT,CREATOR,MODIFY_DT,MODIFIER,PRODUCT_ID) values (20231024090700479,'Y',to_timestamp('23/10/24 09:07:00.000000000','RR/MM/DD HH24:MI:SSXFF'),'computer',null,null,11);
Insert into SPECIAL_PRODUCT (SPECIAL_PRODUCT_ID,STATUS,CREATE_DT,CREATOR,MODIFY_DT,MODIFIER,PRODUCT_ID) values (120231024090700479,'Y',to_timestamp('23/10/24 09:07:00.000000000','RR/MM/DD HH24:MI:SSXFF'),'computer',null,null,3);
Insert into SPECIAL_PRODUCT (SPECIAL_PRODUCT_ID,STATUS,CREATE_DT,CREATOR,MODIFY_DT,MODIFIER,PRODUCT_ID) values (220231024090700479,'Y',to_timestamp('23/10/24 09:07:00.000000000','RR/MM/DD HH24:MI:SSXFF'),'computer',null,null,19);
Insert into SPECIAL_PRODUCT (SPECIAL_PRODUCT_ID,STATUS,CREATE_DT,CREATOR,MODIFY_DT,MODIFIER,PRODUCT_ID) values (320231024090700479,'Y',to_timestamp('23/10/24 09:07:00.000000000','RR/MM/DD HH24:MI:SSXFF'),'computer',null,null,474);
Insert into SPECIAL_PRODUCT (SPECIAL_PRODUCT_ID,STATUS,CREATE_DT,CREATOR,MODIFY_DT,MODIFIER,PRODUCT_ID) values (420231024090700479,'Y',to_timestamp('23/10/24 09:07:00.000000000','RR/MM/DD HH24:MI:SSXFF'),'computer',null,null,22);
Insert into SPECIAL_PRODUCT (SPECIAL_PRODUCT_ID,STATUS,CREATE_DT,CREATOR,MODIFY_DT,MODIFIER,PRODUCT_ID) values (520231024090700479,'Y',to_timestamp('23/10/24 09:07:00.000000000','RR/MM/DD HH24:MI:SSXFF'),'computer',null,null,9);
Insert into SPECIAL_PRODUCT (SPECIAL_PRODUCT_ID,STATUS,CREATE_DT,CREATOR,MODIFY_DT,MODIFIER,PRODUCT_ID) values (620231024090700479,'Y',to_timestamp('23/10/24 09:07:00.000000000','RR/MM/DD HH24:MI:SSXFF'),'computer',null,null,372);
Insert into SPECIAL_PRODUCT (SPECIAL_PRODUCT_ID,STATUS,CREATE_DT,CREATOR,MODIFY_DT,MODIFIER,PRODUCT_ID) values (720231024090700479,'Y',to_timestamp('23/10/24 09:07:00.000000000','RR/MM/DD HH24:MI:SSXFF'),'computer',null,null,508);
Insert into SPECIAL_PRODUCT (SPECIAL_PRODUCT_ID,STATUS,CREATE_DT,CREATOR,MODIFY_DT,MODIFIER,PRODUCT_ID) values (820231024090700479,'Y',to_timestamp('23/10/24 09:07:00.000000000','RR/MM/DD HH24:MI:SSXFF'),'computer',null,null,488);
Insert into SPECIAL_PRODUCT (SPECIAL_PRODUCT_ID,STATUS,CREATE_DT,CREATOR,MODIFY_DT,MODIFIER,PRODUCT_ID) values (920231024090700479,'Y',to_timestamp('23/10/24 09:07:00.000000000','RR/MM/DD HH24:MI:SSXFF'),'computer',null,null,28);
Insert into SPECIAL_PRODUCT (SPECIAL_PRODUCT_ID,STATUS,CREATE_DT,CREATOR,MODIFY_DT,MODIFIER,PRODUCT_ID) values (20231025090700055,'Y',to_timestamp('23/10/25 09:07:00.000000000','RR/MM/DD HH24:MI:SSXFF'),'computer',null,null,11);
commit;
Insert into SPECIAL_PRODUCT (SPECIAL_PRODUCT_ID,STATUS,CREATE_DT,CREATOR,MODIFY_DT,MODIFIER,PRODUCT_ID) values (120231025090700055,'Y',to_timestamp('23/10/25 09:07:00.000000000','RR/MM/DD HH24:MI:SSXFF'),'computer',null,null,3);
Insert into SPECIAL_PRODUCT (SPECIAL_PRODUCT_ID,STATUS,CREATE_DT,CREATOR,MODIFY_DT,MODIFIER,PRODUCT_ID) values (220231025090700055,'Y',to_timestamp('23/10/25 09:07:00.000000000','RR/MM/DD HH24:MI:SSXFF'),'computer',null,null,19);
Insert into SPECIAL_PRODUCT (SPECIAL_PRODUCT_ID,STATUS,CREATE_DT,CREATOR,MODIFY_DT,MODIFIER,PRODUCT_ID) values (320231025090700055,'Y',to_timestamp('23/10/25 09:07:00.000000000','RR/MM/DD HH24:MI:SSXFF'),'computer',null,null,474);
Insert into SPECIAL_PRODUCT (SPECIAL_PRODUCT_ID,STATUS,CREATE_DT,CREATOR,MODIFY_DT,MODIFIER,PRODUCT_ID) values (420231025090700055,'Y',to_timestamp('23/10/25 09:07:00.000000000','RR/MM/DD HH24:MI:SSXFF'),'computer',null,null,22);
Insert into SPECIAL_PRODUCT (SPECIAL_PRODUCT_ID,STATUS,CREATE_DT,CREATOR,MODIFY_DT,MODIFIER,PRODUCT_ID) values (520231025090700055,'Y',to_timestamp('23/10/25 09:07:00.000000000','RR/MM/DD HH24:MI:SSXFF'),'computer',null,null,9);
Insert into SPECIAL_PRODUCT (SPECIAL_PRODUCT_ID,STATUS,CREATE_DT,CREATOR,MODIFY_DT,MODIFIER,PRODUCT_ID) values (620231025090700055,'Y',to_timestamp('23/10/25 09:07:00.000000000','RR/MM/DD HH24:MI:SSXFF'),'computer',null,null,372);
Insert into SPECIAL_PRODUCT (SPECIAL_PRODUCT_ID,STATUS,CREATE_DT,CREATOR,MODIFY_DT,MODIFIER,PRODUCT_ID) values (720231025090700055,'Y',to_timestamp('23/10/25 09:07:00.000000000','RR/MM/DD HH24:MI:SSXFF'),'computer',null,null,508);
Insert into SPECIAL_PRODUCT (SPECIAL_PRODUCT_ID,STATUS,CREATE_DT,CREATOR,MODIFY_DT,MODIFIER,PRODUCT_ID) values (820231025090700055,'Y',to_timestamp('23/10/25 09:07:00.000000000','RR/MM/DD HH24:MI:SSXFF'),'computer',null,null,488);
Insert into SPECIAL_PRODUCT (SPECIAL_PRODUCT_ID,STATUS,CREATE_DT,CREATOR,MODIFY_DT,MODIFIER,PRODUCT_ID) values (920231025090700055,'Y',to_timestamp('23/10/25 09:07:00.000000000','RR/MM/DD HH24:MI:SSXFF'),'computer',null,null,28);
Insert into SPECIAL_PRODUCT (SPECIAL_PRODUCT_ID,STATUS,CREATE_DT,CREATOR,MODIFY_DT,MODIFIER,PRODUCT_ID) values (20231027020437273,'Y',to_timestamp('23/10/27 02:04:37.000000000','RR/MM/DD HH24:MI:SSXFF'),'computer',null,null,11);
Insert into SPECIAL_PRODUCT (SPECIAL_PRODUCT_ID,STATUS,CREATE_DT,CREATOR,MODIFY_DT,MODIFIER,PRODUCT_ID) values (120231027020437273,'Y',to_timestamp('23/10/27 02:04:37.000000000','RR/MM/DD HH24:MI:SSXFF'),'computer',null,null,17);
Insert into SPECIAL_PRODUCT (SPECIAL_PRODUCT_ID,STATUS,CREATE_DT,CREATOR,MODIFY_DT,MODIFIER,PRODUCT_ID) values (220231027020437273,'Y',to_timestamp('23/10/27 02:04:37.000000000','RR/MM/DD HH24:MI:SSXFF'),'computer',null,null,3);
Insert into SPECIAL_PRODUCT (SPECIAL_PRODUCT_ID,STATUS,CREATE_DT,CREATOR,MODIFY_DT,MODIFIER,PRODUCT_ID) values (320231027020437273,'Y',to_timestamp('23/10/27 02:04:37.000000000','RR/MM/DD HH24:MI:SSXFF'),'computer',null,null,19);
Insert into SPECIAL_PRODUCT (SPECIAL_PRODUCT_ID,STATUS,CREATE_DT,CREATOR,MODIFY_DT,MODIFIER,PRODUCT_ID) values (420231027020437273,'Y',to_timestamp('23/10/27 02:04:37.000000000','RR/MM/DD HH24:MI:SSXFF'),'computer',null,null,34);
Insert into SPECIAL_PRODUCT (SPECIAL_PRODUCT_ID,STATUS,CREATE_DT,CREATOR,MODIFY_DT,MODIFIER,PRODUCT_ID) values (520231027020437273,'Y',to_timestamp('23/10/27 02:04:37.000000000','RR/MM/DD HH24:MI:SSXFF'),'computer',null,null,474);
Insert into SPECIAL_PRODUCT (SPECIAL_PRODUCT_ID,STATUS,CREATE_DT,CREATOR,MODIFY_DT,MODIFIER,PRODUCT_ID) values (620231027020437273,'Y',to_timestamp('23/10/27 02:04:37.000000000','RR/MM/DD HH24:MI:SSXFF'),'computer',null,null,22);
Insert into SPECIAL_PRODUCT (SPECIAL_PRODUCT_ID,STATUS,CREATE_DT,CREATOR,MODIFY_DT,MODIFIER,PRODUCT_ID) values (720231027020437273,'Y',to_timestamp('23/10/27 02:04:37.000000000','RR/MM/DD HH24:MI:SSXFF'),'computer',null,null,372);
Insert into SPECIAL_PRODUCT (SPECIAL_PRODUCT_ID,STATUS,CREATE_DT,CREATOR,MODIFY_DT,MODIFIER,PRODUCT_ID) values (820231027020437273,'Y',to_timestamp('23/10/27 02:04:37.000000000','RR/MM/DD HH24:MI:SSXFF'),'computer',null,null,9);
Insert into SPECIAL_PRODUCT (SPECIAL_PRODUCT_ID,STATUS,CREATE_DT,CREATOR,MODIFY_DT,MODIFIER,PRODUCT_ID) values (920231027020437273,'Y',to_timestamp('23/10/27 02:04:37.000000000','RR/MM/DD HH24:MI:SSXFF'),'computer',null,null,508);
Insert into SPECIAL_PRODUCT (SPECIAL_PRODUCT_ID,STATUS,CREATE_DT,CREATOR,MODIFY_DT,MODIFIER,PRODUCT_ID) values (20231010111958357,'Y',to_timestamp('23/10/10 11:19:58.000000000','RR/MM/DD HH24:MI:SSXFF'),'computer',null,null,19);
Insert into SPECIAL_PRODUCT (SPECIAL_PRODUCT_ID,STATUS,CREATE_DT,CREATOR,MODIFY_DT,MODIFIER,PRODUCT_ID) values (120231010111958357,'Y',to_timestamp('23/10/10 11:19:58.000000000','RR/MM/DD HH24:MI:SSXFF'),'computer',null,null,11);
Insert into SPECIAL_PRODUCT (SPECIAL_PRODUCT_ID,STATUS,CREATE_DT,CREATOR,MODIFY_DT,MODIFIER,PRODUCT_ID) values (220231010111958357,'Y',to_timestamp('23/10/10 11:19:58.000000000','RR/MM/DD HH24:MI:SSXFF'),'computer',null,null,9);
Insert into SPECIAL_PRODUCT (SPECIAL_PRODUCT_ID,STATUS,CREATE_DT,CREATOR,MODIFY_DT,MODIFIER,PRODUCT_ID) values (320231010111958357,'Y',to_timestamp('23/10/10 11:19:58.000000000','RR/MM/DD HH24:MI:SSXFF'),'computer',null,null,372);
Insert into SPECIAL_PRODUCT (SPECIAL_PRODUCT_ID,STATUS,CREATE_DT,CREATOR,MODIFY_DT,MODIFIER,PRODUCT_ID) values (420231010111958357,'Y',to_timestamp('23/10/10 11:19:58.000000000','RR/MM/DD HH24:MI:SSXFF'),'computer',null,null,13);
Insert into SPECIAL_PRODUCT (SPECIAL_PRODUCT_ID,STATUS,CREATE_DT,CREATOR,MODIFY_DT,MODIFIER,PRODUCT_ID) values (520231010111958357,'Y',to_timestamp('23/10/10 11:19:58.000000000','RR/MM/DD HH24:MI:SSXFF'),'computer',null,null,23);
Insert into SPECIAL_PRODUCT (SPECIAL_PRODUCT_ID,STATUS,CREATE_DT,CREATOR,MODIFY_DT,MODIFIER,PRODUCT_ID) values (620231010111958357,'Y',to_timestamp('23/10/10 11:19:58.000000000','RR/MM/DD HH24:MI:SSXFF'),'computer',null,null,22);
Insert into SPECIAL_PRODUCT (SPECIAL_PRODUCT_ID,STATUS,CREATE_DT,CREATOR,MODIFY_DT,MODIFIER,PRODUCT_ID) values (720231010111958357,'Y',to_timestamp('23/10/10 11:19:58.000000000','RR/MM/DD HH24:MI:SSXFF'),'computer',null,null,36);
Insert into SPECIAL_PRODUCT (SPECIAL_PRODUCT_ID,STATUS,CREATE_DT,CREATOR,MODIFY_DT,MODIFIER,PRODUCT_ID) values (820231010111958357,'Y',to_timestamp('23/10/10 11:19:58.000000000','RR/MM/DD HH24:MI:SSXFF'),'computer',null,null,468);
Insert into SPECIAL_PRODUCT (SPECIAL_PRODUCT_ID,STATUS,CREATE_DT,CREATOR,MODIFY_DT,MODIFIER,PRODUCT_ID) values (920231010111958357,'Y',to_timestamp('23/10/10 11:19:58.000000000','RR/MM/DD HH24:MI:SSXFF'),'computer',null,null,32);
Insert into SPECIAL_PRODUCT (SPECIAL_PRODUCT_ID,STATUS,CREATE_DT,CREATOR,MODIFY_DT,MODIFIER,PRODUCT_ID) values (20231011090658480,'Y',to_timestamp('23/10/11 09:06:58.000000000','RR/MM/DD HH24:MI:SSXFF'),'computer',null,null,19);
Insert into SPECIAL_PRODUCT (SPECIAL_PRODUCT_ID,STATUS,CREATE_DT,CREATOR,MODIFY_DT,MODIFIER,PRODUCT_ID) values (120231015090700064,'Y',to_timestamp('23/10/15 09:07:00.000000000','RR/MM/DD HH24:MI:SSXFF'),'computer',null,null,19);
Insert into SPECIAL_PRODUCT (SPECIAL_PRODUCT_ID,STATUS,CREATE_DT,CREATOR,MODIFY_DT,MODIFIER,PRODUCT_ID) values (220231015090700064,'Y',to_timestamp('23/10/15 09:07:00.000000000','RR/MM/DD HH24:MI:SSXFF'),'computer',null,null,22);
Insert into SPECIAL_PRODUCT (SPECIAL_PRODUCT_ID,STATUS,CREATE_DT,CREATOR,MODIFY_DT,MODIFIER,PRODUCT_ID) values (320231015090700064,'Y',to_timestamp('23/10/15 09:07:00.000000000','RR/MM/DD HH24:MI:SSXFF'),'computer',null,null,474);
Insert into SPECIAL_PRODUCT (SPECIAL_PRODUCT_ID,STATUS,CREATE_DT,CREATOR,MODIFY_DT,MODIFIER,PRODUCT_ID) values (420231015090700064,'Y',to_timestamp('23/10/15 09:07:00.000000000','RR/MM/DD HH24:MI:SSXFF'),'computer',null,null,9);
Insert into SPECIAL_PRODUCT (SPECIAL_PRODUCT_ID,STATUS,CREATE_DT,CREATOR,MODIFY_DT,MODIFIER,PRODUCT_ID) values (520231015090700064,'Y',to_timestamp('23/10/15 09:07:00.000000000','RR/MM/DD HH24:MI:SSXFF'),'computer',null,null,16);
Insert into SPECIAL_PRODUCT (SPECIAL_PRODUCT_ID,STATUS,CREATE_DT,CREATOR,MODIFY_DT,MODIFIER,PRODUCT_ID) values (620231015090700064,'Y',to_timestamp('23/10/15 09:07:00.000000000','RR/MM/DD HH24:MI:SSXFF'),'computer',null,null,23);
Insert into SPECIAL_PRODUCT (SPECIAL_PRODUCT_ID,STATUS,CREATE_DT,CREATOR,MODIFY_DT,MODIFIER,PRODUCT_ID) values (720231015090700064,'Y',to_timestamp('23/10/15 09:07:00.000000000','RR/MM/DD HH24:MI:SSXFF'),'computer',null,null,372);
Insert into SPECIAL_PRODUCT (SPECIAL_PRODUCT_ID,STATUS,CREATE_DT,CREATOR,MODIFY_DT,MODIFIER,PRODUCT_ID) values (820231015090700064,'Y',to_timestamp('23/10/15 09:07:00.000000000','RR/MM/DD HH24:MI:SSXFF'),'computer',null,null,456);
Insert into SPECIAL_PRODUCT (SPECIAL_PRODUCT_ID,STATUS,CREATE_DT,CREATOR,MODIFY_DT,MODIFIER,PRODUCT_ID) values (920231015090700064,'Y',to_timestamp('23/10/15 09:07:00.000000000','RR/MM/DD HH24:MI:SSXFF'),'computer',null,null,28);
Insert into SPECIAL_PRODUCT (SPECIAL_PRODUCT_ID,STATUS,CREATE_DT,CREATOR,MODIFY_DT,MODIFIER,PRODUCT_ID) values (20231024090700043,'Y',to_timestamp('23/10/24 09:07:00.000000000','RR/MM/DD HH24:MI:SSXFF'),'computer',null,null,11);
Insert into SPECIAL_PRODUCT (SPECIAL_PRODUCT_ID,STATUS,CREATE_DT,CREATOR,MODIFY_DT,MODIFIER,PRODUCT_ID) values (120231024090700043,'Y',to_timestamp('23/10/24 09:07:00.000000000','RR/MM/DD HH24:MI:SSXFF'),'computer',null,null,3);
Insert into SPECIAL_PRODUCT (SPECIAL_PRODUCT_ID,STATUS,CREATE_DT,CREATOR,MODIFY_DT,MODIFIER,PRODUCT_ID) values (220231024090700043,'Y',to_timestamp('23/10/24 09:07:00.000000000','RR/MM/DD HH24:MI:SSXFF'),'computer',null,null,19);
Insert into SPECIAL_PRODUCT (SPECIAL_PRODUCT_ID,STATUS,CREATE_DT,CREATOR,MODIFY_DT,MODIFIER,PRODUCT_ID) values (320231024090700043,'Y',to_timestamp('23/10/24 09:07:00.000000000','RR/MM/DD HH24:MI:SSXFF'),'computer',null,null,474);
Insert into SPECIAL_PRODUCT (SPECIAL_PRODUCT_ID,STATUS,CREATE_DT,CREATOR,MODIFY_DT,MODIFIER,PRODUCT_ID) values (420231024090700043,'Y',to_timestamp('23/10/24 09:07:00.000000000','RR/MM/DD HH24:MI:SSXFF'),'computer',null,null,22);
Insert into SPECIAL_PRODUCT (SPECIAL_PRODUCT_ID,STATUS,CREATE_DT,CREATOR,MODIFY_DT,MODIFIER,PRODUCT_ID) values (520231024090700043,'Y',to_timestamp('23/10/24 09:07:00.000000000','RR/MM/DD HH24:MI:SSXFF'),'computer',null,null,9);
Insert into SPECIAL_PRODUCT (SPECIAL_PRODUCT_ID,STATUS,CREATE_DT,CREATOR,MODIFY_DT,MODIFIER,PRODUCT_ID) values (620231024090700043,'Y',to_timestamp('23/10/24 09:07:00.000000000','RR/MM/DD HH24:MI:SSXFF'),'computer',null,null,372);
Insert into SPECIAL_PRODUCT (SPECIAL_PRODUCT_ID,STATUS,CREATE_DT,CREATOR,MODIFY_DT,MODIFIER,PRODUCT_ID) values (720231024090700043,'Y',to_timestamp('23/10/24 09:07:00.000000000','RR/MM/DD HH24:MI:SSXFF'),'computer',null,null,508);
Insert into SPECIAL_PRODUCT (SPECIAL_PRODUCT_ID,STATUS,CREATE_DT,CREATOR,MODIFY_DT,MODIFIER,PRODUCT_ID) values (820231024090700043,'Y',to_timestamp('23/10/24 09:07:00.000000000','RR/MM/DD HH24:MI:SSXFF'),'computer',null,null,488);
Insert into SPECIAL_PRODUCT (SPECIAL_PRODUCT_ID,STATUS,CREATE_DT,CREATOR,MODIFY_DT,MODIFIER,PRODUCT_ID) values (920231024090700043,'Y',to_timestamp('23/10/24 09:07:00.000000000','RR/MM/DD HH24:MI:SSXFF'),'computer',null,null,28);
Insert into SPECIAL_PRODUCT (SPECIAL_PRODUCT_ID,STATUS,CREATE_DT,CREATOR,MODIFY_DT,MODIFIER,PRODUCT_ID) values (20231013090700036,'Y',to_timestamp('23/10/13 09:07:00.000000000','RR/MM/DD HH24:MI:SSXFF'),'computer',null,null,11);
Insert into SPECIAL_PRODUCT (SPECIAL_PRODUCT_ID,STATUS,CREATE_DT,CREATOR,MODIFY_DT,MODIFIER,PRODUCT_ID) values (120231013090700036,'Y',to_timestamp('23/10/13 09:07:00.000000000','RR/MM/DD HH24:MI:SSXFF'),'computer',null,null,19);
Insert into SPECIAL_PRODUCT (SPECIAL_PRODUCT_ID,STATUS,CREATE_DT,CREATOR,MODIFY_DT,MODIFIER,PRODUCT_ID) values (220231013090700036,'Y',to_timestamp('23/10/13 09:07:00.000000000','RR/MM/DD HH24:MI:SSXFF'),'computer',null,null,22);
Insert into SPECIAL_PRODUCT (SPECIAL_PRODUCT_ID,STATUS,CREATE_DT,CREATOR,MODIFY_DT,MODIFIER,PRODUCT_ID) values (320231013090700036,'Y',to_timestamp('23/10/13 09:07:00.000000000','RR/MM/DD HH24:MI:SSXFF'),'computer',null,null,9);
Insert into SPECIAL_PRODUCT (SPECIAL_PRODUCT_ID,STATUS,CREATE_DT,CREATOR,MODIFY_DT,MODIFIER,PRODUCT_ID) values (420231013090700036,'Y',to_timestamp('23/10/13 09:07:00.000000000','RR/MM/DD HH24:MI:SSXFF'),'computer',null,null,474);
Insert into SPECIAL_PRODUCT (SPECIAL_PRODUCT_ID,STATUS,CREATE_DT,CREATOR,MODIFY_DT,MODIFIER,PRODUCT_ID) values (520231013090700036,'Y',to_timestamp('23/10/13 09:07:00.000000000','RR/MM/DD HH24:MI:SSXFF'),'computer',null,null,23);
Insert into SPECIAL_PRODUCT (SPECIAL_PRODUCT_ID,STATUS,CREATE_DT,CREATOR,MODIFY_DT,MODIFIER,PRODUCT_ID) values (620231013090700036,'Y',to_timestamp('23/10/13 09:07:00.000000000','RR/MM/DD HH24:MI:SSXFF'),'computer',null,null,372);
Insert into SPECIAL_PRODUCT (SPECIAL_PRODUCT_ID,STATUS,CREATE_DT,CREATOR,MODIFY_DT,MODIFIER,PRODUCT_ID) values (720231013090700036,'Y',to_timestamp('23/10/13 09:07:00.000000000','RR/MM/DD HH24:MI:SSXFF'),'computer',null,null,16);
Insert into SPECIAL_PRODUCT (SPECIAL_PRODUCT_ID,STATUS,CREATE_DT,CREATOR,MODIFY_DT,MODIFIER,PRODUCT_ID) values (820231013090700036,'Y',to_timestamp('23/10/13 09:07:00.000000000','RR/MM/DD HH24:MI:SSXFF'),'computer',null,null,456);
Insert into SPECIAL_PRODUCT (SPECIAL_PRODUCT_ID,STATUS,CREATE_DT,CREATOR,MODIFY_DT,MODIFIER,PRODUCT_ID) values (920231013090700036,'Y',to_timestamp('23/10/13 09:07:00.000000000','RR/MM/DD HH24:MI:SSXFF'),'computer',null,null,468);
Insert into SPECIAL_PRODUCT (SPECIAL_PRODUCT_ID,STATUS,CREATE_DT,CREATOR,MODIFY_DT,MODIFIER,PRODUCT_ID) values (20231015090700064,'Y',to_timestamp('23/10/15 09:07:00.000000000','RR/MM/DD HH24:MI:SSXFF'),'computer',null,null,11);
Insert into SPECIAL_PRODUCT (SPECIAL_PRODUCT_ID,STATUS,CREATE_DT,CREATOR,MODIFY_DT,MODIFIER,PRODUCT_ID) values (120231016090700092,'Y',to_timestamp('23/10/16 09:07:00.000000000','RR/MM/DD HH24:MI:SSXFF'),'computer',null,null,19);
Insert into SPECIAL_PRODUCT (SPECIAL_PRODUCT_ID,STATUS,CREATE_DT,CREATOR,MODIFY_DT,MODIFIER,PRODUCT_ID) values (220231016090700092,'Y',to_timestamp('23/10/16 09:07:00.000000000','RR/MM/DD HH24:MI:SSXFF'),'computer',null,null,22);
Insert into SPECIAL_PRODUCT (SPECIAL_PRODUCT_ID,STATUS,CREATE_DT,CREATOR,MODIFY_DT,MODIFIER,PRODUCT_ID) values (320231016090700092,'Y',to_timestamp('23/10/16 09:07:00.000000000','RR/MM/DD HH24:MI:SSXFF'),'computer',null,null,474);
Insert into SPECIAL_PRODUCT (SPECIAL_PRODUCT_ID,STATUS,CREATE_DT,CREATOR,MODIFY_DT,MODIFIER,PRODUCT_ID) values (420231016090700092,'Y',to_timestamp('23/10/16 09:07:00.000000000','RR/MM/DD HH24:MI:SSXFF'),'computer',null,null,9);
Insert into SPECIAL_PRODUCT (SPECIAL_PRODUCT_ID,STATUS,CREATE_DT,CREATOR,MODIFY_DT,MODIFIER,PRODUCT_ID) values (520231016090700092,'Y',to_timestamp('23/10/16 09:07:00.000000000','RR/MM/DD HH24:MI:SSXFF'),'computer',null,null,16);
Insert into SPECIAL_PRODUCT (SPECIAL_PRODUCT_ID,STATUS,CREATE_DT,CREATOR,MODIFY_DT,MODIFIER,PRODUCT_ID) values (620231016090700092,'Y',to_timestamp('23/10/16 09:07:00.000000000','RR/MM/DD HH24:MI:SSXFF'),'computer',null,null,23);
Insert into SPECIAL_PRODUCT (SPECIAL_PRODUCT_ID,STATUS,CREATE_DT,CREATOR,MODIFY_DT,MODIFIER,PRODUCT_ID) values (720231016090700092,'Y',to_timestamp('23/10/16 09:07:00.000000000','RR/MM/DD HH24:MI:SSXFF'),'computer',null,null,372);
Insert into SPECIAL_PRODUCT (SPECIAL_PRODUCT_ID,STATUS,CREATE_DT,CREATOR,MODIFY_DT,MODIFIER,PRODUCT_ID) values (820231016090700092,'Y',to_timestamp('23/10/16 09:07:00.000000000','RR/MM/DD HH24:MI:SSXFF'),'computer',null,null,456);
Insert into SPECIAL_PRODUCT (SPECIAL_PRODUCT_ID,STATUS,CREATE_DT,CREATOR,MODIFY_DT,MODIFIER,PRODUCT_ID) values (920231016090700092,'Y',to_timestamp('23/10/16 09:07:00.000000000','RR/MM/DD HH24:MI:SSXFF'),'computer',null,null,28);
Insert into SPECIAL_PRODUCT (SPECIAL_PRODUCT_ID,STATUS,CREATE_DT,CREATOR,MODIFY_DT,MODIFIER,PRODUCT_ID) values (20231017090700014,'Y',to_timestamp('23/10/17 09:07:00.000000000','RR/MM/DD HH24:MI:SSXFF'),'computer',null,null,11);
Insert into SPECIAL_PRODUCT (SPECIAL_PRODUCT_ID,STATUS,CREATE_DT,CREATOR,MODIFY_DT,MODIFIER,PRODUCT_ID) values (120231017090700014,'Y',to_timestamp('23/10/17 09:07:00.000000000','RR/MM/DD HH24:MI:SSXFF'),'computer',null,null,19);
Insert into SPECIAL_PRODUCT (SPECIAL_PRODUCT_ID,STATUS,CREATE_DT,CREATOR,MODIFY_DT,MODIFIER,PRODUCT_ID) values (220231017090700014,'Y',to_timestamp('23/10/17 09:07:00.000000000','RR/MM/DD HH24:MI:SSXFF'),'computer',null,null,22);
Insert into SPECIAL_PRODUCT (SPECIAL_PRODUCT_ID,STATUS,CREATE_DT,CREATOR,MODIFY_DT,MODIFIER,PRODUCT_ID) values (320231017090700014,'Y',to_timestamp('23/10/17 09:07:00.000000000','RR/MM/DD HH24:MI:SSXFF'),'computer',null,null,9);
Insert into SPECIAL_PRODUCT (SPECIAL_PRODUCT_ID,STATUS,CREATE_DT,CREATOR,MODIFY_DT,MODIFIER,PRODUCT_ID) values (420231017090700014,'Y',to_timestamp('23/10/17 09:07:00.000000000','RR/MM/DD HH24:MI:SSXFF'),'computer',null,null,474);
Insert into SPECIAL_PRODUCT (SPECIAL_PRODUCT_ID,STATUS,CREATE_DT,CREATOR,MODIFY_DT,MODIFIER,PRODUCT_ID) values (520231017090700014,'Y',to_timestamp('23/10/17 09:07:00.000000000','RR/MM/DD HH24:MI:SSXFF'),'computer',null,null,372);
Insert into SPECIAL_PRODUCT (SPECIAL_PRODUCT_ID,STATUS,CREATE_DT,CREATOR,MODIFY_DT,MODIFIER,PRODUCT_ID) values (620231017090700014,'N',to_timestamp('23/10/17 09:07:00.000000000','RR/MM/DD HH24:MI:SSXFF'),'computer',to_timestamp('23/10/17 16:03:12.118000000','RR/MM/DD HH24:MI:SSXFF'),'admin',23);
Insert into SPECIAL_PRODUCT (SPECIAL_PRODUCT_ID,STATUS,CREATE_DT,CREATOR,MODIFY_DT,MODIFIER,PRODUCT_ID) values (720231017090700014,'Y',to_timestamp('23/10/17 09:07:00.000000000','RR/MM/DD HH24:MI:SSXFF'),'computer',null,null,28);
Insert into SPECIAL_PRODUCT (SPECIAL_PRODUCT_ID,STATUS,CREATE_DT,CREATOR,MODIFY_DT,MODIFIER,PRODUCT_ID) values (820231017090700014,'Y',to_timestamp('23/10/17 09:07:00.000000000','RR/MM/DD HH24:MI:SSXFF'),'computer',null,null,16);
Insert into SPECIAL_PRODUCT (SPECIAL_PRODUCT_ID,STATUS,CREATE_DT,CREATOR,MODIFY_DT,MODIFIER,PRODUCT_ID) values (920231017090700014,'Y',to_timestamp('23/10/17 09:07:00.000000000','RR/MM/DD HH24:MI:SSXFF'),'computer',null,null,456);
Insert into SPECIAL_PRODUCT (SPECIAL_PRODUCT_ID,STATUS,CREATE_DT,CREATOR,MODIFY_DT,MODIFIER,PRODUCT_ID) values (20231018090700017,'Y',to_timestamp('23/10/18 09:07:00.000000000','RR/MM/DD HH24:MI:SSXFF'),'computer',null,null,11);
Insert into SPECIAL_PRODUCT (SPECIAL_PRODUCT_ID,STATUS,CREATE_DT,CREATOR,MODIFY_DT,MODIFIER,PRODUCT_ID) values (120231018090700017,'Y',to_timestamp('23/10/18 09:07:00.000000000','RR/MM/DD HH24:MI:SSXFF'),'computer',null,null,19);
Insert into SPECIAL_PRODUCT (SPECIAL_PRODUCT_ID,STATUS,CREATE_DT,CREATOR,MODIFY_DT,MODIFIER,PRODUCT_ID) values (220231018090700017,'Y',to_timestamp('23/10/18 09:07:00.000000000','RR/MM/DD HH24:MI:SSXFF'),'computer',null,null,9);
Insert into SPECIAL_PRODUCT (SPECIAL_PRODUCT_ID,STATUS,CREATE_DT,CREATOR,MODIFY_DT,MODIFIER,PRODUCT_ID) values (320231018090700017,'Y',to_timestamp('23/10/18 09:07:00.000000000','RR/MM/DD HH24:MI:SSXFF'),'computer',null,null,474);
Insert into SPECIAL_PRODUCT (SPECIAL_PRODUCT_ID,STATUS,CREATE_DT,CREATOR,MODIFY_DT,MODIFIER,PRODUCT_ID) values (420231018090700017,'Y',to_timestamp('23/10/18 09:07:00.000000000','RR/MM/DD HH24:MI:SSXFF'),'computer',null,null,22);
Insert into SPECIAL_PRODUCT (SPECIAL_PRODUCT_ID,STATUS,CREATE_DT,CREATOR,MODIFY_DT,MODIFIER,PRODUCT_ID) values (520231018090700017,'Y',to_timestamp('23/10/18 09:07:00.000000000','RR/MM/DD HH24:MI:SSXFF'),'computer',null,null,23);
Insert into SPECIAL_PRODUCT (SPECIAL_PRODUCT_ID,STATUS,CREATE_DT,CREATOR,MODIFY_DT,MODIFIER,PRODUCT_ID) values (620231018090700017,'Y',to_timestamp('23/10/18 09:07:00.000000000','RR/MM/DD HH24:MI:SSXFF'),'computer',null,null,372);
Insert into SPECIAL_PRODUCT (SPECIAL_PRODUCT_ID,STATUS,CREATE_DT,CREATOR,MODIFY_DT,MODIFIER,PRODUCT_ID) values (720231018090700017,'Y',to_timestamp('23/10/18 09:07:00.000000000','RR/MM/DD HH24:MI:SSXFF'),'computer',null,null,28);
Insert into SPECIAL_PRODUCT (SPECIAL_PRODUCT_ID,STATUS,CREATE_DT,CREATOR,MODIFY_DT,MODIFIER,PRODUCT_ID) values (820231018090700017,'Y',to_timestamp('23/10/18 09:07:00.000000000','RR/MM/DD HH24:MI:SSXFF'),'computer',null,null,456);
Insert into SPECIAL_PRODUCT (SPECIAL_PRODUCT_ID,STATUS,CREATE_DT,CREATOR,MODIFY_DT,MODIFIER,PRODUCT_ID) values (920231018090700017,'Y',to_timestamp('23/10/18 09:07:00.000000000','RR/MM/DD HH24:MI:SSXFF'),'computer',null,null,16);
Insert into SPECIAL_PRODUCT (SPECIAL_PRODUCT_ID,STATUS,CREATE_DT,CREATOR,MODIFY_DT,MODIFIER,PRODUCT_ID) values (20231026090700155,'Y',to_timestamp('23/10/26 09:07:00.000000000','RR/MM/DD HH24:MI:SSXFF'),'computer',null,null,11);
Insert into SPECIAL_PRODUCT (SPECIAL_PRODUCT_ID,STATUS,CREATE_DT,CREATOR,MODIFY_DT,MODIFIER,PRODUCT_ID) values (120231026090700155,'Y',to_timestamp('23/10/26 09:07:00.000000000','RR/MM/DD HH24:MI:SSXFF'),'computer',null,null,3);
Insert into SPECIAL_PRODUCT (SPECIAL_PRODUCT_ID,STATUS,CREATE_DT,CREATOR,MODIFY_DT,MODIFIER,PRODUCT_ID) values (220231026090700155,'Y',to_timestamp('23/10/26 09:07:00.000000000','RR/MM/DD HH24:MI:SSXFF'),'computer',null,null,19);
Insert into SPECIAL_PRODUCT (SPECIAL_PRODUCT_ID,STATUS,CREATE_DT,CREATOR,MODIFY_DT,MODIFIER,PRODUCT_ID) values (320231026090700155,'Y',to_timestamp('23/10/26 09:07:00.000000000','RR/MM/DD HH24:MI:SSXFF'),'computer',null,null,474);
Insert into SPECIAL_PRODUCT (SPECIAL_PRODUCT_ID,STATUS,CREATE_DT,CREATOR,MODIFY_DT,MODIFIER,PRODUCT_ID) values (420231026090700155,'Y',to_timestamp('23/10/26 09:07:00.000000000','RR/MM/DD HH24:MI:SSXFF'),'computer',null,null,34);
Insert into SPECIAL_PRODUCT (SPECIAL_PRODUCT_ID,STATUS,CREATE_DT,CREATOR,MODIFY_DT,MODIFIER,PRODUCT_ID) values (520231026090700155,'Y',to_timestamp('23/10/26 09:07:00.000000000','RR/MM/DD HH24:MI:SSXFF'),'computer',null,null,9);
Insert into SPECIAL_PRODUCT (SPECIAL_PRODUCT_ID,STATUS,CREATE_DT,CREATOR,MODIFY_DT,MODIFIER,PRODUCT_ID) values (620231026090700155,'Y',to_timestamp('23/10/26 09:07:00.000000000','RR/MM/DD HH24:MI:SSXFF'),'computer',null,null,372);
Insert into SPECIAL_PRODUCT (SPECIAL_PRODUCT_ID,STATUS,CREATE_DT,CREATOR,MODIFY_DT,MODIFIER,PRODUCT_ID) values (720231026090700155,'Y',to_timestamp('23/10/26 09:07:00.000000000','RR/MM/DD HH24:MI:SSXFF'),'computer',null,null,22);
Insert into SPECIAL_PRODUCT (SPECIAL_PRODUCT_ID,STATUS,CREATE_DT,CREATOR,MODIFY_DT,MODIFIER,PRODUCT_ID) values (820231026090700155,'Y',to_timestamp('23/10/26 09:07:00.000000000','RR/MM/DD HH24:MI:SSXFF'),'computer',null,null,508);
Insert into SPECIAL_PRODUCT (SPECIAL_PRODUCT_ID,STATUS,CREATE_DT,CREATOR,MODIFY_DT,MODIFIER,PRODUCT_ID) values (920231026090700155,'Y',to_timestamp('23/10/26 09:07:00.000000000','RR/MM/DD HH24:MI:SSXFF'),'computer',null,null,28);
Insert into SPECIAL_PRODUCT (SPECIAL_PRODUCT_ID,STATUS,CREATE_DT,CREATOR,MODIFY_DT,MODIFIER,PRODUCT_ID) values (20231014090700023,'Y',to_timestamp('23/10/14 09:07:00.000000000','RR/MM/DD HH24:MI:SSXFF'),'computer',null,null,11);
commit;
Insert into SPECIAL_PRODUCT (SPECIAL_PRODUCT_ID,STATUS,CREATE_DT,CREATOR,MODIFY_DT,MODIFIER,PRODUCT_ID) values (120231014090700023,'Y',to_timestamp('23/10/14 09:07:00.000000000','RR/MM/DD HH24:MI:SSXFF'),'computer',null,null,19);
Insert into SPECIAL_PRODUCT (SPECIAL_PRODUCT_ID,STATUS,CREATE_DT,CREATOR,MODIFY_DT,MODIFIER,PRODUCT_ID) values (220231014090700023,'Y',to_timestamp('23/10/14 09:07:00.000000000','RR/MM/DD HH24:MI:SSXFF'),'computer',null,null,22);
Insert into SPECIAL_PRODUCT (SPECIAL_PRODUCT_ID,STATUS,CREATE_DT,CREATOR,MODIFY_DT,MODIFIER,PRODUCT_ID) values (320231014090700023,'Y',to_timestamp('23/10/14 09:07:00.000000000','RR/MM/DD HH24:MI:SSXFF'),'computer',null,null,474);
Insert into SPECIAL_PRODUCT (SPECIAL_PRODUCT_ID,STATUS,CREATE_DT,CREATOR,MODIFY_DT,MODIFIER,PRODUCT_ID) values (420231014090700023,'Y',to_timestamp('23/10/14 09:07:00.000000000','RR/MM/DD HH24:MI:SSXFF'),'computer',null,null,9);
Insert into SPECIAL_PRODUCT (SPECIAL_PRODUCT_ID,STATUS,CREATE_DT,CREATOR,MODIFY_DT,MODIFIER,PRODUCT_ID) values (520231014090700023,'Y',to_timestamp('23/10/14 09:07:00.000000000','RR/MM/DD HH24:MI:SSXFF'),'computer',null,null,372);
Insert into SPECIAL_PRODUCT (SPECIAL_PRODUCT_ID,STATUS,CREATE_DT,CREATOR,MODIFY_DT,MODIFIER,PRODUCT_ID) values (620231014090700023,'Y',to_timestamp('23/10/14 09:07:00.000000000','RR/MM/DD HH24:MI:SSXFF'),'computer',null,null,16);
Insert into SPECIAL_PRODUCT (SPECIAL_PRODUCT_ID,STATUS,CREATE_DT,CREATOR,MODIFY_DT,MODIFIER,PRODUCT_ID) values (720231014090700023,'Y',to_timestamp('23/10/14 09:07:00.000000000','RR/MM/DD HH24:MI:SSXFF'),'computer',null,null,23);
Insert into SPECIAL_PRODUCT (SPECIAL_PRODUCT_ID,STATUS,CREATE_DT,CREATOR,MODIFY_DT,MODIFIER,PRODUCT_ID) values (820231014090700023,'Y',to_timestamp('23/10/14 09:07:00.000000000','RR/MM/DD HH24:MI:SSXFF'),'computer',null,null,468);
Insert into SPECIAL_PRODUCT (SPECIAL_PRODUCT_ID,STATUS,CREATE_DT,CREATOR,MODIFY_DT,MODIFIER,PRODUCT_ID) values (920231014090700023,'Y',to_timestamp('23/10/14 09:07:00.000000000','RR/MM/DD HH24:MI:SSXFF'),'computer',null,null,456);
Insert into SPECIAL_PRODUCT (SPECIAL_PRODUCT_ID,STATUS,CREATE_DT,CREATOR,MODIFY_DT,MODIFIER,PRODUCT_ID) values (20231016090700092,'Y',to_timestamp('23/10/16 09:07:00.000000000','RR/MM/DD HH24:MI:SSXFF'),'computer',null,null,11);
Insert into SPECIAL_PRODUCT (SPECIAL_PRODUCT_ID,STATUS,CREATE_DT,CREATOR,MODIFY_DT,MODIFIER,PRODUCT_ID) values (20231019090700025,'Y',to_timestamp('23/10/19 09:07:00.000000000','RR/MM/DD HH24:MI:SSXFF'),'computer',null,null,11);
Insert into SPECIAL_PRODUCT (SPECIAL_PRODUCT_ID,STATUS,CREATE_DT,CREATOR,MODIFY_DT,MODIFIER,PRODUCT_ID) values (120231019090700025,'Y',to_timestamp('23/10/19 09:07:00.000000000','RR/MM/DD HH24:MI:SSXFF'),'computer',null,null,19);
Insert into SPECIAL_PRODUCT (SPECIAL_PRODUCT_ID,STATUS,CREATE_DT,CREATOR,MODIFY_DT,MODIFIER,PRODUCT_ID) values (220231019090700025,'Y',to_timestamp('23/10/19 09:07:00.000000000','RR/MM/DD HH24:MI:SSXFF'),'computer',null,null,474);
Insert into SPECIAL_PRODUCT (SPECIAL_PRODUCT_ID,STATUS,CREATE_DT,CREATOR,MODIFY_DT,MODIFIER,PRODUCT_ID) values (320231019090700025,'Y',to_timestamp('23/10/19 09:07:00.000000000','RR/MM/DD HH24:MI:SSXFF'),'computer',null,null,9);
Insert into SPECIAL_PRODUCT (SPECIAL_PRODUCT_ID,STATUS,CREATE_DT,CREATOR,MODIFY_DT,MODIFIER,PRODUCT_ID) values (420231019090700025,'Y',to_timestamp('23/10/19 09:07:00.000000000','RR/MM/DD HH24:MI:SSXFF'),'computer',null,null,22);
Insert into SPECIAL_PRODUCT (SPECIAL_PRODUCT_ID,STATUS,CREATE_DT,CREATOR,MODIFY_DT,MODIFIER,PRODUCT_ID) values (520231019090700025,'Y',to_timestamp('23/10/19 09:07:00.000000000','RR/MM/DD HH24:MI:SSXFF'),'computer',null,null,372);
Insert into SPECIAL_PRODUCT (SPECIAL_PRODUCT_ID,STATUS,CREATE_DT,CREATOR,MODIFY_DT,MODIFIER,PRODUCT_ID) values (620231019090700025,'Y',to_timestamp('23/10/19 09:07:00.000000000','RR/MM/DD HH24:MI:SSXFF'),'computer',null,null,508);
Insert into SPECIAL_PRODUCT (SPECIAL_PRODUCT_ID,STATUS,CREATE_DT,CREATOR,MODIFY_DT,MODIFIER,PRODUCT_ID) values (720231019090700025,'Y',to_timestamp('23/10/19 09:07:00.000000000','RR/MM/DD HH24:MI:SSXFF'),'computer',null,null,16);
Insert into SPECIAL_PRODUCT (SPECIAL_PRODUCT_ID,STATUS,CREATE_DT,CREATOR,MODIFY_DT,MODIFIER,PRODUCT_ID) values (820231019090700025,'Y',to_timestamp('23/10/19 09:07:00.000000000','RR/MM/DD HH24:MI:SSXFF'),'computer',null,null,3);
Insert into SPECIAL_PRODUCT (SPECIAL_PRODUCT_ID,STATUS,CREATE_DT,CREATOR,MODIFY_DT,MODIFIER,PRODUCT_ID) values (920231019090700025,'Y',to_timestamp('23/10/19 09:07:00.000000000','RR/MM/DD HH24:MI:SSXFF'),'computer',null,null,28);
Insert into SPECIAL_PRODUCT (SPECIAL_PRODUCT_ID,STATUS,CREATE_DT,CREATOR,MODIFY_DT,MODIFIER,PRODUCT_ID) values (20231023180656146,'Y',to_timestamp('23/10/23 18:06:56.000000000','RR/MM/DD HH24:MI:SSXFF'),'computer',null,null,11);
Insert into SPECIAL_PRODUCT (SPECIAL_PRODUCT_ID,STATUS,CREATE_DT,CREATOR,MODIFY_DT,MODIFIER,PRODUCT_ID) values (120231023180656146,'Y',to_timestamp('23/10/23 18:06:56.000000000','RR/MM/DD HH24:MI:SSXFF'),'computer',null,null,3);
Insert into SPECIAL_PRODUCT (SPECIAL_PRODUCT_ID,STATUS,CREATE_DT,CREATOR,MODIFY_DT,MODIFIER,PRODUCT_ID) values (220231023180656146,'Y',to_timestamp('23/10/23 18:06:56.000000000','RR/MM/DD HH24:MI:SSXFF'),'computer',null,null,19);
Insert into SPECIAL_PRODUCT (SPECIAL_PRODUCT_ID,STATUS,CREATE_DT,CREATOR,MODIFY_DT,MODIFIER,PRODUCT_ID) values (320231023180656146,'Y',to_timestamp('23/10/23 18:06:56.000000000','RR/MM/DD HH24:MI:SSXFF'),'computer',null,null,474);
Insert into SPECIAL_PRODUCT (SPECIAL_PRODUCT_ID,STATUS,CREATE_DT,CREATOR,MODIFY_DT,MODIFIER,PRODUCT_ID) values (420231023180656146,'Y',to_timestamp('23/10/23 18:06:56.000000000','RR/MM/DD HH24:MI:SSXFF'),'computer',null,null,22);
Insert into SPECIAL_PRODUCT (SPECIAL_PRODUCT_ID,STATUS,CREATE_DT,CREATOR,MODIFY_DT,MODIFIER,PRODUCT_ID) values (520231023180656146,'Y',to_timestamp('23/10/23 18:06:56.000000000','RR/MM/DD HH24:MI:SSXFF'),'computer',null,null,9);
Insert into SPECIAL_PRODUCT (SPECIAL_PRODUCT_ID,STATUS,CREATE_DT,CREATOR,MODIFY_DT,MODIFIER,PRODUCT_ID) values (620231023180656146,'Y',to_timestamp('23/10/23 18:06:56.000000000','RR/MM/DD HH24:MI:SSXFF'),'computer',null,null,372);
Insert into SPECIAL_PRODUCT (SPECIAL_PRODUCT_ID,STATUS,CREATE_DT,CREATOR,MODIFY_DT,MODIFIER,PRODUCT_ID) values (720231023180656146,'Y',to_timestamp('23/10/23 18:06:56.000000000','RR/MM/DD HH24:MI:SSXFF'),'computer',null,null,508);
Insert into SPECIAL_PRODUCT (SPECIAL_PRODUCT_ID,STATUS,CREATE_DT,CREATOR,MODIFY_DT,MODIFIER,PRODUCT_ID) values (820231023180656146,'Y',to_timestamp('23/10/23 18:06:56.000000000','RR/MM/DD HH24:MI:SSXFF'),'computer',null,null,488);
Insert into SPECIAL_PRODUCT (SPECIAL_PRODUCT_ID,STATUS,CREATE_DT,CREATOR,MODIFY_DT,MODIFIER,PRODUCT_ID) values (920231023180656146,'Y',to_timestamp('23/10/23 18:06:56.000000000','RR/MM/DD HH24:MI:SSXFF'),'computer',null,null,28);
Insert into SPECIAL_PRODUCT (SPECIAL_PRODUCT_ID,STATUS,CREATE_DT,CREATOR,MODIFY_DT,MODIFIER,PRODUCT_ID) values (20231024090700551,'Y',to_timestamp('23/10/24 09:07:00.000000000','RR/MM/DD HH24:MI:SSXFF'),'computer',null,null,11);
Insert into SPECIAL_PRODUCT (SPECIAL_PRODUCT_ID,STATUS,CREATE_DT,CREATOR,MODIFY_DT,MODIFIER,PRODUCT_ID) values (120231024090700551,'Y',to_timestamp('23/10/24 09:07:00.000000000','RR/MM/DD HH24:MI:SSXFF'),'computer',null,null,3);
Insert into SPECIAL_PRODUCT (SPECIAL_PRODUCT_ID,STATUS,CREATE_DT,CREATOR,MODIFY_DT,MODIFIER,PRODUCT_ID) values (220231024090700551,'Y',to_timestamp('23/10/24 09:07:00.000000000','RR/MM/DD HH24:MI:SSXFF'),'computer',null,null,19);
Insert into SPECIAL_PRODUCT (SPECIAL_PRODUCT_ID,STATUS,CREATE_DT,CREATOR,MODIFY_DT,MODIFIER,PRODUCT_ID) values (320231024090700551,'Y',to_timestamp('23/10/24 09:07:00.000000000','RR/MM/DD HH24:MI:SSXFF'),'computer',null,null,474);
Insert into SPECIAL_PRODUCT (SPECIAL_PRODUCT_ID,STATUS,CREATE_DT,CREATOR,MODIFY_DT,MODIFIER,PRODUCT_ID) values (420231024090700551,'Y',to_timestamp('23/10/24 09:07:00.000000000','RR/MM/DD HH24:MI:SSXFF'),'computer',null,null,22);
Insert into SPECIAL_PRODUCT (SPECIAL_PRODUCT_ID,STATUS,CREATE_DT,CREATOR,MODIFY_DT,MODIFIER,PRODUCT_ID) values (520231024090700551,'Y',to_timestamp('23/10/24 09:07:00.000000000','RR/MM/DD HH24:MI:SSXFF'),'computer',null,null,9);
Insert into SPECIAL_PRODUCT (SPECIAL_PRODUCT_ID,STATUS,CREATE_DT,CREATOR,MODIFY_DT,MODIFIER,PRODUCT_ID) values (620231024090700551,'Y',to_timestamp('23/10/24 09:07:00.000000000','RR/MM/DD HH24:MI:SSXFF'),'computer',null,null,372);
Insert into SPECIAL_PRODUCT (SPECIAL_PRODUCT_ID,STATUS,CREATE_DT,CREATOR,MODIFY_DT,MODIFIER,PRODUCT_ID) values (720231024090700551,'Y',to_timestamp('23/10/24 09:07:00.000000000','RR/MM/DD HH24:MI:SSXFF'),'computer',null,null,508);
Insert into SPECIAL_PRODUCT (SPECIAL_PRODUCT_ID,STATUS,CREATE_DT,CREATOR,MODIFY_DT,MODIFIER,PRODUCT_ID) values (820231024090700551,'Y',to_timestamp('23/10/24 09:07:00.000000000','RR/MM/DD HH24:MI:SSXFF'),'computer',null,null,488);
Insert into SPECIAL_PRODUCT (SPECIAL_PRODUCT_ID,STATUS,CREATE_DT,CREATOR,MODIFY_DT,MODIFIER,PRODUCT_ID) values (920231024090700551,'Y',to_timestamp('23/10/24 09:07:00.000000000','RR/MM/DD HH24:MI:SSXFF'),'computer',null,null,28);
Insert into SPECIAL_PRODUCT (SPECIAL_PRODUCT_ID,STATUS,CREATE_DT,CREATOR,MODIFY_DT,MODIFIER,PRODUCT_ID) values (20231027000000378,'Y',to_timestamp('23/10/27 00:00:00.000000000','RR/MM/DD HH24:MI:SSXFF'),'computer',null,null,11);
Insert into SPECIAL_PRODUCT (SPECIAL_PRODUCT_ID,STATUS,CREATE_DT,CREATOR,MODIFY_DT,MODIFIER,PRODUCT_ID) values (120231027000000378,'Y',to_timestamp('23/10/27 00:00:00.000000000','RR/MM/DD HH24:MI:SSXFF'),'computer',null,null,17);
Insert into SPECIAL_PRODUCT (SPECIAL_PRODUCT_ID,STATUS,CREATE_DT,CREATOR,MODIFY_DT,MODIFIER,PRODUCT_ID) values (220231027000000378,'Y',to_timestamp('23/10/27 00:00:00.000000000','RR/MM/DD HH24:MI:SSXFF'),'computer',null,null,3);
Insert into SPECIAL_PRODUCT (SPECIAL_PRODUCT_ID,STATUS,CREATE_DT,CREATOR,MODIFY_DT,MODIFIER,PRODUCT_ID) values (320231027000000378,'Y',to_timestamp('23/10/27 00:00:00.000000000','RR/MM/DD HH24:MI:SSXFF'),'computer',null,null,19);
Insert into SPECIAL_PRODUCT (SPECIAL_PRODUCT_ID,STATUS,CREATE_DT,CREATOR,MODIFY_DT,MODIFIER,PRODUCT_ID) values (420231027000000378,'Y',to_timestamp('23/10/27 00:00:00.000000000','RR/MM/DD HH24:MI:SSXFF'),'computer',null,null,34);
Insert into SPECIAL_PRODUCT (SPECIAL_PRODUCT_ID,STATUS,CREATE_DT,CREATOR,MODIFY_DT,MODIFIER,PRODUCT_ID) values (520231027000000378,'Y',to_timestamp('23/10/27 00:00:00.000000000','RR/MM/DD HH24:MI:SSXFF'),'computer',null,null,474);
Insert into SPECIAL_PRODUCT (SPECIAL_PRODUCT_ID,STATUS,CREATE_DT,CREATOR,MODIFY_DT,MODIFIER,PRODUCT_ID) values (620231027000000378,'Y',to_timestamp('23/10/27 00:00:00.000000000','RR/MM/DD HH24:MI:SSXFF'),'computer',null,null,9);
Insert into SPECIAL_PRODUCT (SPECIAL_PRODUCT_ID,STATUS,CREATE_DT,CREATOR,MODIFY_DT,MODIFIER,PRODUCT_ID) values (720231027000000378,'Y',to_timestamp('23/10/27 00:00:00.000000000','RR/MM/DD HH24:MI:SSXFF'),'computer',null,null,372);
Insert into SPECIAL_PRODUCT (SPECIAL_PRODUCT_ID,STATUS,CREATE_DT,CREATOR,MODIFY_DT,MODIFIER,PRODUCT_ID) values (820231027000000378,'Y',to_timestamp('23/10/27 00:00:00.000000000','RR/MM/DD HH24:MI:SSXFF'),'computer',null,null,22);
Insert into SPECIAL_PRODUCT (SPECIAL_PRODUCT_ID,STATUS,CREATE_DT,CREATOR,MODIFY_DT,MODIFIER,PRODUCT_ID) values (920231027000000378,'Y',to_timestamp('23/10/27 00:00:00.000000000','RR/MM/DD HH24:MI:SSXFF'),'computer',null,null,508);
Insert into SPECIAL_PRODUCT (SPECIAL_PRODUCT_ID,STATUS,CREATE_DT,CREATOR,MODIFY_DT,MODIFIER,PRODUCT_ID) values (20231030024800820,'Y',to_timestamp('23/10/30 02:48:00.000000000','RR/MM/DD HH24:MI:SSXFF'),'computer',null,null,11);
Insert into SPECIAL_PRODUCT (SPECIAL_PRODUCT_ID,STATUS,CREATE_DT,CREATOR,MODIFY_DT,MODIFIER,PRODUCT_ID) values (120231030024800820,'Y',to_timestamp('23/10/30 02:48:00.000000000','RR/MM/DD HH24:MI:SSXFF'),'computer',null,null,17);
Insert into SPECIAL_PRODUCT (SPECIAL_PRODUCT_ID,STATUS,CREATE_DT,CREATOR,MODIFY_DT,MODIFIER,PRODUCT_ID) values (220231030024800820,'Y',to_timestamp('23/10/30 02:48:00.000000000','RR/MM/DD HH24:MI:SSXFF'),'computer',null,null,3);
Insert into SPECIAL_PRODUCT (SPECIAL_PRODUCT_ID,STATUS,CREATE_DT,CREATOR,MODIFY_DT,MODIFIER,PRODUCT_ID) values (320231030024800820,'Y',to_timestamp('23/10/30 02:48:00.000000000','RR/MM/DD HH24:MI:SSXFF'),'computer',null,null,19);
Insert into SPECIAL_PRODUCT (SPECIAL_PRODUCT_ID,STATUS,CREATE_DT,CREATOR,MODIFY_DT,MODIFIER,PRODUCT_ID) values (420231030024800820,'Y',to_timestamp('23/10/30 02:48:00.000000000','RR/MM/DD HH24:MI:SSXFF'),'computer',null,null,34);
Insert into SPECIAL_PRODUCT (SPECIAL_PRODUCT_ID,STATUS,CREATE_DT,CREATOR,MODIFY_DT,MODIFIER,PRODUCT_ID) values (520231030024800820,'Y',to_timestamp('23/10/30 02:48:00.000000000','RR/MM/DD HH24:MI:SSXFF'),'computer',null,null,22);
Insert into SPECIAL_PRODUCT (SPECIAL_PRODUCT_ID,STATUS,CREATE_DT,CREATOR,MODIFY_DT,MODIFIER,PRODUCT_ID) values (620231030024800820,'Y',to_timestamp('23/10/30 02:48:00.000000000','RR/MM/DD HH24:MI:SSXFF'),'computer',null,null,9);
Insert into SPECIAL_PRODUCT (SPECIAL_PRODUCT_ID,STATUS,CREATE_DT,CREATOR,MODIFY_DT,MODIFIER,PRODUCT_ID) values (720231030024800820,'Y',to_timestamp('23/10/30 02:48:00.000000000','RR/MM/DD HH24:MI:SSXFF'),'computer',null,null,474);
Insert into SPECIAL_PRODUCT (SPECIAL_PRODUCT_ID,STATUS,CREATE_DT,CREATOR,MODIFY_DT,MODIFIER,PRODUCT_ID) values (820231030024800820,'Y',to_timestamp('23/10/30 02:48:00.000000000','RR/MM/DD HH24:MI:SSXFF'),'computer',null,null,511);
Insert into SPECIAL_PRODUCT (SPECIAL_PRODUCT_ID,STATUS,CREATE_DT,CREATOR,MODIFY_DT,MODIFIER,PRODUCT_ID) values (920231030024800820,'Y',to_timestamp('23/10/30 02:48:00.000000000','RR/MM/DD HH24:MI:SSXFF'),'computer',null,null,6);
Insert into SPECIAL_PRODUCT (SPECIAL_PRODUCT_ID,STATUS,CREATE_DT,CREATOR,MODIFY_DT,MODIFIER,PRODUCT_ID) values (20231012090700105,'Y',to_timestamp('23/10/12 09:07:00.000000000','RR/MM/DD HH24:MI:SSXFF'),'computer',null,null,19);
Insert into SPECIAL_PRODUCT (SPECIAL_PRODUCT_ID,STATUS,CREATE_DT,CREATOR,MODIFY_DT,MODIFIER,PRODUCT_ID) values (120231012090700105,'Y',to_timestamp('23/10/12 09:07:00.000000000','RR/MM/DD HH24:MI:SSXFF'),'computer',null,null,11);
Insert into SPECIAL_PRODUCT (SPECIAL_PRODUCT_ID,STATUS,CREATE_DT,CREATOR,MODIFY_DT,MODIFIER,PRODUCT_ID) values (220231012090700105,'Y',to_timestamp('23/10/12 09:07:00.000000000','RR/MM/DD HH24:MI:SSXFF'),'computer',null,null,22);
Insert into SPECIAL_PRODUCT (SPECIAL_PRODUCT_ID,STATUS,CREATE_DT,CREATOR,MODIFY_DT,MODIFIER,PRODUCT_ID) values (320231012090700105,'Y',to_timestamp('23/10/12 09:07:00.000000000','RR/MM/DD HH24:MI:SSXFF'),'computer',null,null,9);
Insert into SPECIAL_PRODUCT (SPECIAL_PRODUCT_ID,STATUS,CREATE_DT,CREATOR,MODIFY_DT,MODIFIER,PRODUCT_ID) values (420231012090700105,'Y',to_timestamp('23/10/12 09:07:00.000000000','RR/MM/DD HH24:MI:SSXFF'),'computer',null,null,474);
Insert into SPECIAL_PRODUCT (SPECIAL_PRODUCT_ID,STATUS,CREATE_DT,CREATOR,MODIFY_DT,MODIFIER,PRODUCT_ID) values (520231012090700105,'Y',to_timestamp('23/10/12 09:07:00.000000000','RR/MM/DD HH24:MI:SSXFF'),'computer',null,null,16);
Insert into SPECIAL_PRODUCT (SPECIAL_PRODUCT_ID,STATUS,CREATE_DT,CREATOR,MODIFY_DT,MODIFIER,PRODUCT_ID) values (620231012090700105,'Y',to_timestamp('23/10/12 09:07:00.000000000','RR/MM/DD HH24:MI:SSXFF'),'computer',null,null,372);
Insert into SPECIAL_PRODUCT (SPECIAL_PRODUCT_ID,STATUS,CREATE_DT,CREATOR,MODIFY_DT,MODIFIER,PRODUCT_ID) values (720231012090700105,'Y',to_timestamp('23/10/12 09:07:00.000000000','RR/MM/DD HH24:MI:SSXFF'),'computer',null,null,23);
Insert into SPECIAL_PRODUCT (SPECIAL_PRODUCT_ID,STATUS,CREATE_DT,CREATOR,MODIFY_DT,MODIFIER,PRODUCT_ID) values (820231012090700105,'Y',to_timestamp('23/10/12 09:07:00.000000000','RR/MM/DD HH24:MI:SSXFF'),'computer',null,null,13);
Insert into SPECIAL_PRODUCT (SPECIAL_PRODUCT_ID,STATUS,CREATE_DT,CREATOR,MODIFY_DT,MODIFIER,PRODUCT_ID) values (920231012090700105,'Y',to_timestamp('23/10/12 09:07:00.000000000','RR/MM/DD HH24:MI:SSXFF'),'computer',to_timestamp('23/10/12 15:10:06.790000000','RR/MM/DD HH24:MI:SSXFF'),'admin',471);
commit;
REM INSERTING into "부서"
SET DEFINE OFF;
Insert into "부서" ("부서코드","부서명") values (10,'기획부');
Insert into "부서" ("부서코드","부서명") values (20,'영업부
');
Insert into "부서" ("부서코드","부서명") values (30,'디자부');
commit;
REM INSERTING into "직원"
SET DEFINE OFF;
Insert into "직원" ("부서코드","직원코드","직원명") values (10,1,'홍길동');
Insert into "직원" ("부서코드","직원코드","직원명") values (20,4,'김철수');
Insert into "직원" ("부서코드","직원코드","직원명") values (20,3,'임꺽정');
Insert into "직원" ("부서코드","직원코드","직원명") values (10,2,'홍길동');
Insert into "직원" ("부서코드","직원코드","직원명") values (20,5,'이영희');
Insert into "직원" ("부서코드","직원코드","직원명") values (30,6,'이순신');
Insert into "직원" ("부서코드","직원코드","직원명") values (30,7,'안중근');
commit;
REM INSERTING into EMP_DETAILS_VIEW
SET DEFINE OFF;
--------------------------------------------------------
--  DDL for Index IDX_PRODUCT_NM
--------------------------------------------------------

  CREATE INDEX "IDX_PRODUCT_NM" ON "PRODUCT" ("PRODUCT_NM") 
   INDEXTYPE IS "CTXSYS"."CONTEXT" ;
--------------------------------------------------------
--  DDL for Index REVIEW_HEART_GROUP_PK
--------------------------------------------------------

  CREATE UNIQUE INDEX "REVIEW_HEART_GROUP_PK" ON "REVIEW_HEART" ("REVIEW_ID", "HEART_CLICK_CUSTOMER_ID") 
  ;
--------------------------------------------------------
--  DDL for Index SYS_C008005
--------------------------------------------------------

  CREATE UNIQUE INDEX "SYS_C008005" ON "COMMON_CODE" ("COMMON_CODE_ID") 
  ;
--------------------------------------------------------
--  DDL for Index SYS_C008048
--------------------------------------------------------

  CREATE UNIQUE INDEX "SYS_C008048" ON "CUSTOMER" ("CUSTOMER_ID") 
  ;
--------------------------------------------------------
--  DDL for Index SYS_C008057
--------------------------------------------------------

  CREATE UNIQUE INDEX "SYS_C008057" ON "SPECIAL_PRODUCT" ("SPECIAL_PRODUCT_ID") 
  ;
--------------------------------------------------------
--  DDL for Index SYS_C008083
--------------------------------------------------------

  CREATE UNIQUE INDEX "SYS_C008083" ON "POINT" ("POINT_ID") 
  ;
--------------------------------------------------------
--  DDL for Index SYS_C008110
--------------------------------------------------------

  CREATE UNIQUE INDEX "SYS_C008110" ON "CATEGORY" ("CATEGORY_ID") 
  ;
--------------------------------------------------------
--  DDL for Index SYS_C008119
--------------------------------------------------------

  CREATE UNIQUE INDEX "SYS_C008119" ON "PRODUCT" ("PRODUCT_ID") 
  ;
--------------------------------------------------------
--  DDL for Index SYS_C008133
--------------------------------------------------------

  CREATE UNIQUE INDEX "SYS_C008133" ON "PURCHASE" ("PURCHASE_ID") 
  ;
--------------------------------------------------------
--  DDL for Index SYS_C008144
--------------------------------------------------------

  CREATE UNIQUE INDEX "SYS_C008144" ON "CART" ("CART_ID") 
  ;
--------------------------------------------------------
--  DDL for Index SYS_C008154
--------------------------------------------------------

  CREATE UNIQUE INDEX "SYS_C008154" ON "INQUIRY" ("INQUIRY_ID") 
  ;
--------------------------------------------------------
--  DDL for Index SYS_C008165
--------------------------------------------------------

  CREATE UNIQUE INDEX "SYS_C008165" ON "REVIEW" ("REVIEW_ID") 
  ;
--------------------------------------------------------
--  DDL for Index SYS_C008187
--------------------------------------------------------

  CREATE UNIQUE INDEX "SYS_C008187" ON "COUPON" ("COUPON_ID") 
  ;
--------------------------------------------------------
--  DDL for Index SYS_C008195
--------------------------------------------------------

  CREATE UNIQUE INDEX "SYS_C008195" ON "CUSTOMER_COUPON" ("CUSTOMER_COUPON_ID") 
  ;
--------------------------------------------------------
--  DDL for Index SYS_C008207
--------------------------------------------------------

  CREATE UNIQUE INDEX "SYS_C008207" ON "SHIPPING" ("SHIPPING_ID") 
  ;
--------------------------------------------------------
--  DDL for Index SYS_C008219
--------------------------------------------------------

  CREATE UNIQUE INDEX "SYS_C008219" ON "PRODUCT" ("PRODUCT_CODE") 
  ;
--------------------------------------------------------
--  DDL for Index SYS_C008765
--------------------------------------------------------

  CREATE UNIQUE INDEX "SYS_C008765" ON "부서" ("부서코드") 
  ;
--------------------------------------------------------
--  DDL for Index UNIQUE_COUPON_SN
--------------------------------------------------------

  CREATE UNIQUE INDEX "UNIQUE_COUPON_SN" ON "COUPON" ("COUPON_SN") 
  ;
--------------------------------------------------------
--  DDL for Index SYS_C008144
--------------------------------------------------------

  CREATE UNIQUE INDEX "SYS_C008144" ON "CART" ("CART_ID") 
  ;
--------------------------------------------------------
--  DDL for Index SYS_C008110
--------------------------------------------------------

  CREATE UNIQUE INDEX "SYS_C008110" ON "CATEGORY" ("CATEGORY_ID") 
  ;
--------------------------------------------------------
--  DDL for Index SYS_C008005
--------------------------------------------------------

  CREATE UNIQUE INDEX "SYS_C008005" ON "COMMON_CODE" ("COMMON_CODE_ID") 
  ;
--------------------------------------------------------
--  DDL for Index UNIQUE_COUPON_SN
--------------------------------------------------------

  CREATE UNIQUE INDEX "UNIQUE_COUPON_SN" ON "COUPON" ("COUPON_SN") 
  ;
--------------------------------------------------------
--  DDL for Index SYS_C008187
--------------------------------------------------------

  CREATE UNIQUE INDEX "SYS_C008187" ON "COUPON" ("COUPON_ID") 
  ;
--------------------------------------------------------
--  DDL for Index SYS_C008048
--------------------------------------------------------

  CREATE UNIQUE INDEX "SYS_C008048" ON "CUSTOMER" ("CUSTOMER_ID") 
  ;
--------------------------------------------------------
--  DDL for Index SYS_C008195
--------------------------------------------------------

  CREATE UNIQUE INDEX "SYS_C008195" ON "CUSTOMER_COUPON" ("CUSTOMER_COUPON_ID") 
  ;
--------------------------------------------------------
--  DDL for Index SYS_C008154
--------------------------------------------------------

  CREATE UNIQUE INDEX "SYS_C008154" ON "INQUIRY" ("INQUIRY_ID") 
  ;
--------------------------------------------------------
--  DDL for Index SYS_C008083
--------------------------------------------------------

  CREATE UNIQUE INDEX "SYS_C008083" ON "POINT" ("POINT_ID") 
  ;
--------------------------------------------------------
--  DDL for Index SYS_C008219
--------------------------------------------------------

  CREATE UNIQUE INDEX "SYS_C008219" ON "PRODUCT" ("PRODUCT_CODE") 
  ;
--------------------------------------------------------
--  DDL for Index IDX_PRODUCT_NM
--------------------------------------------------------

  CREATE INDEX "IDX_PRODUCT_NM" ON "PRODUCT" ("PRODUCT_NM") 
   INDEXTYPE IS "CTXSYS"."CONTEXT" ;
--------------------------------------------------------
--  DDL for Index SYS_C008119
--------------------------------------------------------

  CREATE UNIQUE INDEX "SYS_C008119" ON "PRODUCT" ("PRODUCT_ID") 
  ;
--------------------------------------------------------
--  DDL for Index SYS_C008133
--------------------------------------------------------

  CREATE UNIQUE INDEX "SYS_C008133" ON "PURCHASE" ("PURCHASE_ID") 
  ;
--------------------------------------------------------
--  DDL for Index SYS_C008165
--------------------------------------------------------

  CREATE UNIQUE INDEX "SYS_C008165" ON "REVIEW" ("REVIEW_ID") 
  ;
--------------------------------------------------------
--  DDL for Index REVIEW_HEART_GROUP_PK
--------------------------------------------------------

  CREATE UNIQUE INDEX "REVIEW_HEART_GROUP_PK" ON "REVIEW_HEART" ("REVIEW_ID", "HEART_CLICK_CUSTOMER_ID") 
  ;
--------------------------------------------------------
--  DDL for Index SYS_C008207
--------------------------------------------------------

  CREATE UNIQUE INDEX "SYS_C008207" ON "SHIPPING" ("SHIPPING_ID") 
  ;
--------------------------------------------------------
--  DDL for Index SYS_C008057
--------------------------------------------------------

  CREATE UNIQUE INDEX "SYS_C008057" ON "SPECIAL_PRODUCT" ("SPECIAL_PRODUCT_ID") 
  ;
--------------------------------------------------------
--  DDL for Index SYS_C008765
--------------------------------------------------------

  CREATE UNIQUE INDEX "SYS_C008765" ON "부서" ("부서코드") 
  ;
--------------------------------------------------------
--  DDL for Procedure ADD_JOB_HISTORY
--------------------------------------------------------
set define off;

  CREATE OR REPLACE PROCEDURE "ADD_JOB_HISTORY" 
  (  p_emp_id          job_history.employee_id%type
   , p_start_date      job_history.start_date%type
   , p_end_date        job_history.end_date%type
   , p_job_id          job_history.job_id%type
   , p_department_id   job_history.department_id%type
   )
IS
BEGIN
  INSERT INTO job_history (employee_id, start_date, end_date,
                           job_id, department_id)
    VALUES(p_emp_id, p_start_date, p_end_date, p_job_id, p_department_id);
END add_job_history;

/
--------------------------------------------------------
--  DDL for Procedure SECURE_DML
--------------------------------------------------------
set define off;

  CREATE OR REPLACE PROCEDURE "SECURE_DML" 
IS
BEGIN
  IF TO_CHAR (SYSDATE, 'HH24:MI') NOT BETWEEN '08:00' AND '18:00'
        OR TO_CHAR (SYSDATE, 'DY') IN ('SAT', 'SUN') THEN
	RAISE_APPLICATION_ERROR (-20205,
		'You may only make changes during normal office hours');
  END IF;
END secure_dml;

/
--------------------------------------------------------
--  DDL for Procedure USER_CREATE
--------------------------------------------------------
set define off;

  CREATE OR REPLACE PROCEDURE "USER_CREATE" (
    a_userid        IN  users.userid%TYPE, 
    a_username      IN  users.username%TYPE,
    a_userpassword  IN  users.userpassword%TYPE,
    a_userage       IN  users.userage%TYPE,
    a_useremail     IN  users.useremail%TYPE,
    a_rows          OUT PLS_INTEGER
) 
IS
BEGIN
    INSERT INTO users (userid, username, userpassword, userage, useremail)
    VALUES (a_userid, a_username, a_userpassword,  a_userage, a_useremail);
    a_rows := SQL%ROWCOUNT;
    COMMIT;
END;

/
--------------------------------------------------------
--  DDL for Function FUNC1
--------------------------------------------------------

  CREATE OR REPLACE FUNCTION "FUNC1" (
   PRODUCT_ID IN NUMBER
)
RETURN VARCHAR2
IS
    PRODUCT_NAME VARCHAR2(100);
BEGIN
    EXECUTE IMMEDIATE
    'SELECT PRODUCT_NM
    FROM
    PRODUCT
    WHERE
    PRODUCT_ID = '||  PRODUCT_ID
    INTO PRODUCT_NM;
    RETURN PRODUCT_NM;
END;

/
--------------------------------------------------------
--  DDL for Function USER_LOGIN
--------------------------------------------------------

  CREATE OR REPLACE FUNCTION "USER_LOGIN" (
    a_userid        users.userid%TYPE, 
    a_userpassword  users.userpassword%TYPE
) RETURN PLS_INTEGER
IS
    v_userpassword users.userpassword%TYPE;
    v_result PLS_INTEGER;
BEGIN
    SELECT userpassword INTO v_userpassword
    FROM users
    WHERE userid = a_userid;

    IF v_userpassword = a_userpassword THEN
        RETURN 0;
    ELSE
        RETURN 1;
    END IF;
EXCEPTION
    WHEN NO_DATA_FOUND THEN 
        RETURN 2;
END;

/
--------------------------------------------------------
--  Constraints for Table CART
--------------------------------------------------------

  ALTER TABLE "CART" MODIFY ("CHECKED" NOT NULL ENABLE);
  ALTER TABLE "CART" ADD PRIMARY KEY ("CART_ID") ENABLE;
  ALTER TABLE "CART" MODIFY ("CREATOR" NOT NULL ENABLE);
  ALTER TABLE "CART" MODIFY ("CREATE_DT" NOT NULL ENABLE);
  ALTER TABLE "CART" MODIFY ("STATUS" NOT NULL ENABLE);
  ALTER TABLE "CART" MODIFY ("CART_COUNT" NOT NULL ENABLE);
  ALTER TABLE "CART" MODIFY ("CUSTOMER_ID" NOT NULL ENABLE);
  ALTER TABLE "CART" MODIFY ("PRODUCT_ID" NOT NULL ENABLE);
--------------------------------------------------------
--  Constraints for Table CATEGORY
--------------------------------------------------------

  ALTER TABLE "CATEGORY" ADD PRIMARY KEY ("CATEGORY_ID") ENABLE;
  ALTER TABLE "CATEGORY" MODIFY ("CREATOR" NOT NULL ENABLE);
  ALTER TABLE "CATEGORY" MODIFY ("CREATE_DT" NOT NULL ENABLE);
  ALTER TABLE "CATEGORY" MODIFY ("STATUS" NOT NULL ENABLE);
  ALTER TABLE "CATEGORY" MODIFY ("CATEGORY_NM" NOT NULL ENABLE);
  ALTER TABLE "CATEGORY" MODIFY ("CATEGORY_IMAGE" NOT NULL ENABLE);
  ALTER TABLE "CATEGORY" MODIFY ("CATEGORY_ID" NOT NULL ENABLE);
--------------------------------------------------------
--  Constraints for Table COMMON_CODE
--------------------------------------------------------

  ALTER TABLE "COMMON_CODE" ADD PRIMARY KEY ("COMMON_CODE_ID") ENABLE;
  ALTER TABLE "COMMON_CODE" MODIFY ("CREATOR" NOT NULL ENABLE);
  ALTER TABLE "COMMON_CODE" MODIFY ("CREATE_DT" NOT NULL ENABLE);
  ALTER TABLE "COMMON_CODE" MODIFY ("STATUS" NOT NULL ENABLE);
  ALTER TABLE "COMMON_CODE" MODIFY ("SORT_ORDER" NOT NULL ENABLE);
  ALTER TABLE "COMMON_CODE" MODIFY ("COMMON_CODE_NM" NOT NULL ENABLE);
--------------------------------------------------------
--  Constraints for Table COUPON
--------------------------------------------------------

  ALTER TABLE "COUPON" ADD CONSTRAINT "UNIQUE_COUPON_SN" UNIQUE ("COUPON_SN") ENABLE;
  ALTER TABLE "COUPON" ADD PRIMARY KEY ("COUPON_ID") ENABLE;
  ALTER TABLE "COUPON" MODIFY ("CREATOR" NOT NULL ENABLE);
  ALTER TABLE "COUPON" MODIFY ("CREATE_DT" NOT NULL ENABLE);
  ALTER TABLE "COUPON" MODIFY ("STATUS" NOT NULL ENABLE);
  ALTER TABLE "COUPON" MODIFY ("COUPON_EPR_DT" NOT NULL ENABLE);
  ALTER TABLE "COUPON" MODIFY ("COUPON_PBL_DT" NOT NULL ENABLE);
  ALTER TABLE "COUPON" MODIFY ("COUPON_DSCNT_RATE" NOT NULL ENABLE);
  ALTER TABLE "COUPON" MODIFY ("COUPON_NM" NOT NULL ENABLE);
--------------------------------------------------------
--  Constraints for Table CUSTOMER
--------------------------------------------------------

  ALTER TABLE "CUSTOMER" MODIFY ("LOGIN_METHOD" NOT NULL ENABLE);
  ALTER TABLE "CUSTOMER" ADD PRIMARY KEY ("CUSTOMER_ID") ENABLE;
  ALTER TABLE "CUSTOMER" MODIFY ("CREATOR" NOT NULL ENABLE);
  ALTER TABLE "CUSTOMER" MODIFY ("CREATE_DT" NOT NULL ENABLE);
  ALTER TABLE "CUSTOMER" MODIFY ("STATUS" NOT NULL ENABLE);
  ALTER TABLE "CUSTOMER" MODIFY ("CUSTOMER_DV" NOT NULL ENABLE);
  ALTER TABLE "CUSTOMER" MODIFY ("CUSTOMER_TELNO" NOT NULL ENABLE);
  ALTER TABLE "CUSTOMER" MODIFY ("CUSTOMER_NM" NOT NULL ENABLE);
  ALTER TABLE "CUSTOMER" MODIFY ("CUSTOMER_PW" NOT NULL ENABLE);
  ALTER TABLE "CUSTOMER" MODIFY ("CUSTOMER_EMAIL" NOT NULL ENABLE);
--------------------------------------------------------
--  Constraints for Table CUSTOMER_COUPON
--------------------------------------------------------

  ALTER TABLE "CUSTOMER_COUPON" ADD PRIMARY KEY ("CUSTOMER_COUPON_ID") ENABLE;
  ALTER TABLE "CUSTOMER_COUPON" MODIFY ("CREATOR" NOT NULL ENABLE);
  ALTER TABLE "CUSTOMER_COUPON" MODIFY ("CREATE_DT" NOT NULL ENABLE);
  ALTER TABLE "CUSTOMER_COUPON" MODIFY ("STATUS" NOT NULL ENABLE);
  ALTER TABLE "CUSTOMER_COUPON" MODIFY ("COUPON_USE_DV" NOT NULL ENABLE);
  ALTER TABLE "CUSTOMER_COUPON" MODIFY ("COUPON_ID" NOT NULL ENABLE);
  ALTER TABLE "CUSTOMER_COUPON" MODIFY ("CUSTOMER_ID" NOT NULL ENABLE);
--------------------------------------------------------
--  Constraints for Table INQUIRY
--------------------------------------------------------

  ALTER TABLE "INQUIRY" ADD PRIMARY KEY ("INQUIRY_ID") ENABLE;
  ALTER TABLE "INQUIRY" MODIFY ("CREATOR" NOT NULL ENABLE);
  ALTER TABLE "INQUIRY" MODIFY ("CREATE_DT" NOT NULL ENABLE);
  ALTER TABLE "INQUIRY" MODIFY ("STATUS" NOT NULL ENABLE);
  ALTER TABLE "INQUIRY" MODIFY ("INQUIRY_ANS_DV" NOT NULL ENABLE);
  ALTER TABLE "INQUIRY" MODIFY ("INQUIRY_CONTENT" NOT NULL ENABLE);
  ALTER TABLE "INQUIRY" MODIFY ("CUSTOMER_ID" NOT NULL ENABLE);
  ALTER TABLE "INQUIRY" MODIFY ("PRODUCT_ID" NOT NULL ENABLE);
--------------------------------------------------------
--  Constraints for Table POINT
--------------------------------------------------------

  ALTER TABLE "POINT" ADD PRIMARY KEY ("POINT_ID") ENABLE;
  ALTER TABLE "POINT" MODIFY ("CREATOR" NOT NULL ENABLE);
  ALTER TABLE "POINT" MODIFY ("CREATE_DT" NOT NULL ENABLE);
  ALTER TABLE "POINT" MODIFY ("STATUS" NOT NULL ENABLE);
  ALTER TABLE "POINT" MODIFY ("POINT_USE_DV" NOT NULL ENABLE);
  ALTER TABLE "POINT" MODIFY ("POINT_UPDATED_CONTENT" NOT NULL ENABLE);
  ALTER TABLE "POINT" MODIFY ("POINT_AFTER" NOT NULL ENABLE);
  ALTER TABLE "POINT" MODIFY ("POINT_BEFORE" NOT NULL ENABLE);
  ALTER TABLE "POINT" MODIFY ("CUSTOMER_ID" NOT NULL ENABLE);
--------------------------------------------------------
--  Constraints for Table PRODUCT
--------------------------------------------------------

  ALTER TABLE "PRODUCT" ADD PRIMARY KEY ("PRODUCT_ID") ENABLE;
  ALTER TABLE "PRODUCT" MODIFY ("CREATOR" NOT NULL ENABLE);
  ALTER TABLE "PRODUCT" MODIFY ("CREATE_DT" NOT NULL ENABLE);
  ALTER TABLE "PRODUCT" MODIFY ("STATUS" NOT NULL ENABLE);
  ALTER TABLE "PRODUCT" MODIFY ("PRODUCT_IMAGE_FIRST" NOT NULL ENABLE);
  ALTER TABLE "PRODUCT" MODIFY ("PRODUCT_STOCK" NOT NULL ENABLE);
  ALTER TABLE "PRODUCT" MODIFY ("PRODUCT_PRICE" NOT NULL ENABLE);
  ALTER TABLE "PRODUCT" MODIFY ("PRODUCT_NM" NOT NULL ENABLE);
  ALTER TABLE "PRODUCT" MODIFY ("CATEGORY_ID" NOT NULL ENABLE);
  ALTER TABLE "PRODUCT" MODIFY ("PRODUCT_MAX_GET" NOT NULL ENABLE);
  ALTER TABLE "PRODUCT" MODIFY ("DISCOUNT_RATE" NOT NULL ENABLE);
  ALTER TABLE "PRODUCT" MODIFY ("PRODUCT_GROUP_ID" NOT NULL ENABLE);
  ALTER TABLE "PRODUCT" ADD UNIQUE ("PRODUCT_CODE") ENABLE;
--------------------------------------------------------
--  Constraints for Table PURCHASE
--------------------------------------------------------

  ALTER TABLE "PURCHASE" ADD PRIMARY KEY ("PURCHASE_ID") ENABLE;
  ALTER TABLE "PURCHASE" MODIFY ("CREATOR" NOT NULL ENABLE);
  ALTER TABLE "PURCHASE" MODIFY ("CREATE_DT" NOT NULL ENABLE);
  ALTER TABLE "PURCHASE" MODIFY ("STATUS" NOT NULL ENABLE);
  ALTER TABLE "PURCHASE" MODIFY ("PURCHASE_DV" NOT NULL ENABLE);
  ALTER TABLE "PURCHASE" MODIFY ("ORDER_REQUEST" NOT NULL ENABLE);
  ALTER TABLE "PURCHASE" MODIFY ("TOTAL_COST" NOT NULL ENABLE);
  ALTER TABLE "PURCHASE" MODIFY ("PURCHASE_PRICE" NOT NULL ENABLE);
  ALTER TABLE "PURCHASE" MODIFY ("PURCHASE_COUNT" NOT NULL ENABLE);
  ALTER TABLE "PURCHASE" MODIFY ("PURCHASE_NUM" NOT NULL ENABLE);
  ALTER TABLE "PURCHASE" MODIFY ("SHIPPING_ID" NOT NULL ENABLE);
  ALTER TABLE "PURCHASE" MODIFY ("CUSTOMER_ID" NOT NULL ENABLE);
  ALTER TABLE "PURCHASE" MODIFY ("PRODUCT_ID" NOT NULL ENABLE);
--------------------------------------------------------
--  Constraints for Table REVIEW
--------------------------------------------------------

  ALTER TABLE "REVIEW" MODIFY ("PURCHASE_ID" NOT NULL ENABLE);
  ALTER TABLE "REVIEW" MODIFY ("REVIEW_TITLE" NOT NULL ENABLE);
  ALTER TABLE "REVIEW" ADD PRIMARY KEY ("REVIEW_ID") ENABLE;
  ALTER TABLE "REVIEW" MODIFY ("CREATOR" NOT NULL ENABLE);
  ALTER TABLE "REVIEW" MODIFY ("CREATE_DT" NOT NULL ENABLE);
  ALTER TABLE "REVIEW" MODIFY ("STATUS" NOT NULL ENABLE);
  ALTER TABLE "REVIEW" MODIFY ("REVIEW_STAR_POINT" NOT NULL ENABLE);
  ALTER TABLE "REVIEW" MODIFY ("REVIEW_CONTENT" NOT NULL ENABLE);
  ALTER TABLE "REVIEW" MODIFY ("CUSTOMER_ID" NOT NULL ENABLE);
  ALTER TABLE "REVIEW" MODIFY ("PRODUCT_ID" NOT NULL ENABLE);
--------------------------------------------------------
--  Constraints for Table REVIEW_HEART
--------------------------------------------------------

  ALTER TABLE "REVIEW_HEART" MODIFY ("CREATOR" NOT NULL ENABLE);
  ALTER TABLE "REVIEW_HEART" MODIFY ("CREATE_DT" NOT NULL ENABLE);
  ALTER TABLE "REVIEW_HEART" ADD CONSTRAINT "REVIEW_HEART_GROUP_PK" PRIMARY KEY ("REVIEW_ID", "HEART_CLICK_CUSTOMER_ID") ENABLE;
  ALTER TABLE "REVIEW_HEART" MODIFY ("HEART_CLICK_CUSTOMER_ID" NOT NULL ENABLE);
  ALTER TABLE "REVIEW_HEART" MODIFY ("REVIEW_ID" NOT NULL ENABLE);
--------------------------------------------------------
--  Constraints for Table SHIPPING
--------------------------------------------------------

  ALTER TABLE "SHIPPING" ADD PRIMARY KEY ("SHIPPING_ID") ENABLE;
  ALTER TABLE "SHIPPING" MODIFY ("CREATOR" NOT NULL ENABLE);
  ALTER TABLE "SHIPPING" MODIFY ("CREATE_DT" NOT NULL ENABLE);
  ALTER TABLE "SHIPPING" MODIFY ("STATUS" NOT NULL ENABLE);
  ALTER TABLE "SHIPPING" MODIFY ("SHIPPING_DV" NOT NULL ENABLE);
  ALTER TABLE "SHIPPING" MODIFY ("SHIPPING_ROAD_NM_ADDR" NOT NULL ENABLE);
  ALTER TABLE "SHIPPING" MODIFY ("SHIPPING_RECEIVER_TELNO" NOT NULL ENABLE);
  ALTER TABLE "SHIPPING" MODIFY ("SHIPPING_RECEIVER_NM" NOT NULL ENABLE);
  ALTER TABLE "SHIPPING" MODIFY ("CUSTOMER_ID" NOT NULL ENABLE);
--------------------------------------------------------
--  Constraints for Table SPECIAL_PRODUCT
--------------------------------------------------------

  ALTER TABLE "SPECIAL_PRODUCT" ADD PRIMARY KEY ("SPECIAL_PRODUCT_ID") ENABLE;
  ALTER TABLE "SPECIAL_PRODUCT" MODIFY ("CREATOR" NOT NULL ENABLE);
  ALTER TABLE "SPECIAL_PRODUCT" MODIFY ("CREATE_DT" NOT NULL ENABLE);
  ALTER TABLE "SPECIAL_PRODUCT" MODIFY ("STATUS" NOT NULL ENABLE);
  ALTER TABLE "SPECIAL_PRODUCT" MODIFY ("PRODUCT_ID" NOT NULL ENABLE);
--------------------------------------------------------
--  Constraints for Table 부서
--------------------------------------------------------

  ALTER TABLE "부서" ADD PRIMARY KEY ("부서코드") ENABLE;
  ALTER TABLE "부서" MODIFY ("부서명" NOT NULL ENABLE);
  ALTER TABLE "부서" MODIFY ("부서코드" NOT NULL ENABLE);
--------------------------------------------------------
--  Constraints for Table 직원
--------------------------------------------------------

  ALTER TABLE "직원" MODIFY ("직원명" NOT NULL ENABLE);
  ALTER TABLE "직원" MODIFY ("직원코드" NOT NULL ENABLE);
  ALTER TABLE "직원" MODIFY ("부서코드" NOT NULL ENABLE);
--------------------------------------------------------
--  Ref Constraints for Table CART
--------------------------------------------------------

  ALTER TABLE "CART" ADD CONSTRAINT "FK_CART_CUSTOMER_ID" FOREIGN KEY ("CUSTOMER_ID")
	  REFERENCES "CUSTOMER" ("CUSTOMER_ID") ENABLE;
  ALTER TABLE "CART" ADD CONSTRAINT "FK_CART_PRODUCT_ID" FOREIGN KEY ("PRODUCT_ID")
	  REFERENCES "PRODUCT" ("PRODUCT_ID") ENABLE;
--------------------------------------------------------
--  Ref Constraints for Table COUPON
--------------------------------------------------------

  ALTER TABLE "COUPON" ADD CONSTRAINT "FK_COUPON_CATEGORY_ID" FOREIGN KEY ("CATEGORY_ID")
	  REFERENCES "CATEGORY" ("CATEGORY_ID") ENABLE;
--------------------------------------------------------
--  Ref Constraints for Table CUSTOMER
--------------------------------------------------------

  ALTER TABLE "CUSTOMER" ADD CONSTRAINT "FK_CUSTOMER_DV" FOREIGN KEY ("CUSTOMER_DV")
	  REFERENCES "COMMON_CODE" ("COMMON_CODE_ID") ENABLE;
--------------------------------------------------------
--  Ref Constraints for Table CUSTOMER_COUPON
--------------------------------------------------------

  ALTER TABLE "CUSTOMER_COUPON" ADD CONSTRAINT "FK_CUSTOMER_COUPON_CUSTOMER_ID" FOREIGN KEY ("CUSTOMER_ID")
	  REFERENCES "CUSTOMER" ("CUSTOMER_ID") ENABLE;
  ALTER TABLE "CUSTOMER_COUPON" ADD CONSTRAINT "FK_CUSTOMER_COUPON_ID" FOREIGN KEY ("COUPON_ID")
	  REFERENCES "COUPON" ("COUPON_ID") ENABLE;
  ALTER TABLE "CUSTOMER_COUPON" ADD CONSTRAINT "FK_CUSTOMER_COUPON_USE_DV" FOREIGN KEY ("COUPON_USE_DV")
	  REFERENCES "COMMON_CODE" ("COMMON_CODE_ID") ENABLE;
--------------------------------------------------------
--  Ref Constraints for Table INQUIRY
--------------------------------------------------------

  ALTER TABLE "INQUIRY" ADD CONSTRAINT "FK_INQUIRY_CUSTOMER_ID" FOREIGN KEY ("CUSTOMER_ID")
	  REFERENCES "CUSTOMER" ("CUSTOMER_ID") ENABLE;
  ALTER TABLE "INQUIRY" ADD CONSTRAINT "FK_INQUIRY_PRODUCT_ID" FOREIGN KEY ("PRODUCT_ID")
	  REFERENCES "PRODUCT" ("PRODUCT_ID") ENABLE;
--------------------------------------------------------
--  Ref Constraints for Table POINT
--------------------------------------------------------

  ALTER TABLE "POINT" ADD CONSTRAINT "FK_POINT_CUSTOMER_ID" FOREIGN KEY ("CUSTOMER_ID")
	  REFERENCES "CUSTOMER" ("CUSTOMER_ID") ENABLE;
  ALTER TABLE "POINT" ADD CONSTRAINT "FK_POINT_USE_DV" FOREIGN KEY ("POINT_USE_DV")
	  REFERENCES "COMMON_CODE" ("COMMON_CODE_ID") ENABLE;
--------------------------------------------------------
--  Ref Constraints for Table PRODUCT
--------------------------------------------------------

  ALTER TABLE "PRODUCT" ADD CONSTRAINT "FK_PRODUCT_CATEGORY_ID" FOREIGN KEY ("CATEGORY_ID")
	  REFERENCES "CATEGORY" ("CATEGORY_ID") ENABLE;
--------------------------------------------------------
--  Ref Constraints for Table PURCHASE
--------------------------------------------------------

  ALTER TABLE "PURCHASE" ADD CONSTRAINT "FK_PURCAHSE_PRODUCT_ID" FOREIGN KEY ("PRODUCT_ID")
	  REFERENCES "PRODUCT" ("PRODUCT_ID") ENABLE;
  ALTER TABLE "PURCHASE" ADD CONSTRAINT "FK_PURCHASE_CUSTOMER_ID" FOREIGN KEY ("CUSTOMER_ID")
	  REFERENCES "CUSTOMER" ("CUSTOMER_ID") ENABLE;
  ALTER TABLE "PURCHASE" ADD CONSTRAINT "FK_PURCHASE_DV" FOREIGN KEY ("PURCHASE_DV")
	  REFERENCES "COMMON_CODE" ("COMMON_CODE_ID") ENABLE;
--------------------------------------------------------
--  Ref Constraints for Table REVIEW
--------------------------------------------------------

  ALTER TABLE "REVIEW" ADD CONSTRAINT "FK_REVIEW_CUSTOMER_ID" FOREIGN KEY ("CUSTOMER_ID")
	  REFERENCES "CUSTOMER" ("CUSTOMER_ID") ENABLE;
  ALTER TABLE "REVIEW" ADD CONSTRAINT "FK_REVIEW_PRODUCT_ID" FOREIGN KEY ("PRODUCT_ID")
	  REFERENCES "PRODUCT" ("PRODUCT_ID") ENABLE;
  ALTER TABLE "REVIEW" ADD CONSTRAINT "PURCHASE_ID" FOREIGN KEY ("PURCHASE_ID")
	  REFERENCES "PURCHASE" ("PURCHASE_ID") ENABLE;
--------------------------------------------------------
--  Ref Constraints for Table REVIEW_HEART
--------------------------------------------------------

  ALTER TABLE "REVIEW_HEART" ADD CONSTRAINT "FK_B_1" FOREIGN KEY ("REVIEW_ID")
	  REFERENCES "REVIEW" ("REVIEW_ID") ON DELETE CASCADE ENABLE;
  ALTER TABLE "REVIEW_HEART" ADD CONSTRAINT "FK_HEART_CLICK_CUSTOMER_ID" FOREIGN KEY ("HEART_CLICK_CUSTOMER_ID")
	  REFERENCES "CUSTOMER" ("CUSTOMER_ID") ENABLE;
--------------------------------------------------------
--  Ref Constraints for Table SHIPPING
--------------------------------------------------------

  ALTER TABLE "SHIPPING" ADD CONSTRAINT "FK_SHIPPING_CUSTOMER_ID" FOREIGN KEY ("CUSTOMER_ID")
	  REFERENCES "CUSTOMER" ("CUSTOMER_ID") ENABLE;
  ALTER TABLE "SHIPPING" ADD CONSTRAINT "FK_SHIPPING_DV" FOREIGN KEY ("SHIPPING_DV")
	  REFERENCES "COMMON_CODE" ("COMMON_CODE_ID") ENABLE;
--------------------------------------------------------
--  Ref Constraints for Table SPECIAL_PRODUCT
--------------------------------------------------------

  ALTER TABLE "SPECIAL_PRODUCT" ADD FOREIGN KEY ("PRODUCT_ID")
	  REFERENCES "PRODUCT" ("PRODUCT_ID") ENABLE;
